merchant_id,merchant_name,mcc,merchant_category,business_type,city,state,onboarding_date,settlement_account,merchant_status,declared_avg_ticket_size,merchant_id_clean,mcc_clean,business_type_clean,merchant_category_clean,onboarding_date_clean,missing_onboarding_date_flag,invalid_onboarding_date_flag,settlement_account_clean,missing_settlement_account_flag,masked_settlement_account_flag,declared_avg_ticket_clean,missing_avg_ticket_flag,negative_avg_ticket_flag,merchant_id_core,merchant_category_conflict_flag,merchant_business_type_conflict_flag,merchant_status_conflict_flag,merchant_conflict_score,merchant_record_count
MCH 1001,Anand-Kothari,misc,kirana,Partnership,pune,Maharashtra,17/02/2026 06:54 AM,7962506762,Active,332.55,MCH1001,,Partnership,Unknown,2026-02-17 06:54:00,0,0,7962506762,0,0,332.55,0,0,1001,0,0,0,0,1
mch1002,"Apte, Saha and Edwin",05812,Food,private_limited,Bangalore,Karnataka,07/01/2026 09:01 AM,XXXX8596,A,1671.2,MCH1002,5812,Private Limited,Food & Restaurants,2026-01-07 09:01:00,0,0,XXXX8596,0,1,1671.2,0,0,1002,0,0,0,0,1
MCH1003,"Nayar, Batta and Barad",MCC-5699,Fashion,Private Limited,chennai,Tamil Nadu,,,Enabled,INR 792.91,MCH1003,5699,Private Limited,Clothing,,1,0,,1,0,792.91,0,0,1003,0,0,0,0,1
MCH 1004,Pillai-Mohan,4131,TRAVEL,SOLE-PROPRIETOR,LKO,Uttar Pradesh,04-08-2023,3448414449,Active,342.7,MCH1004,4131,Sole Proprietor,Transportation,2023-04-08 00:00:00,0,0,3448414449,0,0,342.7,0,0,1004,0,0,0,0,1
MCH 1005,SAGAR AND SONS,5912.0,MEDICAL_STORE,PARTNERSHIP,Ludhiana,Punjab,02-06-2024,IPTY9767700049775,A,967.53,MCH1005,5912,Partnership,Pharmacy & Medical,2024-02-06 00:00:00,0,0,IPTY9767700049775,0,0,967.53,0,0,1005,0,0,0,0,1
MCH1007,Jain-Wadhwa,7011,HOTEL_LODGING,Private Limited,chennai,Tamil Nadu,30/06/2025,,Disabled,-927.51,MCH1007,7011,Private Limited,Hotels & Hospitality,2025-06-30 00:00:00,0,0,,1,0,-927.51,0,1,1007,1,1,1,3,2
MCH1009,Bha11a-Dave,,Bus/Taxi,INDIVIDUAL,mumbai,Maharashtra,01-08-2024,BAVP5007663773178,Live,"Rs. 1,496",MCH1009,,Individual,Unknown,2024-01-08 00:00:00,0,0,BAVP5007663773178,0,0,1496.0,0,0,1009,0,0,0,0,1
MCH1010,Menon-Andra,,Grocery,PRIVATE-LIMITED,delhi,Delhi,11-17-2024,XXXX4837,Active,678.36,MCH1010,,Private Limited,Unknown,2024-11-17 00:00:00,0,0,XXXX4837,0,1,678.36,0,0,1010,0,0,0,0,1
MCH1011,Wable and Sons,5411.0,groceries,PRIVATE_LIMITED,Ludhiana,Punjab,02/11/2023,,Suspended,"6,536.07",MCH1011,5411,Private Limited,Grocery,2023-11-02 00:00:00,0,0,,1,0,6536.07,0,0,1011,0,0,1,1,2
MCH1014,"Raghavan, Barad and Bahl",05812,Food,PARTNERSHIP,Pune,Maharashtra,23-Mar-2024,PDTL9868386773357,ACTIVE,,MCH1014,5812,Partnership,Food & Restaurants,2024-03-23 00:00:00,0,0,PDTL9868386773357,0,0,,1,0,1014,1,0,1,2,2
MCH-1015,Mannan-Subramaniam,7011,Hotels,INDIVIDUAL,Hyd,Telangana,05-19-2024,,Active,-1116.83,MCH1015,7011,Individual,Hotels & Hospitality,2024-05-19 00:00:00,0,0,,1,0,-1116.83,0,1,1015,0,0,0,0,1
MCH 1016,"CHAR, BHARGAVA AND CHAUDHARY",05812,Restaurant,PRIVATE_LIMITED,Hyd,Telangana,,TODJ2902550918108,A,"Rs. 1,933",MCH1016,5812,Private Limited,Food & Restaurants,,1,0,TODJ2902550918108,0,0,1933.0,0,0,1016,1,1,1,3,3
MCH1018,Kannan-Khatri,5311.0,DEPT_STORE,INDIVIDUAL,Jalandar,Punjab,2023/03/19,,ACTIVE,"Rs. 1,791",MCH1018,5311,Individual,Department Stores,2023-03-19 00:00:00,0,0,,1,0,1791.0,0,0,1018,0,0,0,0,1
MCH1019,Iyer-Thaker,5699,Clothing,Partnership,Kolkata,West Bengal,23-May-2025,XXXX9462,Live,,MCH1019,5699,Partnership,Clothing,2025-05-23 00:00:00,0,0,XXXX9462,0,1,,1,0,1019,0,0,0,0,1
MCH1020,Garg-Kale,MCC-4131,transprt,sole_proprietor,ASR,Punjab,05-09-2023,,Enabled,1015.68,MCH1020,4131,Sole Proprietor,Transportation,2023-05-09 00:00:00,0,0,,1,0,1015.68,0,0,1020,0,0,0,0,1
MCH1021,VARGHESE-RAMACHANDRAN,5812,FOOD_SERVICES,PRIVATE-LIMITED,ASR,Punjab,,,ACTIVE,Rs. 734,MCH1021,5812,Private Limited,Food & Restaurants,,1,0,,1,0,734.0,0,0,1021,1,1,1,3,2
MCH1022,Ramesh-Bhat,,Other,PRIVATE-LIMITED,HYDERABAD,Telangana,,,A,"3,026.17",MCH1022,,Private Limited,Unknown,,1,0,,1,0,3026.17,0,0,1022,0,0,0,0,1
MCH 1032,Nori-Nigam,7011,Hotels,SOLE_PROPRIETOR,pune,Maharashtra,21/09/2025,DXHQ1859405929058,Enabled,652.29,MCH1032,7011,Sole Proprietor,Hotels & Hospitality,2025-09-21 00:00:00,0,0,DXHQ1859405929058,0,1,652.29,0,0,1032,0,1,1,2,3
MCH-1033,Sidhu and Sons,4814,phone service,individual,Jalandhar,Punjab,11-Sep-2023,WXKC0706100279623,Active,"1,871.48",MCH1033,4814,Individual,Telecom,2023-09-11 00:00:00,0,0,WXKC0706100279623,0,1,1871.48,0,0,1033,1,0,1,2,2
MCH1034,DEVI-CHAUDHARI,7011,Hospitality,private_limited,DELHI,Delhi,17/06/2024 10:15 PM,XXXX9097,Enabled,₹243.38,MCH1034,7011,Private Limited,Hotels & Hospitality,2024-06-17 22:15:00,0,0,XXXX9097,0,1,243.38,0,0,1034,0,0,0,0,1
MCH1035,  Minhas-Khatri  ,5812.0,Restaurants,SOLE-PROPRIETOR,Mumbay,Maharashtra,01-24-2024,LDCT0604920639781,Active,"INR 5,777.68",MCH1035,5812,Sole Proprietor,Food & Restaurants,2024-01-24 00:00:00,0,0,LDCT0604920639781,0,0,5777.68,0,0,1035,0,0,0,0,1
mch1039,Lal-Barad,4814,TELECOM,SOLE_PROPRIETOR,LKO,Uttar Pradesh,28/07/2025 12:43 AM,,Active,"INR 3,062.03",MCH1039,4814,Sole Proprietor,Telecom,2025-07-28 00:43:00,0,0,,1,0,3062.03,0,0,1039,0,1,0,1,2
MCH1040,chand plc,5912,Medical,INDIVIDUAL,pune,Maharashtra,2024/09/08,,A,653.92,MCH1040,5912,Individual,Pharmacy & Medical,2024-09-08 00:00:00,0,0,,1,0,653.92,0,0,1040,1,1,1,3,2
MCH1041,Pat1a-S0m,,Fashion,private_limited,kolkata,West Bengal,04-21-2024,,Active,3701.53,MCH1041,,Private Limited,Unknown,2024-04-21 00:00:00,0,0,,1,0,3701.53,0,0,1041,0,0,0,0,1
MCH 1044,"Jha, Salvi and Setty",5311,Retail,Partnership,HYDERABAD,Telangana,28-Oct-2024,VZSQ7155957356020,ACTIVE,1084.93,MCH1044,5311,Partnership,Department Stores,2024-10-28 00:00:00,0,0,VZSQ7155957356020,0,0,1084.93,0,0,1044,0,0,0,0,1
MCH1047,Rana-Aurora,4814,Telecom,Partnership,Bangalore,Karnataka,20/08/2023 01:01 AM,BJXS0430805448675,Enabled,"INR 1,003.46",MCH1047,4814,Partnership,Telecom,2023-08-20 01:01:00,0,0,BJXS0430805448675,0,1,1003.46,0,0,1047,1,1,1,3,2
mch1050,Trivedi-Zachariah,5699,Apparel,Sole Proprietor,Jaipur,Rajasthan,01-30-2025,0368449602,Active,"₹2,479.88",MCH1050,5699,Sole Proprietor,Clothing,2025-01-30 00:00:00,0,0,0368449602,0,0,2479.88,0,0,1050,0,0,0,0,1
MCH1053,"gera, grover and sehgal",MCC-4814,Mobile Recharge,Individual,Amritsar,Punjab,22-Feb-2025,,Enabled,-708.11,MCH1053,4814,Individual,Telecom,2025-02-22 00:00:00,0,0,,1,0,-708.11,0,1,1053,0,0,0,0,1
MCH1054,  Cheema Ltd  ,5311,Department Store,PRIVATE-LIMITED,Pune,Maharashtra,2023/05/27,,Active,INR 868.09,MCH1054,5311,Private Limited,Department Stores,2023-05-27 00:00:00,0,0,,1,0,868.09,0,0,1054,0,0,0,0,1
MCH 1055,Dhingra-Kapoor,5311,Retail,partnership,BLR,Karnataka,2024-12-30 03:08:34,6794786904,Enabled,-770.74,MCH1055,5311,Partnership,Department Stores,2024-12-30 03:08:34,0,0,6794786904,0,0,-770.74,0,1,1055,0,0,0,0,1
MCH1056,Mital-Jhaveri,5311,Department Stores,PARTNERSHIP,ASR,Punjab,2023-09-10 00:09:34,6820698589,Active,5938.05,MCH1056,5311,Partnership,Department Stores,2023-09-10 00:09:34,0,0,6820698589,0,0,5938.05,0,0,1056,0,0,0,0,1
MCH 1058,"Vyas,VirkandDatta",05311,DEPT_STORE,partnership,Poona,Maharashtra,20-Jan-2023,XXXX0826,A,"INR 1,504.39",MCH1058,5311,Partnership,Department Stores,2023-01-20 00:00:00,0,0,XXXX0826,0,1,1504.39,0,0,1058,0,0,0,0,1
1059,Prasad Ltd,4814,phone service,PARTNERSHIP,Hyd,Telangana,18/03/2023,XXXX9900,Active,"INR 4,187.75",1059,4814,Partnership,Telecom,2023-03-18 00:00:00,0,0,XXXX9900,0,1,4187.75,0,0,1059,0,0,0,0,1
mch1060,"Subramaniam, Rama and Contractor",4131,Transport,individual,HYDERABAD,Telangana,1714640414,FXHY9362967598468,Enabled,Rs. 480,MCH1060,4131,Individual,Transportation,2024-05-02 09:00:14,0,0,FXHY9362967598468,0,1,480.0,0,0,1060,1,1,1,3,3
MCH1063,"Samra, Sur and Venkataraman",5999,Retail Other,PRIVATE_LIMITED,Chennai,Tamil Nadu,13/06/2023,2476053551,Enabled,"₹1,297.70",MCH1063,5999,Private Limited,Other Retail,2023-06-13 00:00:00,0,0,2476053551,0,0,1297.7,0,0,1063,0,0,0,0,1
1064,Nanda Ltd,5812,eating place,individual,amritsar,Punjab,1757458144,,ACTIVE,"INR 1,182.15",1064,5812,Individual,Food & Restaurants,2025-09-09 22:49:04,0,0,,1,0,1182.15,0,0,1064,1,1,1,3,2
MCH1068,Mall-Palan,,Other,sole_proprietor,Jaipur,Rajasthan,09/02/2026 09:23 AM,PKRN8629349498422,Live,663.04,MCH1068,,Sole Proprietor,Unknown,2026-02-09 09:23:00,0,0,PKRN8629349498422,0,0,663.04,0,0,1068,0,0,0,0,1
MCH-1070,Pandya PLC,5999,Misc Retail,Private Limited,chennai,Tamil Nadu,03-Sep-2024,,A,1259.2,MCH1070,5999,Private Limited,Other Retail,2024-09-03 00:00:00,0,0,,1,0,1259.2,0,0,1070,0,0,0,0,1
MCH1071,"Keer, Roy and Narayanan",,Medical,sole_proprietor,JPR,Rajasthan,17-Apr-2025,4373595007,Enabled,619.21,MCH1071,,Sole Proprietor,Unknown,2025-04-17 00:00:00,0,0,4373595007,0,0,619.21,0,0,1071,1,1,1,3,3
MCH1072,Kalla-Khalsa,5812,Restaurants,private_limited,mumbai,Maharashtra,10-Nov-2025,,Disabled,422.23,MCH1072,5812,Private Limited,Food & Restaurants,2025-11-10 00:00:00,0,0,,1,0,422.23,0,0,1072,0,0,0,0,1
MCH 1073,"Dasgupta,RayandDara",misc,MEDICAL_STORE,partnership,Lucknow,Uttar Pradesh,2024/09/22,XXXX7293,Suspended,1002.63,MCH1073,,Partnership,Unknown,2024-09-22 00:00:00,0,0,XXXX7293,0,1,1002.63,0,0,1073,0,0,0,0,1
MCH-1075,Pingle-Mohan,5912,Medical,SOLE-PROPRIETOR,ludhiana,Punjab,2025/02/24,XXXX2118,Active,"₹1,639.19",MCH1075,5912,Sole Proprietor,Pharmacy & Medical,2025-02-24 00:00:00,0,0,XXXX2118,0,1,1639.19,0,0,1075,1,1,1,3,2
1077,Taneja-Nagar,5411,kirana,Individual,ASR,Punjab,27/02/2026,QQWI6101172213624,ACTIVE,358.21,1077,5411,Individual,Grocery,2026-02-27 00:00:00,0,0,QQWI6101172213624,0,0,358.21,0,0,1077,1,0,1,2,3
MCH1079,Sharaf and Sons,,Mobile Recharge,Sole Proprietor,Poona,Maharashtra,20/10/2023,,A,₹455.39,MCH1079,,Sole Proprietor,Unknown,2023-10-20 00:00:00,0,0,,1,0,455.39,0,0,1079,0,0,0,0,1
MCH1081,Mistry Group,5812,FOOD_SERVICES,private_limited,Mumbay,Maharashtra,2025/05/27,XXXX5682,ACTIVE,"INR 2,299.04",MCH1081,5812,Private Limited,Food & Restaurants,2025-05-27 00:00:00,0,0,XXXX5682,0,1,2299.04,0,0,1081,0,0,0,0,1
mch1082,Oommen Inc,7011.0,Hotel,Partnership,amritsar,Punjab,,6717543820,ACTIVE,₹833.19,MCH1082,7011,Partnership,Hotels & Hospitality,,1,0,6717543820,0,0,833.19,0,0,1082,0,0,0,0,1
1083,Chaudhry-Bhat,5812,food,SOLE-PROPRIETOR,Jalandhar,Punjab,30-Apr-2025,DSMZ2555394666399,Suspended,INR 730.39,1083,5812,Sole Proprietor,Food & Restaurants,2025-04-30 00:00:00,0,0,DSMZ2555394666399,0,0,730.39,0,0,1083,0,0,1,1,2
1084,Krishnamurthy Inc,5999.0,Other,PRIVATE_LIMITED,Jalandar,Punjab,04-21-2025,7207827487,Active,4469.21,1084,5999,Private Limited,Other Retail,2025-04-21 00:00:00,0,0,7207827487,0,0,4469.21,0,0,1084,0,0,0,0,1
MCH1086,Agrawal-Sule,misc,Apparel,INDIVIDUAL,ludhiana,Punjab,13-Nov-2023,,Live,1355.59,MCH1086,,Individual,Unknown,2023-11-13 00:00:00,0,0,,1,0,1355.59,0,0,1086,0,0,0,0,1
MCH1087,"Mitter, Sawhney and Luthra",7011,Hotels,Partnership,Madras,Tamil Nadu,04-19-2025,,SUSPENDED,"INR 2,381.71",MCH1087,7011,Partnership,Hotels & Hospitality,2025-04-19 00:00:00,0,0,,1,0,2381.71,0,0,1087,0,0,0,0,1
MCH1089,"Mann, Edwin and Misra",05411,kirana,Individual,jaipur,Rajasthan,,7489263549,ACTIVE,Rs. 678,MCH1089,5411,Individual,Grocery,,1,0,7489263549,0,0,678.0,0,0,1089,1,0,1,2,2
mch1093,"dubey, uppal and bhatt",5812,FOOD_SERVICES,PRIVATE_LIMITED,Poona,Maharashtra,26/04/2025,,Closed,4005.67,MCH1093,5812,Private Limited,Food & Restaurants,2025-04-26 00:00:00,0,0,,1,0,4005.67,0,0,1093,0,0,0,0,1
MCH 1095,Mander Group,04814,phone service,PARTNERSHIP,kolkata,West Bengal,2023-01-30 03:08:00,XXXX5510,A,"1,277.94",MCH1095,4814,Partnership,Telecom,2023-01-30 03:08:00,0,0,XXXX5510,0,1,1277.94,0,0,1095,0,0,0,0,1
MCH1096,Subramanian-Prasad,5699,Fashion,INDIVIDUAL,Hyd,Telangana,1741315310,,Active,"INR 8,373.82",MCH1096,5699,Individual,Clothing,2025-03-07 02:41:50,0,0,,1,0,8373.82,0,0,1096,0,0,0,0,1
MCH1097,"Narayan, Datta and Chowdhury",5999,Other,INDIVIDUAL,LKO,Uttar Pradesh,05-09-2025,,Enabled,343.8,MCH1097,5999,Individual,Other Retail,2025-05-09 00:00:00,0,0,,1,0,343.8,0,0,1097,0,0,0,0,1
MCH1098,"raval, yadav and yogi",7011,Hotel,Private Limited,Jaipur,Rajasthan,01/12/2023,XXXX3614,ACTIVE,Rs. 181,MCH1098,7011,Private Limited,Hotels & Hospitality,2023-12-01 00:00:00,0,0,XXXX3614,0,1,181.0,0,0,1098,0,0,0,0,1
MCH1100,swamy inc,5311,retail,Partnership,Ludhiana,Punjab,17-Aug-2024,9084083237,Inactive,"2,008.22",MCH1100,5311,Partnership,Department Stores,2024-08-17 00:00:00,0,0,9084083237,0,0,2008.22,0,0,1100,0,0,0,0,2
MCH1101,Ramaswamy-Prabhakar,5912,Pharmacies,SOLE_PROPRIETOR,chennai,Tamil Nadu,02-Jun-2025,,A,"Rs. 8,687",MCH1101,5912,Sole Proprietor,Pharmacy & Medical,2025-06-02 00:00:00,0,0,,1,0,8687.0,0,0,1101,1,1,1,3,5
MCH1104,Chander LLC,4814,Telecom,Private Limited,DELHI,Delhi,05/09/2024,,A,778.62,MCH1104,4814,Private Limited,Telecom,2024-09-05 00:00:00,0,0,,1,0,778.62,0,0,1104,0,0,0,0,1
MCH1106,"Agrawal, Ganguly and Kalla",5411,Grocery Stores,Private Limited,Delhi,Delhi,08-25-2024,ZKGK4764088745020,Enabled,"₹1,100.28",MCH1106,5411,Private Limited,Grocery,2024-08-25 00:00:00,0,0,ZKGK4764088745020,0,0,1100.28,0,0,1106,0,1,0,1,2
1107,Sen-Das,,Mobile Recharge,Private Limited,Madras,Tamil Nadu,09-16-2024,VDXT6754486241555,Live,,1107,,Private Limited,Unknown,2024-09-16 00:00:00,0,0,VDXT6754486241555,0,1,,1,0,1107,0,0,0,0,1
MCH1109,Solanki Ltd,5311.0,Department Stores,PARTNERSHIP,MUMBAI,Maharashtra,23-Jul-2023,XXXX9384,Live,"1,262.18",MCH1109,5311,Partnership,Department Stores,2023-07-23 00:00:00,0,0,XXXX9384,0,1,1262.18,0,0,1109,1,1,1,3,2
mch1115,Nadkarni LLC,4131,transprt,Partnership,Jalandhar,Punjab,,,Active,"Rs. 6,943",MCH1115,4131,Partnership,Transportation,,1,0,,1,0,6943.0,0,0,1115,0,0,0,0,1
mch1118,"BASAK, PILLAI AND ARORA",5999.0,Retail Other,private_limited,Madras,Tamil Nadu,01-06-2026,,ACTIVE,3933.25,MCH1118,5999,Private Limited,Other Retail,2026-01-06 00:00:00,0,0,,1,0,3933.25,0,0,1118,1,1,1,3,2
MCH-1122,"Rana, Choudhury and Garde",5912,Medical,PARTNERSHIP,LDH,Punjab,30/11/2024,XXXX6047,A,4792.92,MCH1122,5912,Partnership,Pharmacy & Medical,2024-11-30 00:00:00,0,0,XXXX6047,0,1,4792.92,0,0,1122,1,1,1,3,2
MCH 1124,"Hayre, Chana and Bhasin",MCC-5699,Clothing,Sole Proprietor,jaipur,Rajasthan,10/05/2024,,Enabled,843.01,MCH1124,5699,Sole Proprietor,Clothing,2024-05-10 00:00:00,0,0,,1,0,843.01,0,0,1124,1,1,1,3,2
1126,"Nayak, Dhaliwal and Soman",5411,Grocery Stores,PARTNERSHIP,Jalandhar,Punjab,02-12-2026,,A,₹564.83,1126,5411,Partnership,Grocery,2026-02-12 00:00:00,0,0,,1,0,564.83,0,0,1126,0,0,0,0,1
MCH1128,Natt-Keer,05999,Retail Other,SOLE-PROPRIETOR,Hyd,Telangana,1768048975,XXXX1918,ACTIVE,"₹1,028.32",MCH1128,5999,Sole Proprietor,Other Retail,2026-01-10 12:42:55,0,0,XXXX1918,0,1,1028.32,0,0,1128,1,1,1,3,2
mch1130,"K0thari, Singh and Sura",5311,Department Stores,sole_proprietor,LDH,Punjab,20/09/2025 12:31 AM,,Live,3514.91,MCH1130,5311,Sole Proprietor,Department Stores,2025-09-20 00:31:00,0,0,,1,0,3514.91,0,0,1130,0,1,0,1,2
MCH1132,Cheema Inc,5999,Retail Other,SOLE_PROPRIETOR,Ludhiana,Punjab,2023/09/10,3299217122,A,,MCH1132,5999,Sole Proprietor,Other Retail,2023-09-10 00:00:00,0,0,3299217122,0,0,,1,0,1132,0,0,0,0,1
MCH1133,Shere Ltd,5912,Pharmacies,partnership,Bengaluru,Karnataka,10/06/2025,,Live,11501.53,MCH1133,5912,Partnership,Pharmacy & Medical,2025-06-10 00:00:00,0,0,,1,0,11501.53,0,0,1133,0,0,0,0,1
MCH1134,"Sani, Uppal and Pillai",,Pharmacies,Partnership,Kolkata,West Bengal,11/04/2025,,Live,6246.52,MCH1134,,Partnership,Unknown,2025-04-11 00:00:00,0,0,,1,0,6246.52,0,0,1134,1,1,0,2,2
MCH1136,"bahri, kanda and seth",5942.0,Book Store,private_limited,Madras,Tamil Nadu,17/07/2023,XXXX4885,Live,₹896.84,MCH1136,5942,Private Limited,Books & Stationery,2023-07-17 00:00:00,0,0,XXXX4885,0,1,896.84,0,0,1136,0,0,0,0,1
MCH1138,"Shan,BuchandTank",5942,BOOKS_STATIONERY,Sole Proprietor,Bangalore,Karnataka,03/07/2024 09:25 PM,XXXX0724,Active,1369.64,MCH1138,5942,Sole Proprietor,Books & Stationery,2024-07-03 21:25:00,0,0,XXXX0724,0,1,1369.64,0,0,1138,0,0,0,0,1
MCH 1142,MORAR LLC,MCC-5999,Misc Retail,SOLE_PROPRIETOR,jalandhar,Punjab,,,Active,,MCH1142,5999,Sole Proprietor,Other Retail,,1,0,,1,0,,1,0,1142,1,0,1,2,2
MCH1143,ARYA-KHANNA,4131,transprt,SOLE_PROPRIETOR,jalandhar,Punjab,2023/08/16,9953530102,Enabled,486.39,MCH1143,4131,Sole Proprietor,Transportation,2023-08-16 00:00:00,0,0,9953530102,0,0,486.39,0,0,1143,0,0,0,0,1
MCH1144,Morar-Rattan,5699,CLOTHS,SOLE-PROPRIETOR,jaipur,Rajasthan,2025/01/20,,Live,1182.28,MCH1144,5699,Sole Proprietor,Clothing,2025-01-20 00:00:00,0,0,,1,0,1182.28,0,0,1144,0,0,0,0,1
MCH1147,Dayal-Sabharwal,4814,phone service,Individual,Kolkata,West Bengal,11-23-2023,XXXX2380,Disabled,₹939.97,MCH1147,4814,Individual,Telecom,2023-11-23 00:00:00,0,0,XXXX2380,0,1,939.97,0,0,1147,0,0,0,0,1
MCH1148,Deep-Manda,4131,Bus/Taxi,INDIVIDUAL,ASR,Punjab,2025-06-15 00:35:23,,Active,"Rs. 3,461",MCH1148,4131,Individual,Transportation,2025-06-15 00:35:23,0,0,,1,0,3461.0,0,0,1148,0,0,0,0,1
MCH1152,Raman-Choudhury,,Grocery,PARTNERSHIP,Chennai,Tamil Nadu,19-Dec-2025,XXXX0685,Active,Rs. 233,MCH1152,,Partnership,Unknown,2025-12-19 00:00:00,0,0,XXXX0685,0,1,233.0,0,0,1152,0,0,0,0,1
MCH1153,"Oommen, Sastry and Varty",5311,Department Store,PRIVATE-LIMITED,ASR,Punjab,06-17-2024,XXXX3616,Enabled,873.51,MCH1153,5311,Private Limited,Department Stores,2024-06-17 00:00:00,0,0,XXXX3616,0,1,873.51,0,0,1153,1,1,1,3,2
MCH1154,"oommen, tata and randhawa",,hotel,PARTNERSHIP,Kolkata,West Bengal,2025/04/18,RBFJ6015227406897,Active,INR 655.30,MCH1154,,Partnership,Unknown,2025-04-18 00:00:00,0,0,RBFJ6015227406897,0,0,655.3,0,0,1154,1,1,1,3,3
MCH1155,Sha LLC,4131,Transportation,Sole Proprietor,Amritsar,Punjab,08/03/2024,,Disabled,"₹1,753.08",MCH1155,4131,Sole Proprietor,Transportation,2024-03-08 00:00:00,0,0,,1,0,1753.08,0,0,1155,0,0,0,0,1
MCH1159,Sabharwal-Gole,MCC-4814,Telecom,PARTNERSHIP,Hyd,Telangana,,XXXX4659,Closed,790.13,MCH1159,4814,Partnership,Telecom,,1,0,XXXX4659,0,1,790.13,0,0,1159,1,1,1,3,2
MCH1161,"Kuruvilla, Pall and Ravel",5411,GROCERY_STORE,PRIVATE_LIMITED,jalandhar,Punjab,12-29-2023,,Enabled,₹549.82,MCH1161,5411,Private Limited,Grocery,2023-12-29 00:00:00,0,0,,1,0,549.82,0,0,1161,0,0,0,0,1
mch1162,"Anand, Mistry and Khare",5999,Miscellaneous,private_limited,New Delhi,Delhi,12-02-2025,XXXX2346,Live,"Rs. 1,311",MCH1162,5999,Private Limited,Other Retail,2025-12-02 00:00:00,0,0,XXXX2346,0,1,1311.0,0,0,1162,0,0,0,0,1
mch1163,"Gour, Comar and Palan",MCC-4814,Telecom,PARTNERSHIP,LDH,Punjab,10-25-2025,BYWD2962302915002,Closed,5449.73,MCH1163,4814,Partnership,Telecom,2025-10-25 00:00:00,0,0,BYWD2962302915002,0,0,5449.73,0,0,1163,1,1,1,3,2
MCH1164,Goda PLC,4131,Transport,partnership,Ludhiana,Punjab,27/10/2025,,Enabled,Rs. 953,MCH1164,4131,Partnership,Transportation,2025-10-27 00:00:00,0,0,,1,0,953.0,0,0,1164,0,0,0,0,1
MCH-1168,"Seshadri, Borah and Sachdeva",misc,chemist,Individual,Pune,Maharashtra,2026-01-04 03:19:25,CWXA5916653675162,A,4780.41,MCH1168,,Individual,Unknown,2026-01-04 03:19:25,0,0,CWXA5916653675162,0,1,4780.41,0,0,1168,1,1,1,3,3
MCH1169,Dey-Gupta,5812,eating place,INDIVIDUAL,BLR,Karnataka,03-17-2023,0295503532,A,1427.7,MCH1169,5812,Individual,Food & Restaurants,2023-03-17 00:00:00,0,0,0295503532,0,0,1427.7,0,0,1169,0,0,0,0,1
1170,"Wali, Bala and Sanghvi",05311,Department Store,SOLE-PROPRIETOR,BLR,Karnataka,01/04/2023 03:30 PM,,INACTIVE,"₹1,109.65",1170,5311,Sole Proprietor,Department Stores,2023-04-01 15:30:00,0,0,,1,0,1109.65,0,0,1170,0,0,0,0,1
MCH1171,Sampath-Shroff,05912,MEDICAL_STORE,PARTNERSHIP,Dilli,Delhi,1768800060,,Live,INR 393.94,MCH1171,5912,Partnership,Pharmacy & Medical,2026-01-19 05:21:00,0,0,,1,0,393.94,0,0,1171,0,0,0,0,1
1174,Mander-Kari,05411,groceries,PARTNERSHIP,Jalandar,Punjab,01/05/2023,,ACTIVE,1013.97,1174,5411,Partnership,Grocery,2023-05-01 00:00:00,0,0,,1,0,1013.97,0,0,1174,0,0,0,0,1
MCH1177,"Mistry, Savant and Jha",4131,Transportation,Sole Proprietor,amritsar,Punjab,29/08/2025 06:32 PM,,ACTIVE,"1,663.99",MCH1177,4131,Sole Proprietor,Transportation,2025-08-29 18:32:00,0,0,,1,0,1663.99,0,0,1177,0,0,0,0,1
MCH1179,Suresh-Chand,5942,Books,Partnership,Madras,Tamil Nadu,19/11/2025,,Enabled,,MCH1179,5942,Partnership,Books & Stationery,2025-11-19 00:00:00,0,0,,1,0,,1,0,1179,0,0,0,0,1
mch1180,Sangha and Sons,5411,Grocery,individual,HYDERABAD,Telangana,11-03-2023,VUOK6265318074983,Enabled,993.08,MCH1180,5411,Individual,Grocery,2023-11-03 00:00:00,0,0,VUOK6265318074983,0,0,993.08,0,0,1180,0,0,0,0,1
MCH1183,Rajan LLC,5812,FOOD_SERVICES,PRIVATE_LIMITED,bengaluru,Karnataka,02-02-2023,,Active,"1,717.84",MCH1183,5812,Private Limited,Food & Restaurants,2023-02-02 00:00:00,0,0,,1,0,1717.84,0,0,1183,0,0,0,0,1
MCH1185,"Buch, Barad and Toor",5999,Other,PARTNERSHIP,Jalandhar,Punjab,06-16-2024,6769671490,Active,2955.34,MCH1185,5999,Partnership,Other Retail,2024-06-16 00:00:00,0,0,6769671490,0,0,2955.34,0,0,1185,0,0,0,0,1
MCH1188,M0rar Ltd,5912,Pharmacies,individual,Hyderabad,Telangana,19-Feb-2024,3674511273,Live,1156.7,MCH1188,5912,Individual,Pharmacy & Medical,2024-02-19 00:00:00,0,0,3674511273,0,0,1156.7,0,0,1188,0,0,0,0,1
MCH1189,"rai, doctor and dar",5699,Apparel,SOLE_PROPRIETOR,Mumbay,Maharashtra,13/11/2024 08:40 PM,8075572970,Live,"Rs. 1,513",MCH1189,5699,Sole Proprietor,Clothing,2024-11-13 20:40:00,0,0,8075572970,0,0,1513.0,0,0,1189,0,0,0,0,1
MCH-1191,raval ltd,4814,phone service,individual,Kolkata,West Bengal,1674087536,,Inactive,1670.52,MCH1191,4814,Individual,Telecom,2023-01-19 00:18:56,0,0,,1,0,1670.52,0,0,1191,0,0,0,0,1
MCH1193,"Padmanabhan, Sekhon and Dhawan",5812,Restaurants,PARTNERSHIP,lucknow,Uttar Pradesh,16-Jan-2025,,Active,"INR 1,712.05",MCH1193,5812,Partnership,Food & Restaurants,2025-01-16 00:00:00,0,0,,1,0,1712.05,0,0,1193,0,0,0,0,1
MCH 1195,Cherian-Rana,4131,Transport,SOLE_PROPRIETOR,Jalandhar,Punjab,2025/09/09,,A,364.17,MCH1195,4131,Sole Proprietor,Transportation,2025-09-09 00:00:00,0,0,,1,0,364.17,0,0,1195,1,1,1,3,2
MCH1197,"Gaba, Wadhwa and Sahni",5411,Grocery Stores,Private Limited,mumbai,Maharashtra,01/08/2024,8143796682,Live,₹488.96,MCH1197,5411,Private Limited,Grocery,2024-08-01 00:00:00,0,0,8143796682,0,0,488.96,0,0,1197,0,0,0,0,1
MCH-1199,"  Chatterjee, Chada and Ghose  ",5812,eating place,PRIVATE_LIMITED,Madras,Tamil Nadu,2025-04-14 01:46:00,,Live,6574.56,MCH1199,5812,Private Limited,Food & Restaurants,2025-04-14 01:46:00,0,0,,1,0,6574.56,0,0,1199,0,1,1,2,2
MCH 1200,  Vora and Sons  ,,CLOTHS,private_limited,pune,Maharashtra,08-Feb-2023,MQRX2052089170910,A,"Rs. 1,072",MCH1200,,Private Limited,Unknown,2023-02-08 00:00:00,0,0,MQRX2052089170910,0,1,1072.0,0,0,1200,0,0,0,0,1
MCH 1202,KOSHY-BORDE,5311,Retail,PARTNERSHIP,Ludhiana,Punjab,2023-04-27 14:11:10,QMOB6262370066772,Live,1998.99,MCH1202,5311,Partnership,Department Stores,2023-04-27 14:11:10,0,0,QMOB6262370066772,0,0,1998.99,0,0,1202,0,0,0,0,1
1204,  Rana Group  ,MCC-5311,Department Store,PRIVATE-LIMITED,JPR,Rajasthan,2025-05-24 15:30:29,,ACTIVE,733.33,1204,5311,Private Limited,Department Stores,2025-05-24 15:30:29,0,0,,1,0,733.33,0,0,1204,0,0,0,0,1
MCH-1207,"pillai, oak and barman",5812,Food,Individual,DELHI,Delhi,04-11-2024,,Active,"1,280.08",MCH1207,5812,Individual,Food & Restaurants,2024-04-11 00:00:00,0,0,,1,0,1280.08,0,0,1207,0,0,0,0,1
MCH1210,"Dua, Buch and Kaul",,Book Store,PRIVATE-LIMITED,Bombay,Maharashtra,,9379400368,Suspended,"Rs. 1,903",MCH1210,,Private Limited,Unknown,,1,0,9379400368,0,0,1903.0,0,0,1210,0,0,0,0,1
MCH1211,"  Munshi, Pai and Sibal  ",5311,Retail,SOLE_PROPRIETOR,delhi,Delhi,2023/01/04,NHYW6672789857023,A,296.16,MCH1211,5311,Sole Proprietor,Department Stores,2023-01-04 00:00:00,0,0,NHYW6672789857023,0,0,296.16,0,0,1211,0,0,0,0,1
MCH1213,Ray LLC,5912,Pharmacies,PARTNERSHIP,pune,Maharashtra,1704652432,1805958295,Inactive,"Rs. 1,556",MCH1213,5912,Partnership,Pharmacy & Medical,2024-01-07 18:33:52,0,0,1805958295,0,0,1556.0,0,0,1213,0,0,1,1,2
MCH1214,Padmanabhan Gr0up,4814,TELECOM,individual,Amritsar,Punjab,24/08/2025,,Live,-362.46,MCH1214,4814,Individual,Telecom,2025-08-24 00:00:00,0,0,,1,0,-362.46,0,1,1214,1,0,1,2,2
MCH1216,Mani Ltd,5999,Misc Retail,sole_proprietor,amritsar,Punjab,2025-04-05 19:50:02,WWHE9096090604868,ACTIVE,Rs. 228,MCH1216,5999,Sole Proprietor,Other Retail,2025-04-05 19:50:02,0,0,WWHE9096090604868,0,0,228.0,0,0,1216,1,0,1,2,3
MCH1219,Buta1a Ltd,05699,garments,SOLE-PROPRIETOR,LKO,Uttar Pradesh,23/10/2025,1736220262,Live,"INR 1,046.51",MCH1219,5699,Sole Proprietor,Clothing,2025-10-23 00:00:00,0,0,1736220262,0,0,1046.51,0,0,1219,1,1,1,3,3
MCH1221,"BAKSHI, DOCTOR AND BOBAL",MCC-7011,Hotels,Partnership,Mumbai,Maharashtra,,XXXX9345,Active,"INR 1,302.20",MCH1221,7011,Partnership,Hotels & Hospitality,,1,0,XXXX9345,0,1,1302.2,0,0,1221,1,1,1,3,3
MCH-1222,Dass-Dugar,5411,GROCERY_STORE,Sole Proprietor,Kolkata,West Bengal,2023-11-07 18:19:21,,Active,,MCH1222,5411,Sole Proprietor,Grocery,2023-11-07 18:19:21,0,0,,1,0,,1,0,1222,0,0,0,0,1
MCH1224,setty-sami,5942,Books,INDIVIDUAL,kolkata,West Bengal,02/09/2023 05:59 AM,7626814027,Enabled,609.48,MCH1224,5942,Individual,Books & Stationery,2023-09-02 05:59:00,0,0,7626814027,0,0,609.48,0,0,1224,0,0,0,0,1
MCH 1226,Nadkarni Ltd,5912,MEDICAL_STORE,sole_proprietor,ludhiana,Punjab,,,Live,602.21,MCH1226,5912,Sole Proprietor,Pharmacy & Medical,,1,0,,1,0,602.21,0,0,1226,1,1,1,3,2
MCH1227,"Madan, More and Pal",5411,GROCERY_STORE,Sole Proprietor,Hyd,Telangana,08/12/2025 12:01 AM,3802553962,Enabled,1078.83,MCH1227,5411,Sole Proprietor,Grocery,2025-12-08 00:01:00,0,0,3802553962,0,0,1078.83,0,0,1227,1,1,1,3,4
MCH1229,"Sen, Dewan and Tripathi",5942,Stationery,PRIVATE-LIMITED,ASR,Punjab,2025/02/19,JECT9983029325791,Active,"INR 2,028.74",MCH1229,5942,Private Limited,Books & Stationery,2025-02-19 00:00:00,0,0,JECT9983029325791,0,0,2028.74,0,0,1229,1,1,1,3,2
MCH1233,"Upadhyay, Lall and Kala",5942,Books,private_limited,Pune,Maharashtra,2024/07/19,,ACTIVE,-1465.98,MCH1233,5942,Private Limited,Books & Stationery,2024-07-19 00:00:00,0,0,,1,0,-1465.98,0,1,1233,0,0,0,0,1
MCH1234,Comar-Kari,4131,transprt,SOLE_PROPRIETOR,jalandhar,Punjab,,IUGP6821222732474,Enabled,1120.89,MCH1234,4131,Sole Proprietor,Transportation,,1,0,IUGP6821222732474,0,0,1120.89,0,0,1234,1,1,1,3,2
1237,Agarwal-Kibe,07011,Hospitality,PARTNERSHIP,Mumbay,Maharashtra,03-30-2023,CKEI2680343648784,ACTIVE,750.84,1237,7011,Partnership,Hotels & Hospitality,2023-03-30 00:00:00,0,0,CKEI2680343648784,0,0,750.84,0,0,1237,0,0,0,0,1
MCH-1243,"Buch, Atwal and Roy",5912.0,MEDICAL_STORE,PARTNERSHIP,ludhiana,Punjab,12/06/2025 08:43 AM,,Live,"1,323.94",MCH1243,5912,Partnership,Pharmacy & Medical,2025-06-12 08:43:00,0,0,,1,0,1323.94,0,0,1243,0,0,0,0,1
MCH1245,"Kumer, Varghese and Dhawan",,chemist,PARTNERSHIP,Poona,Maharashtra,23-Aug-2023,,A,INR 725.32,MCH1245,,Partnership,Unknown,2023-08-23 00:00:00,0,0,,1,0,725.32,0,0,1245,0,0,0,0,1
MCH1247,"Nayak, Lala and Pillai",5411,groceries,SOLE-PROPRIETOR,Bengaluru,Karnataka,19/01/2023,9109437765,INACTIVE,677.02,MCH1247,5411,Sole Proprietor,Grocery,2023-01-19 00:00:00,0,0,9109437765,0,0,677.02,0,0,1247,0,0,0,0,1
MCH1249,"Garg, Saha and Rattan",MCC-5999,Other,PARTNERSHIP,jalandhar,Punjab,21-Aug-2023,,Active,-854.43,MCH1249,5999,Partnership,Other Retail,2023-08-21 00:00:00,0,0,,1,0,-854.43,0,1,1249,1,1,1,3,2
MCH1250,Ben-Thaman,5411,GROCERY_STORE,SOLE_PROPRIETOR,bengaluru,Karnataka,,BWCW6486975518274,S,1524.37,MCH1250,5411,Sole Proprietor,Grocery,,1,0,BWCW6486975518274,0,0,1524.37,0,0,1250,1,1,1,3,3
MCH1254,Pant-Muni,4131,TRAVEL,partnership,DELHI,Delhi,21/10/2023,,A,781.27,MCH1254,4131,Partnership,Transportation,2023-10-21 00:00:00,0,0,,1,0,781.27,0,0,1254,0,0,0,0,1
mch1255,La1a and S0ns,4814,Telecom,Partnership,Kolkata,West Bengal,07-19-2023,8344362943,Inactive,INR 772.22,MCH1255,4814,Partnership,Telecom,2023-07-19 00:00:00,0,0,8344362943,0,0,772.22,0,0,1255,1,0,1,2,2
MCH1256,Vala Inc,05912,MEDICAL_STORE,SOLE_PROPRIETOR,kolkata,West Bengal,17-Jan-2025,,Blocked,1415.24,MCH1256,5912,Sole Proprietor,Pharmacy & Medical,2025-01-17 00:00:00,0,0,,1,0,1415.24,0,0,1256,0,0,0,0,1
MCH1257,Varma-Maharaj,5942,Books,sole_proprietor,Calcutta,West Bengal,15/04/2023 04:16 PM,VIAW9051693811302,ACTIVE,3059.27,MCH1257,5942,Sole Proprietor,Books & Stationery,2023-04-15 16:16:00,0,0,VIAW9051693811302,0,0,3059.27,0,0,1257,0,0,0,0,1
mch1259,"Wagle, Verma and Ramanathan",,Medical,private_limited,Jaipur,Rajasthan,08-12-2025,,Live,548.2,MCH1259,,Private Limited,Unknown,2025-08-12 00:00:00,0,0,,1,0,548.2,0,0,1259,0,0,0,0,1
MCH 1260,OOMMEN-JHA,5411,GROCERY_STORE,INDIVIDUAL,Delhi,Delhi,,XXXX3006,A,1093.23,MCH1260,5411,Individual,Grocery,,1,0,XXXX3006,0,1,1093.23,0,0,1260,1,1,1,3,2
MCH1261,"Cheema, Savant and Bakshi",5311,retail,sole_proprietor,Ludhiana,Punjab,03-Jun-2024,EXGQ1328686965867,Inactive,,MCH1261,5311,Sole Proprietor,Department Stores,2024-06-03 00:00:00,0,0,EXGQ1328686965867,0,1,,1,0,1261,0,0,1,1,2
MCH 1262,Lad and Sons,7011,Hospitality,INDIVIDUAL,Jalandar,Punjab,2025-11-17 01:26:45,XXXX6412,Active,503.65,MCH1262,7011,Individual,Hotels & Hospitality,2025-11-17 01:26:45,0,0,XXXX6412,0,1,503.65,0,0,1262,1,0,1,2,2
MCH1263,Krishnan-Venkataraman,,Telecom,PARTNERSHIP,kolkata,West Bengal,,,A,565.9,MCH1263,,Partnership,Unknown,,1,0,,1,0,565.9,0,0,1263,1,1,1,3,3
MCH1267,master-tiwari,4814,TELECOM,private_limited,lucknow,Uttar Pradesh,,,Inactive,"INR 1,213.17",MCH1267,4814,Private Limited,Telecom,,1,0,,1,0,1213.17,0,0,1267,0,0,0,0,1
MCH1268,Vyas Ltd,5311,Retail,Individual,Amritsar,Punjab,06-28-2023,,A,,MCH1268,5311,Individual,Department Stores,2023-06-28 00:00:00,0,0,,1,0,,1,0,1268,0,0,0,0,1
MCH1269,SHUKLA PLC,5699,Clothing,Individual,Hyd,Telangana,1741028409,,Active,"1,758.28",MCH1269,5699,Individual,Clothing,2025-03-03 19:00:09,0,0,,1,0,1758.28,0,0,1269,0,0,0,0,1
MCH1270,Tiwari and Sons,5311,Department Store,PRIVATE_LIMITED,HYDERABAD,Telangana,1685717810,,A,1107.02,MCH1270,5311,Private Limited,Department Stores,2023-06-02 14:56:50,0,0,,1,0,1107.02,0,0,1270,0,0,0,0,1
MCH1272,  Garg Inc  ,4131,Transportation,PARTNERSHIP,JPR,Rajasthan,28/05/2023 10:37 PM,7553237450,A,549.87,MCH1272,4131,Partnership,Transportation,2023-05-28 22:37:00,0,0,7553237450,0,0,549.87,0,0,1272,0,0,0,0,1
MCH1275,Kata Group,7011,HOTEL_LODGING,PARTNERSHIP,Lucknow,Uttar Pradesh,11/09/2025 07:33 AM,XXXX0284,Enabled,252.53,MCH1275,7011,Partnership,Hotels & Hospitality,2025-09-11 07:33:00,0,0,XXXX0284,0,1,252.53,0,0,1275,0,0,0,0,1
mch1277,Bhatnagar-Borah,5812,Restaurant,INDIVIDUAL,Kolkata,West Bengal,,4086473586,Active,3540.87,MCH1277,5812,Individual,Food & Restaurants,,1,0,4086473586,0,0,3540.87,0,0,1277,1,0,1,2,2
MCH1280,"Ben, Madan and Dey",5942.0,Books,private_limited,Lucknow,Uttar Pradesh,13/06/2025,,Active,1308.81,MCH1280,5942,Private Limited,Books & Stationery,2025-06-13 00:00:00,0,0,,1,0,1308.81,0,0,1280,0,0,0,0,1
MCH1285,hayer plc,5912,Medical,individual,BLR,Karnataka,1695539732,,A,INR 436.70,MCH1285,5912,Individual,Pharmacy & Medical,2023-09-24 07:15:32,0,0,,1,0,436.7,0,0,1285,0,0,0,0,1
MCH-1288,"jain, loke and zacharia",4131,transprt,SOLE-PROPRIETOR,BLR,Karnataka,17/07/2023 08:08 AM,XXXX2041,A,915.81,MCH1288,4131,Sole Proprietor,Transportation,2023-07-17 08:08:00,0,0,XXXX2041,0,1,915.81,0,0,1288,0,0,0,0,1
MCH1292,Gera-Nayak,7011,HOTEL_LODGING,sole_proprietor,Chennai,Tamil Nadu,25/09/2023,,Active,Rs. 267,MCH1292,7011,Sole Proprietor,Hotels & Hospitality,2023-09-25 00:00:00,0,0,,1,0,267.0,0,0,1292,0,0,0,0,1
MCH1293,"Kohli, Rajan and Nair",5699,garments,SOLE_PROPRIETOR,Jaipur,Rajasthan,04/09/2023 06:47 AM,XXXX7079,Enabled,₹915.17,MCH1293,5699,Sole Proprietor,Clothing,2023-09-04 06:47:00,0,0,XXXX7079,0,1,915.17,0,0,1293,0,0,0,0,1
MCH1294,Rajagopalan Group,05912,Medical,INDIVIDUAL,Amritsar,Punjab,29/08/2024 05:38 AM,XXXX1888,ACTIVE,539.82,MCH1294,5912,Individual,Pharmacy & Medical,2024-08-29 05:38:00,0,0,XXXX1888,0,1,539.82,0,0,1294,0,0,0,0,1
MCH1296,Gaba-Rama,5912,MEDICAL_STORE,Individual,Delhi,Delhi,01-16-2023,6728414996,Enabled,2547.8,MCH1296,5912,Individual,Pharmacy & Medical,2023-01-16 00:00:00,0,0,6728414996,0,0,2547.8,0,0,1296,0,0,0,0,1
MCH1297,Luthra and Sons,5411.0,Grocery Stores,PRIVATE-LIMITED,New Delhi,Delhi,2023-06-12 01:16:32,5942366474,Live,381.86,MCH1297,5411,Private Limited,Grocery,2023-06-12 01:16:32,0,0,5942366474,0,0,381.86,0,0,1297,0,0,0,0,1
MCH1298,"Raghavan,ReddyandSangha",5942,Stationery,SOLE_PROPRIETOR,Hyderabad,Telangana,28/04/2025,XXXX0353,Enabled,364.92,MCH1298,5942,Sole Proprietor,Books & Stationery,2025-04-28 00:00:00,0,0,XXXX0353,0,1,364.92,0,0,1298,0,0,0,0,1
MCH1299,mutti plc,5699,Clothing,Partnership,Jaipur,Rajasthan,06-27-2023,8421728078,A,605.64,MCH1299,5699,Partnership,Clothing,2023-06-27 00:00:00,0,0,8421728078,0,0,605.64,0,0,1299,0,0,0,0,1
mch1304,sama ltd,05912,MEDICAL_STORE,INDIVIDUAL,bengaluru,Karnataka,02-27-2024,9710613459,ACTIVE,4095.57,MCH1304,5912,Individual,Pharmacy & Medical,2024-02-27 00:00:00,0,0,9710613459,0,0,4095.57,0,0,1304,0,0,0,0,1
MCH1305,Ghose-Batta,04131,Transport,individual,Hyd,Telangana,20-Dec-2025,,Closed,380.06,MCH1305,4131,Individual,Transportation,2025-12-20 00:00:00,0,0,,1,0,380.06,0,0,1305,0,0,0,0,1
MCH1308,SUBRAMANIAM-SHANKAR,5912,Pharmacy,PARTNERSHIP,Bengaluru,Karnataka,28-Dec-2024,RSHZ2134290298030,INACTIVE,"₹2,112.78",MCH1308,5912,Partnership,Pharmacy & Medical,2024-12-28 00:00:00,0,0,RSHZ2134290298030,0,0,2112.78,0,0,1308,0,0,0,0,1
MCH1309,"Jhaveri, Dasgupta and Kata",5699,garments,INDIVIDUAL,MUMBAI,Maharashtra,2023/09/20,XXXX1715,Enabled,INR 929.23,MCH1309,5699,Individual,Clothing,2023-09-20 00:00:00,0,0,XXXX1715,0,1,929.23,0,0,1309,0,0,0,0,1
MCH1311,"Dugal, Munshi and Kunda",4814,Telecom,INDIVIDUAL,Jaipur,Rajasthan,27/03/2025 09:22 PM,XXXX7230,ACTIVE,"1,605.92",MCH1311,4814,Individual,Telecom,2025-03-27 21:22:00,0,0,XXXX7230,0,1,1605.92,0,0,1311,0,0,0,0,1
MCH-1314,"Pant, Mammen and Doctor",5699,Clothing,Individual,Jaipur,Rajasthan,1699807632,,Live,"₹1,045.43",MCH1314,5699,Individual,Clothing,2023-11-12 16:47:12,0,0,,1,0,1045.43,0,0,1314,0,0,0,0,1
MCH1318,GUPTA LLC,4814,TELECOM,PRIVATE_LIMITED,Jaipur,Rajasthan,,0618978505,Active,,MCH1318,4814,Private Limited,Telecom,,1,0,0618978505,0,0,,1,0,1318,0,0,0,0,1
MCH1320,  Babu-Khatri  ,5699,Fashion,INDIVIDUAL,Kolkata,West Bengal,2023-11-24 10:52:12,XXXX8923,Active,,MCH1320,5699,Individual,Clothing,2023-11-24 10:52:12,0,0,XXXX8923,0,1,,1,0,1320,0,0,1,1,2
MCH1321,Borah-Dhaliwal,7011,Hospitality,SOLE_PROPRIETOR,amritsar,Punjab,2025/12/06,XXXX0908,A,"INR 7,973.89",MCH1321,7011,Sole Proprietor,Hotels & Hospitality,2025-12-06 00:00:00,0,0,XXXX0908,0,1,7973.89,0,0,1321,0,0,0,0,1
MCH1323,DHAR AND SONS,5942,Books,Partnership,Amritsar,Punjab,,BGGB6995281283064,ACTIVE,-3792.9,MCH1323,5942,Partnership,Books & Stationery,,1,0,BGGB6995281283064,0,0,-3792.9,0,1,1323,0,0,0,0,1
mch1324,"EDWIN, SAVANT AND TANDON",7011,Hotel,partnership,Bangalore,Karnataka,2026/01/26,,Active,"INR 1,192.31",MCH1324,7011,Partnership,Hotels & Hospitality,2026-01-26 00:00:00,0,0,,1,0,1192.31,0,0,1324,0,0,0,0,1
MCH1326,"Chaudhry, Agrawa1 and Sridhar",5942,Books,sole_proprietor,Bangalore,Karnataka,05-20-2024,ZQNQ7613300121760,Live,177.58,MCH1326,5942,Sole Proprietor,Books & Stationery,2024-05-20 00:00:00,0,0,ZQNQ7613300121760,0,0,177.58,0,0,1326,0,0,0,0,1
MCH1327,GandhiPLC,5699,garments,SOLE-PROPRIETOR,LKO,Uttar Pradesh,02-Nov-2023,XXXX1458,Enabled,902.09,MCH1327,5699,Sole Proprietor,Clothing,2023-11-02 00:00:00,0,0,XXXX1458,0,1,902.09,0,0,1327,0,0,0,0,1
MCH1328,Buch and Sons,MCC-7011,Hotels,SOLE_PROPRIETOR,Chennai,Tamil Nadu,03-28-2025,JVTH6188797527471,Enabled,Rs. 711,MCH1328,7011,Sole Proprietor,Hotels & Hospitality,2025-03-28 00:00:00,0,0,JVTH6188797527471,0,0,711.0,0,0,1328,0,0,0,0,1
MCH1331,"Garg, Bobal and Jain",MCC-4131,TRAVEL,individual,Calcutta,West Bengal,2024/06/29,,ACTIVE,3720.61,MCH1331,4131,Individual,Transportation,2024-06-29 00:00:00,0,0,,1,0,3720.61,0,0,1331,0,0,0,0,1
MCH1333,Sastry PLC,4814,phone service,Individual,Amritsar,Punjab,2025-09-18 18:25:49,DIOZ5944277163234,Closed,"INR 1,548.51",MCH1333,4814,Individual,Telecom,2025-09-18 18:25:49,0,0,DIOZ5944277163234,0,0,1548.51,0,0,1333,0,0,0,0,1
MCH1334,"KALITA, SARRAF AND BHARDWAJ",5999,Retail Other,individual,Bangalore,Karnataka,09-28-2025,RPOB8162410396498,Live,"₹1,780.83",MCH1334,5999,Individual,Other Retail,2025-09-28 00:00:00,0,0,RPOB8162410396498,0,0,1780.83,0,0,1334,0,0,0,0,1
MCH1335,"Wagle, Kamdar and Mallick",7011,Hospitality,SOLE_PROPRIETOR,Mumbai,Maharashtra,05/03/2024 01:55 AM,OQHA9321120180853,Suspended,Rs. 398,MCH1335,7011,Sole Proprietor,Hotels & Hospitality,2024-03-05 01:55:00,0,0,OQHA9321120180853,0,0,398.0,0,0,1335,0,0,0,0,1
mch1336,"NARAYANAN, ANAND AND KALITA",5999.0,Other,SOLE-PROPRIETOR,Ludhiana,Punjab,,XXXX4236,Live,Rs. 699,MCH1336,5999,Sole Proprietor,Other Retail,,1,0,XXXX4236,0,1,699.0,0,0,1336,1,1,1,3,4
MCH1340,"Dash, Saxena and Kara",4131,Transport,private_limited,HYDERABAD,Telangana,04-03-2024,,INACTIVE,"INR 4,203.63",MCH1340,4131,Private Limited,Transportation,2024-04-03 00:00:00,0,0,,1,0,4203.63,0,0,1340,1,1,1,3,2
MCH1343,"Madan,TrivediandGanguly",,garments,individual,BLR,Karnataka,15/10/2025,QSCH7195613672769,ACTIVE,"1,927.76",MCH1343,,Individual,Unknown,2025-10-15 00:00:00,0,0,QSCH7195613672769,0,0,1927.76,0,0,1343,1,0,1,2,2
MCH 1345,Bhat Inc,5311,Department Stores,private_limited,Hyd,Telangana,01-28-2025,XXXX9759,Live,1702.79,MCH1345,5311,Private Limited,Department Stores,2025-01-28 00:00:00,0,0,XXXX9759,0,1,1702.79,0,0,1345,0,0,0,0,1
MCH1347,D’ALIA GROUP,7011.0,Hospitality,PRIVATE_LIMITED,chennai,Tamil Nadu,2023/07/02,XXXX4418,Enabled,"Rs. 1,739",MCH1347,7011,Private Limited,Hotels & Hospitality,2023-07-02 00:00:00,0,0,XXXX4418,0,1,1739.0,0,0,1347,0,0,0,0,1
MCH1349,Bahri and Sons,5912,Pharmacies,individual,HYDERABAD,Telangana,08-Jun-2025,BGVV4182827632214,ACTIVE,"₹2,320.20",MCH1349,5912,Individual,Pharmacy & Medical,2025-06-08 00:00:00,0,0,BGVV4182827632214,0,0,2320.2,0,0,1349,1,1,1,3,3
mch1350,"KRISHNAMURTHY, DUTT AND SURA",MCC-4814,phone service,partnership,MUMBAI,Maharashtra,07-25-2024,3860313878,ACTIVE,"₹1,360.18",MCH1350,4814,Partnership,Telecom,2024-07-25 00:00:00,0,0,3860313878,0,0,1360.18,0,0,1350,0,0,0,0,1
MCH1352,"Bandi, Soman and Manne",5812,Food,individual,Jalandar,Punjab,28/01/2026,,Live,"Rs. 4,146",MCH1352,5812,Individual,Food & Restaurants,2026-01-28 00:00:00,0,0,,1,0,4146.0,0,0,1352,0,1,0,1,2
mch1353,Lata LLC,MCC-5999,Misc Retail,INDIVIDUAL,Calcutta,West Bengal,,,Suspended,"₹1,213.36",MCH1353,5999,Individual,Other Retail,,1,0,,1,0,1213.36,0,0,1353,1,1,1,3,2
MCH1358,"CHAUDRY, BARAL AND MODI",4131,Transportation,INDIVIDUAL,Ludhiana,Punjab,07/06/2025,3312553110,Enabled,2115.38,MCH1358,4131,Individual,Transportation,2025-06-07 00:00:00,0,0,3312553110,0,0,2115.38,0,0,1358,1,1,1,3,2
MCH1359,  Palan-Minhas  ,,CLOTHS,INDIVIDUAL,Madras,Tamil Nadu,24/08/2024,,A,1891.91,MCH1359,,Individual,Unknown,2024-08-24 00:00:00,0,0,,1,0,1891.91,0,0,1359,0,0,0,0,1
MCH1363,Rattan-Shere,7011,HOTEL_LODGING,SOLE_PROPRIETOR,Madras,Tamil Nadu,2025/08/19,,ACTIVE,926.5,MCH1363,7011,Sole Proprietor,Hotels & Hospitality,2025-08-19 00:00:00,0,0,,1,0,926.5,0,0,1363,0,0,0,0,1
MCH1364,Ba1 Gr0up,05942,Book Store,Sole Proprietor,Lucknow,Uttar Pradesh,21-Feb-2025,,Enabled,-2000.66,MCH1364,5942,Sole Proprietor,Books & Stationery,2025-02-21 00:00:00,0,0,,1,0,-2000.66,0,1,1364,1,1,1,3,3
MCH 1365,  Agate PLC  ,5942,Stationery,PARTNERSHIP,pune,Maharashtra,10/12/2024,,Live,-2839.17,MCH1365,5942,Partnership,Books & Stationery,2024-12-10 00:00:00,0,0,,1,0,-2839.17,0,1,1365,1,1,1,3,2
mch1366,"shah, roy and srinivasan",misc,Grocery,sole_proprietor,Calcutta,West Bengal,2023-08-03 07:31:06,5320028837,Live,₹935.11,MCH1366,,Sole Proprietor,Unknown,2023-08-03 07:31:06,0,0,5320028837,0,0,935.11,0,0,1366,0,0,0,0,1
MCH1370,Wable LLC,4814,Telecom,PRIVATE-LIMITED,Jalandar,Punjab,19/11/2023,6802604838,A,"INR 3,898.88",MCH1370,4814,Private Limited,Telecom,2023-11-19 00:00:00,0,0,6802604838,0,0,3898.88,0,0,1370,0,0,0,0,1
MCH-1375,Doctor-Srinivasan,5912,chemist,private_limited,Madras,Tamil Nadu,,,A,Rs. 300,MCH1375,5912,Private Limited,Pharmacy & Medical,,1,0,,1,0,300.0,0,0,1375,1,1,1,3,3
MCH1377,Sinha-Gaba,5411,kirana,PRIVATE-LIMITED,Poona,Maharashtra,2025-12-04 06:37:25,YBUL0961027329909,I,"INR 1,471.43",MCH1377,5411,Private Limited,Grocery,2025-12-04 06:37:25,0,0,YBUL0961027329909,0,0,1471.43,0,0,1377,1,1,1,3,2
MCH1378,Patil-Deshmukh,05311,DEPT_STORE,Private Limited,Madras,Tamil Nadu,09/10/2023,HYZE0588457086111,ACTIVE,387.99,MCH1378,5311,Private Limited,Department Stores,2023-10-09 00:00:00,0,0,HYZE0588457086111,0,0,387.99,0,0,1378,0,0,0,0,1
MCH1379,Chokshi Ltd,5912,MEDICAL_STORE,individual,chennai,Tamil Nadu,2024/01/23,XXXX4340,A,"₹2,729.50",MCH1379,5912,Individual,Pharmacy & Medical,2024-01-23 00:00:00,0,0,XXXX4340,0,1,2729.5,0,0,1379,0,0,0,0,1
MCH1380,Mahal-Khare,5999,Miscellaneous,private_limited,mumbai,Maharashtra,23/02/2025 12:44 AM,TLPQ4078335945068,ACTIVE,"Rs. 3,004",MCH1380,5999,Private Limited,Other Retail,2025-02-23 00:44:00,0,0,TLPQ4078335945068,0,0,3004.0,0,0,1380,1,1,1,3,2
mch1383,dubey group,misc,Grocery,Individual,Hyderabad,Telangana,03/09/2023 04:33 PM,JDGO5125225131187,ACTIVE,,MCH1383,,Individual,Unknown,2023-09-03 16:33:00,0,0,JDGO5125225131187,0,0,,1,0,1383,0,0,0,0,1
MCH1384,Naidu-Bhatti,5812.0,Restaurants,INDIVIDUAL,Ludhiana,Punjab,03-04-2024,,ACTIVE,"₹3,910.34",MCH1384,5812,Individual,Food & Restaurants,2024-03-04 00:00:00,0,0,,1,0,3910.34,0,0,1384,1,0,1,2,2
MCH1387,HANDA-TALWAR,4131,TRAVEL,sole_proprietor,lucknow,Uttar Pradesh,05/10/2023 03:18 AM,,Live,Rs. 754,MCH1387,4131,Sole Proprietor,Transportation,2023-10-05 03:18:00,0,0,,1,0,754.0,0,0,1387,0,0,0,0,1
MCH1388,"Kala, Kunda and Pandit",5912,Medical,SOLE_PROPRIETOR,bengaluru,Karnataka,22/07/2025,PZDL0297294331143,Live,"INR 3,155.43",MCH1388,5912,Sole Proprietor,Pharmacy & Medical,2025-07-22 00:00:00,0,0,PZDL0297294331143,0,0,3155.43,0,0,1388,0,0,0,0,1
MCH1389,munshi-behl,5411,Grocery,individual,Pune,Maharashtra,06-17-2023,,A,"Rs. 3,913",MCH1389,5411,Individual,Grocery,2023-06-17 00:00:00,0,0,,1,0,3913.0,0,0,1389,0,0,0,0,1
1391,"Kale, Shroff and Barad",7011,Hotels,Individual,Kolkata,West Bengal,31/10/2025 06:57 AM,,Blocked,"Rs. 2,757",1391,7011,Individual,Hotels & Hospitality,2025-10-31 06:57:00,0,0,,1,0,2757.0,0,0,1391,0,0,0,0,1
MCH1392,Johal-Gaba,05912,Medical,PRIVATE-LIMITED,pune,Maharashtra,02-20-2024,XXXX9354,INACTIVE,"4,352.70",MCH1392,5912,Private Limited,Pharmacy & Medical,2024-02-20 00:00:00,0,0,XXXX9354,0,1,4352.7,0,0,1392,0,0,0,0,1
MCH1393,HEGDE-BAHRI,MCC-5912,MEDICAL_STORE,Partnership,ludhiana,Punjab,15-Nov-2024,BAUM6641100955450,Active,6478.07,MCH1393,5912,Partnership,Pharmacy & Medical,2024-11-15 00:00:00,0,0,BAUM6641100955450,0,0,6478.07,0,0,1393,0,0,0,0,1
1395,Venkatesh LLC,MCC-5812,Restaurant,partnership,lucknow,Uttar Pradesh,2023-04-16 01:21:59,2640758547,Active,Rs. 641,1395,5812,Partnership,Food & Restaurants,2023-04-16 01:21:59,0,0,2640758547,0,0,641.0,0,0,1395,0,0,0,0,1
MCH1397,Memon LLC,,Stationery,private_limited,BLR,Karnataka,18/04/2025,XXXX0515,Live,1062.38,MCH1397,,Private Limited,Unknown,2025-04-18 00:00:00,0,0,XXXX0515,0,1,1062.38,0,0,1397,1,1,1,3,2
MCH-1400,Kapoor-Bhalla,5699,Apparel,PARTNERSHIP,Madras,Tamil Nadu,17-May-2023,,Enabled,INR 913.08,MCH1400,5699,Partnership,Clothing,2023-05-17 00:00:00,0,0,,1,0,913.08,0,0,1400,0,0,0,0,1
MCH1401,Din and Sons,5411,Grocery,Individual,amritsar,Punjab,2025-07-20 20:31:24,2717124397,ACTIVE,INR 286.09,MCH1401,5411,Individual,Grocery,2025-07-20 20:31:24,0,0,2717124397,0,0,286.09,0,0,1401,0,0,0,0,1
MCH1405,chandra inc,5311,Department Store,PARTNERSHIP,ludhiana,Punjab,10/02/2026,4121935460,I,"Rs. 1,248",MCH1405,5311,Partnership,Department Stores,2026-02-10 00:00:00,0,0,4121935460,0,0,1248.0,0,0,1405,1,1,1,3,2
MCH1406,Parmer-Goswami,7011,Hotels,Private Limited,bengaluru,Karnataka,11-Jul-2024,XXXX3050,Live,2632.53,MCH1406,7011,Private Limited,Hotels & Hospitality,2024-07-11 00:00:00,0,0,XXXX3050,0,1,2632.53,0,0,1406,0,0,0,0,1
MCH1409,Baral LLC,MCC-5912,Medical,INDIVIDUAL,Hyd,Telangana,06/03/2023,,ACTIVE,-1891.12,MCH1409,5912,Individual,Pharmacy & Medical,2023-03-06 00:00:00,0,0,,1,0,-1891.12,0,1,1409,0,0,0,0,1
MCH1417,"sekhon, parsa and bandi",4814,TELECOM,Sole Proprietor,Mumbay,Maharashtra,2026/01/26,,Live,1501.66,MCH1417,4814,Sole Proprietor,Telecom,2026-01-26 00:00:00,0,0,,1,0,1501.66,0,0,1417,0,0,0,0,1
MCH1420,Aggarwal-Garde,4131,Bus/Taxi,SOLE_PROPRIETOR,mumbai,Maharashtra,18-Mar-2024,XXXX4337,ACTIVE,₹830.85,MCH1420,4131,Sole Proprietor,Transportation,2024-03-18 00:00:00,0,0,XXXX4337,0,1,830.85,0,0,1420,1,1,1,3,3
MCH1422,Merchant and Sons,5912,Pharmacy,Individual,HYDERABAD,Telangana,25/04/2023,,Live,4074.0,MCH1422,5912,Individual,Pharmacy & Medical,2023-04-25 00:00:00,0,0,,1,0,4074.0,0,0,1422,0,0,0,0,1
MCH1424,"GOEL, BALAY AND DUA",7011,HOTEL_LODGING,PRIVATE-LIMITED,Jalandar,Punjab,2025-10-19 00:36:54,,Enabled,5339.46,MCH1424,7011,Private Limited,Hotels & Hospitality,2025-10-19 00:36:54,0,0,,1,0,5339.46,0,0,1424,0,0,0,0,1
MCH 1428,De-Natarajan,4131,Transportation,individual,Mumbai,Maharashtra,2025/12/30,IPNL0786549644750,ACTIVE,"Rs. 1,289",MCH1428,4131,Individual,Transportation,2025-12-30 00:00:00,0,0,IPNL0786549644750,0,0,1289.0,0,0,1428,0,0,0,0,1
MCH1429,Pal Ltd,5411,Grocery,INDIVIDUAL,Jaipur,Rajasthan,10-13-2024,YBSQ5701995451285,Live,Rs. 258,MCH1429,5411,Individual,Grocery,2024-10-13 00:00:00,0,0,YBSQ5701995451285,0,0,258.0,0,0,1429,0,0,0,0,1
MCH1430,"Bhavsar, Dora and Singh",5812,Restaurant,PRIVATE_LIMITED,Dilli,Delhi,2024/03/07,,Enabled,₹238.76,MCH1430,5812,Private Limited,Food & Restaurants,2024-03-07 00:00:00,0,0,,1,0,238.76,0,0,1430,0,0,0,0,1
MCH1434,Kale and Sons,5812,Restaurants,PRIVATE_LIMITED,Jalandar,Punjab,04-25-2023,0258989067,Enabled,985.73,MCH1434,5812,Private Limited,Food & Restaurants,2023-04-25 00:00:00,0,0,0258989067,0,0,985.73,0,0,1434,0,0,0,0,1
MCH1438,"Memon, Chaudhuri and Choudhry",5812,Restaurants,Sole Proprietor,Amritsar,Punjab,17-May-2024,,Live,"Rs. 2,393",MCH1438,5812,Sole Proprietor,Food & Restaurants,2024-05-17 00:00:00,0,0,,1,0,2393.0,0,0,1438,1,1,1,3,2
MCH-1439,Chawla Ltd,,Bus/Taxi,INDIVIDUAL,chennai,Tamil Nadu,10-May-2023,OYZO1535504454366,Live,"6,190.53",MCH1439,,Individual,Unknown,2023-05-10 00:00:00,0,0,OYZO1535504454366,0,0,6190.53,0,0,1439,0,0,0,0,2
MCH1441,"Kakar, Parsa and Sodhi",5999,Miscellaneous,partnership,LKO,Uttar Pradesh,09/06/2024,SBUL4886955523512,Live,"1,723.15",MCH1441,5999,Partnership,Other Retail,2024-06-09 00:00:00,0,0,SBUL4886955523512,0,0,1723.15,0,0,1441,0,0,0,0,1
MCH1442,  Wadhwa-Walla  ,7011,Hotel,Private Limited,pune,Maharashtra,12-13-2025,,Active,"1,483.74",MCH1442,7011,Private Limited,Hotels & Hospitality,2025-12-13 00:00:00,0,0,,1,0,1483.74,0,0,1442,0,0,0,0,1
MCH1443,Swamy PLC,5999.0,Misc Retail,PRIVATE-LIMITED,lucknow,Uttar Pradesh,10/06/2023,,Closed,₹209.63,MCH1443,5999,Private Limited,Other Retail,2023-06-10 00:00:00,0,0,,1,0,209.63,0,0,1443,0,0,0,0,1
MCH1445,Wali PLC,5411,groceries,sole_proprietor,Hyd,Telangana,1699550639,8128323198,Live,"Rs. 1,200",MCH1445,5411,Sole Proprietor,Grocery,2023-11-09 17:23:59,0,0,8128323198,0,0,1200.0,0,0,1445,0,0,0,0,1
MCH1446,Sunder-Sathe,5311,Department Stores,SOLE-PROPRIETOR,Chennai,Tamil Nadu,11-18-2024,XXXX0028,A,"₹3,885.08",MCH1446,5311,Sole Proprietor,Department Stores,2024-11-18 00:00:00,0,0,XXXX0028,0,1,3885.08,0,0,1446,0,0,0,0,1
MCH-1447,Uppal Ltd,5912,Medical,Partnership,lucknow,Uttar Pradesh,20/02/2026,,A,236.04,MCH1447,5912,Partnership,Pharmacy & Medical,2026-02-20 00:00:00,0,0,,1,0,236.04,0,0,1447,1,1,1,3,2
MCH1448,TAK AND SONS,05999,Other,sole_proprietor,Mumbay,Maharashtra,2024-03-30 02:02:17,XXXX9348,ACTIVE,"₹2,897.23",MCH1448,5999,Sole Proprietor,Other Retail,2024-03-30 02:02:17,0,0,XXXX9348,0,1,2897.23,0,0,1448,0,0,0,0,1
mch1449,"Chadha, Ramakrishnan and Badami",7011,HOTEL_LODGING,Partnership,Hyderabad,Telangana,2023-09-28 15:52:52,,Blocked,1634.83,MCH1449,7011,Partnership,Hotels & Hospitality,2023-09-28 15:52:52,0,0,,1,0,1634.83,0,0,1449,0,0,0,0,1
MCH1450,"HORA, KUNDA AND DANI",5311,Department Store,Sole Proprietor,ludhiana,Punjab,10-30-2023,XXXX1537,Disabled,1853.9,MCH1450,5311,Sole Proprietor,Department Stores,2023-10-30 00:00:00,0,0,XXXX1537,0,1,1853.9,0,0,1450,0,0,0,0,1
MCH1454,Mishra-Batra,5999,Other,sole_proprietor,Hyd,Telangana,02/12/2025 08:43 PM,ARMV5646544388660,Live,163.44,MCH1454,5999,Sole Proprietor,Other Retail,2025-12-02 20:43:00,0,0,ARMV5646544388660,0,0,163.44,0,0,1454,1,1,0,2,3
MCH1456,Madan-Ganesh,5699,Apparel,INDIVIDUAL,amritsar,Punjab,01/11/2025,,Live,,MCH1456,5699,Individual,Clothing,2025-11-01 00:00:00,0,0,,1,0,,1,0,1456,0,0,0,0,1
MCH1457,Shetty Group,MCC-5999,Other,INDIVIDUAL,Jalandar,Punjab,11/07/2025,7979475554,ACTIVE,"INR 1,159.43",MCH1457,5999,Individual,Other Retail,2025-07-11 00:00:00,0,0,7979475554,0,0,1159.43,0,0,1457,0,0,0,0,1
MCH1458,Chatterjee-Saran,UNKNOWN,Department Stores,SOLE_PROPRIETOR,Jalandar,Punjab,09/05/2025,XXXX1187,INACTIVE,658.54,MCH1458,,Sole Proprietor,Unknown,2025-05-09 00:00:00,0,0,XXXX1187,0,1,658.54,0,0,1458,0,0,0,0,1
mch1459,"Palla, Saini and Date",7011,Hotel,individual,Ludhiana,Punjab,20/02/2024,,Suspended,1582.79,MCH1459,7011,Individual,Hotels & Hospitality,2024-02-20 00:00:00,0,0,,1,0,1582.79,0,0,1459,0,0,0,0,1
MCH1462,Swamy Inc,5912,chemist,PRIVATE-LIMITED,Jalandar,Punjab,13-Sep-2023,CPHK2049802773880,Inactive,"Rs. 1,411",MCH1462,5912,Private Limited,Pharmacy & Medical,2023-09-13 00:00:00,0,0,CPHK2049802773880,0,0,1411.0,0,0,1462,0,0,0,0,1
MCH1465,"Shah, Solanki and Rajagopalan",5699,garments,INDIVIDUAL,LKO,Uttar Pradesh,04/10/2024,XXXX9396,Suspended,INR 725.72,MCH1465,5699,Individual,Clothing,2024-10-04 00:00:00,0,0,XXXX9396,0,1,725.72,0,0,1465,1,1,1,3,2
mch1469,"CHOUDHURY, JANI AND RAMASWAMY",5942,Books,sole_proprietor,BLR,Karnataka,03-28-2025,XXXX9996,Enabled,Rs. 416,MCH1469,5942,Sole Proprietor,Books & Stationery,2025-03-28 00:00:00,0,0,XXXX9996,0,1,416.0,0,0,1469,0,0,0,0,1
MCH1473,Lata-Khurana,,MEDICAL_STORE,PARTNERSHIP,HYDERABAD,Telangana,,,Inactive,INR 326.76,MCH1473,,Partnership,Unknown,,1,0,,1,0,326.76,0,0,1473,0,0,0,0,1
MCH1474,"sami, sur and tank",04131,Transportation,private_limited,Pune,Maharashtra,,XXXX6224,Enabled,1645.61,MCH1474,4131,Private Limited,Transportation,,1,0,XXXX6224,0,1,1645.61,0,0,1474,0,0,0,0,1
mch1475,"Bora, Bhakta and Aurora",,Department Stores,private_limited,Calcutta,West Bengal,11-Jun-2024,8871048979,Enabled,"1,652.87",MCH1475,,Private Limited,Unknown,2024-06-11 00:00:00,0,0,8871048979,0,0,1652.87,0,0,1475,0,0,0,0,1
MCH-1477,Ahluwalia-Devan,5912,MEDICAL_STORE,Partnership,JPR,Rajasthan,15/04/2024,XXXX2364,A,551.17,MCH1477,5912,Partnership,Pharmacy & Medical,2024-04-15 00:00:00,0,0,XXXX2364,0,1,551.17,0,0,1477,0,0,0,0,1
MCH1478,Sah0ta LLC,5912,Pharmacies,individual,jaipur,Rajasthan,2024-09-12 18:14:03,1321864172,I,"Rs. 2,037",MCH1478,5912,Individual,Pharmacy & Medical,2024-09-12 18:14:03,0,0,1321864172,0,0,2037.0,0,0,1478,0,0,0,0,1
MCH1479,"Mandal, Barad and Srinivasan",5942,Books,PARTNERSHIP,kolkata,West Bengal,27/07/2025,XXXX4686,Enabled,,MCH1479,5942,Partnership,Books & Stationery,2025-07-27 00:00:00,0,0,XXXX4686,0,1,,1,0,1479,0,0,0,0,1
MCH1480,  Bala-Magar  ,05999,Misc Retail,INDIVIDUAL,HYDERABAD,Telangana,,,Active,,MCH1480,5999,Individual,Other Retail,,1,0,,1,0,,1,0,1480,0,0,0,0,1
MCH1482,"Bahri,SarinandHora",5999,Miscellaneous,Partnership,HYDERABAD,Telangana,01-26-2024,2731738944,Hold,"Rs. 1,651",MCH1482,5999,Partnership,Other Retail,2024-01-26 00:00:00,0,0,2731738944,0,0,1651.0,0,0,1482,0,0,0,0,1
MCH1483,Mohan-Kari,5942.0,Books,Private Limited,amritsar,Punjab,02-11-2026,XXXX3338,Active,"1,901.08",MCH1483,5942,Private Limited,Books & Stationery,2026-02-11 00:00:00,0,0,XXXX3338,0,1,1901.08,0,0,1483,0,0,0,0,1
mch1484,"  Uppal, Butala and Tata  ",07011,Hospitality,individual,Bangalore,Karnataka,18-Feb-2025,,Enabled,-3825.1,MCH1484,7011,Individual,Hotels & Hospitality,2025-02-18 00:00:00,0,0,,1,0,-3825.1,0,1,1484,0,0,0,0,1
mch1488,"Chada, Gopal and Rajagopal",4814,Mobile Recharge,SOLE-PROPRIETOR,Jaipur,Rajasthan,02-Jan-2026,,Enabled,"Rs. 1,905",MCH1488,4814,Sole Proprietor,Telecom,2026-01-02 00:00:00,0,0,,1,0,1905.0,0,0,1488,0,0,0,0,1
MCH 1491,"Sarna, Chand and Goda",4814,Telecom,Sole Proprietor,ludhiana,Punjab,2026/01/27,,Live,1075.6,MCH1491,4814,Sole Proprietor,Telecom,2026-01-27 00:00:00,0,0,,1,0,1075.6,0,0,1491,1,1,1,3,2
MCH1492,"PANCHAL, BAIL AND NADKARNI",05912,Medical,sole_proprietor,Jaipur,Rajasthan,2024/07/05,,Hold,"6,674.02",MCH1492,5912,Sole Proprietor,Pharmacy & Medical,2024-07-05 00:00:00,0,0,,1,0,6674.02,0,0,1492,1,1,1,3,2
mch1493,"Kar, Nath and Koshy",5942,BOOKS_STATIONERY,INDIVIDUAL,BLR,Karnataka,28-Jan-2023,XXXX9866,Active,,MCH1493,5942,Individual,Books & Stationery,2023-01-28 00:00:00,0,0,XXXX9866,0,1,,1,0,1493,0,0,0,0,1
mch1494,Joshi-Bala,5311.0,Retail,SOLE-PROPRIETOR,MUMBAI,Maharashtra,2023/12/07,QLRF2864130155210,A,997.33,MCH1494,5311,Sole Proprietor,Department Stores,2023-12-07 00:00:00,0,0,QLRF2864130155210,0,0,997.33,0,0,1494,1,1,1,3,2
MCH 1497,Lanka PLC,5912.0,Medical,Private Limited,ASR,Punjab,2025/09/24,,ACTIVE,"Rs. 1,817",MCH1497,5912,Private Limited,Pharmacy & Medical,2025-09-24 00:00:00,0,0,,1,0,1817.0,0,0,1497,0,0,0,0,1
MCH1498,Deo-Mand,5999,Retail Other,SOLE_PROPRIETOR,chennai,Tamil Nadu,01/03/2025,,A,1460.33,MCH1498,5999,Sole Proprietor,Other Retail,2025-03-01 00:00:00,0,0,,1,0,1460.33,0,0,1498,0,0,0,0,1
MCH1501,Anand-Bhatt,04814,Telecom,PARTNERSHIP,Hyderabad,Telangana,2025/11/07,XXXX2933,Active,"₹4,185.60",MCH1501,4814,Partnership,Telecom,2025-11-07 00:00:00,0,0,XXXX2933,0,1,4185.6,0,0,1501,0,0,0,0,1
MCH1506,GANDHI-LOKE,5912,Pharmacies,PARTNERSHIP,chennai,Tamil Nadu,13/06/2024 05:59 PM,,Enabled,Rs. 967,MCH1506,5912,Partnership,Pharmacy & Medical,2024-06-13 17:59:00,0,0,,1,0,967.0,0,0,1506,0,0,0,0,1
MCH 1509,"Rajan, Dash and Bora",,Transportation,private_limited,Amritsar,Punjab,26-Apr-2025,,INACTIVE,Rs. 806,MCH1509,,Private Limited,Unknown,2025-04-26 00:00:00,0,0,,1,0,806.0,0,0,1509,0,0,0,0,1
MCH1514,"Lata, Raja and Parsa",5311,Retail,PRIVATE_LIMITED,jalandhar,Punjab,2024-06-14 17:26:04,XXXX1457,Enabled,553.18,MCH1514,5311,Private Limited,Department Stores,2024-06-14 17:26:04,0,0,XXXX1457,0,1,553.18,0,0,1514,0,0,0,0,1
MCH1515,"MALL, KARA AND SASTRY",MCC-5699,CLOTHS,PARTNERSHIP,HYDERABAD,Telangana,2024/07/19,9073071658,Live,,MCH1515,5699,Partnership,Clothing,2024-07-19 00:00:00,0,0,9073071658,0,0,,1,0,1515,0,0,0,0,1
MCH1516,LOYAL AND SONS,5999,Misc Retail,Private Limited,LDH,Punjab,12/01/2023 02:16 PM,XXXX1307,Enabled,1471.99,MCH1516,5999,Private Limited,Other Retail,2023-01-12 14:16:00,0,0,XXXX1307,0,1,1471.99,0,0,1516,0,0,0,0,1
MCH1518,"Deol, Mand and Bhattacharyya",4131,Transportation,partnership,Jaipur,Rajasthan,2023-09-17 16:16:07,,SUSPENDED,Rs. 862,MCH1518,4131,Partnership,Transportation,2023-09-17 16:16:07,0,0,,1,0,862.0,0,0,1518,1,1,1,3,2
MCH1522,Mody Inc,5912,Pharmacy,sole_proprietor,jaipur,Rajasthan,04-Aug-2024,,A,631.57,MCH1522,5912,Sole Proprietor,Pharmacy & Medical,2024-08-04 00:00:00,0,0,,1,0,631.57,0,0,1522,0,0,0,0,1
MCH1525,sant-bhavsar,05942,Books,INDIVIDUAL,Jaipur,Rajasthan,2023/09/10,XXXX7524,A,INR 754.82,MCH1525,5942,Individual,Books & Stationery,2023-09-10 00:00:00,0,0,XXXX7524,0,1,754.82,0,0,1525,0,0,0,0,1
MCH1526,CHOWDHURY AND SONS,4814,Mobile Recharge,sole_proprietor,Bangalore,Karnataka,07-14-2023,HWTS1273017978357,ACTIVE,"₹2,697.93",MCH1526,4814,Sole Proprietor,Telecom,2023-07-14 00:00:00,0,0,HWTS1273017978357,0,0,2697.93,0,0,1526,0,0,0,0,1
MCH1529,"Sangha,BanerjeeandSengupta",7011,Hospitality,private_limited,Ludhiana,Punjab,06-Feb-2023,,Inactive,1257.59,MCH1529,7011,Private Limited,Hotels & Hospitality,2023-02-06 00:00:00,0,0,,1,0,1257.59,0,0,1529,0,0,0,0,1
MCH1530,"suresh, kadakia and iyer",5912,Medical,PRIVATE_LIMITED,Jalandhar,Punjab,23/08/2024 02:54 PM,,Enabled,158.58,MCH1530,5912,Private Limited,Pharmacy & Medical,2024-08-23 14:54:00,0,0,,1,0,158.58,0,0,1530,1,1,1,3,2
MCH1531,Savant and Sons,7011,Hotel,private_limited,Delhi,Delhi,2026/02/10,,Closed,"1,019.94",MCH1531,7011,Private Limited,Hotels & Hospitality,2026-02-10 00:00:00,0,0,,1,0,1019.94,0,0,1531,0,0,0,0,1
1532,sarna-kota,05999,Miscellaneous,private_limited,New Delhi,Delhi,21/10/2024,,A,4843.68,1532,5999,Private Limited,Other Retail,2024-10-21 00:00:00,0,0,,1,0,4843.68,0,0,1532,0,0,0,0,1
MCH1533,Wason and Sons,5812,eating place,partnership,Amritsar,Punjab,1743060769,,I,419.64,MCH1533,5812,Partnership,Food & Restaurants,2025-03-27 07:32:49,0,0,,1,0,419.64,0,0,1533,0,0,0,0,1
1534,"MERCHANT, SARNA AND KORPAL",5912,chemist,PRIVATE-LIMITED,HYDERABAD,Telangana,02/04/2023 02:45 PM,,Closed,3752.5,1534,5912,Private Limited,Pharmacy & Medical,2023-04-02 14:45:00,0,0,,1,0,3752.5,0,0,1534,0,0,0,0,1
MCH1537,Goswami-Sibal,MCC-5812,FOOD_SERVICES,Partnership,Hyderabad,Telangana,04-05-2023,VFGD4255370364176,Enabled,360.35,MCH1537,5812,Partnership,Food & Restaurants,2023-04-05 00:00:00,0,0,VFGD4255370364176,0,0,360.35,0,0,1537,0,0,0,0,1
MCH1540,DAVE LLC,5942.0,BOOKS_STATIONERY,SOLE_PROPRIETOR,mumbai,Maharashtra,05-21-2024,,A,Rs. 525,MCH1540,5942,Sole Proprietor,Books & Stationery,2024-05-21 00:00:00,0,0,,1,0,525.0,0,0,1540,1,1,1,3,2
MCH1541,Bhattacharyya-Hans,MCC-7011,Hotels,PRIVATE-LIMITED,kolkata,West Bengal,2024/03/24,XXXX2848,Enabled,₹621.01,MCH1541,7011,Private Limited,Hotels & Hospitality,2024-03-24 00:00:00,0,0,XXXX2848,0,1,621.01,0,0,1541,1,0,0,1,2
1543,  Parmer Group  ,4131,TRAVEL,INDIVIDUAL,HYDERABAD,Telangana,04/02/2025 08:13 PM,,Active,"1,064.76",1543,4131,Individual,Transportation,2025-02-04 20:13:00,0,0,,1,0,1064.76,0,0,1543,0,0,0,0,1
MCH1551,malhotra-subramanian,5812,eating place,PARTNERSHIP,Pune,Maharashtra,06-13-2024,,Live,1909.07,MCH1551,5812,Partnership,Food & Restaurants,2024-06-13 00:00:00,0,0,,1,0,1909.07,0,0,1551,0,0,0,0,1
MCH 1552,uppal plc,4131,transprt,SOLE_PROPRIETOR,HYDERABAD,Telangana,,,Live,"Rs. 1,136",MCH1552,4131,Sole Proprietor,Transportation,,1,0,,1,0,1136.0,0,0,1552,0,0,0,0,1
MCH-1553,basu-varma,5942,Book Store,SOLE_PROPRIETOR,Calcutta,West Bengal,,,Enabled,"Rs. 1,630",MCH1553,5942,Sole Proprietor,Books & Stationery,,1,0,,1,0,1630.0,0,0,1553,0,0,0,0,1
MCH1555,Raj LLC,5942,Stationery,individual,Pune,Maharashtra,23/04/2023,,A,Rs. 602,MCH1555,5942,Individual,Books & Stationery,2023-04-23 00:00:00,0,0,,1,0,602.0,0,0,1555,0,0,0,0,1
MCH1558,Shroff-Khanna,4814,Telecom,PARTNERSHIP,BLR,Karnataka,1674219162,,Live,1953.35,MCH1558,4814,Partnership,Telecom,2023-01-20 12:52:42,0,0,,1,0,1953.35,0,0,1558,0,0,0,0,1
MCH1561,Gera-Kota,5942,Books,sole_proprietor,jaipur,Rajasthan,15/06/2024,8921681390,I,Rs. 530,MCH1561,5942,Sole Proprietor,Books & Stationery,2024-06-15 00:00:00,0,0,8921681390,0,0,530.0,0,0,1561,0,0,0,0,1
MCH1563,Mandal-Biswas,4814,Telecom,PARTNERSHIP,jaipur,Rajasthan,10/11/2023,5466191568,Suspended,-376.51,MCH1563,4814,Partnership,Telecom,2023-11-10 00:00:00,0,0,5466191568,0,0,-376.51,0,1,1563,0,0,0,0,1
MCH1567,  Bhargava-Bora  ,5812,Food,PRIVATE_LIMITED,Jalandhar,Punjab,20-Dec-2024,PRCN9599813480981,ACTIVE,101.33,MCH1567,5812,Private Limited,Food & Restaurants,2024-12-20 00:00:00,0,0,PRCN9599813480981,0,0,101.33,0,0,1567,1,1,1,3,3
MCH1568,Chandran Ltd,7011,HOTEL_LODGING,SOLE_PROPRIETOR,lucknow,Uttar Pradesh,04-Sep-2024,,Active,3618.31,MCH1568,7011,Sole Proprietor,Hotels & Hospitality,2024-09-04 00:00:00,0,0,,1,0,3618.31,0,0,1568,0,0,0,0,1
MCH1569,"Bal, Wali and Sheth",4814,Mobile Recharge,Private Limited,Chennai,Tamil Nadu,11-Oct-2025,XXXX9971,Active,"₹1,678.57",MCH1569,4814,Private Limited,Telecom,2025-10-11 00:00:00,0,0,XXXX9971,0,1,1678.57,0,0,1569,0,0,0,0,1
MCH1571,"Rao, Viswanathan and Joshi",MCC-4131,transprt,sole_proprietor,chennai,Tamil Nadu,1691037651,,A,866.2,MCH1571,4131,Sole Proprietor,Transportation,2023-08-03 04:40:51,0,0,,1,0,866.2,0,0,1571,0,0,0,0,1
mch1573,"Tailor, Som and Soni",04814,phone service,PARTNERSHIP,jalandhar,Punjab,2023/12/11,,ACTIVE,540.20,MCH1573,4814,Partnership,Telecom,2023-12-11 00:00:00,0,0,,1,0,540.2,0,0,1573,0,0,0,0,1
mch1578,gala ltd,5999,Miscellaneous,INDIVIDUAL,BLR,Karnataka,13/04/2023,,ACTIVE,446.42,MCH1578,5999,Individual,Other Retail,2023-04-13 00:00:00,0,0,,1,0,446.42,0,0,1578,0,0,0,0,1
MCH1580,"  Subramaniam, Krishnamurthy and Din  ",MCC-5999,Miscellaneous,SOLE_PROPRIETOR,Kolkata,West Bengal,01-Aug-2025,IDJM3876425874680,Live,"2,992.77",MCH1580,5999,Sole Proprietor,Other Retail,2025-08-01 00:00:00,0,0,IDJM3876425874680,0,0,2992.77,0,0,1580,0,0,0,0,1
MCH1581,"Nayak, Verma and Sawhney",5311,Department Stores,Partnership,MUMBAI,Maharashtra,01-11-2025,,Enabled,"INR 3,655.93",MCH1581,5311,Partnership,Department Stores,2025-01-11 00:00:00,0,0,,1,0,3655.93,0,0,1581,0,0,0,0,1
MCH1583,SARIN-MORE,5812,Restaurants,private_limited,ASR,Punjab,2023/10/05,1923155303,Live,1435.48,MCH1583,5812,Private Limited,Food & Restaurants,2023-10-05 00:00:00,0,0,1923155303,0,0,1435.48,0,0,1583,0,0,0,0,1
MCH1585,Khalsa-Kulkarni,5311,DEPT_STORE,PARTNERSHIP,New Delhi,Delhi,2023/05/22,XXXX6587,Enabled,3398.13,MCH1585,5311,Partnership,Department Stores,2023-05-22 00:00:00,0,0,XXXX6587,0,1,3398.13,0,0,1585,0,0,0,0,1
mch1587,Srivastava-Saha,5912,Pharmacies,PRIVATE-LIMITED,kolkata,West Bengal,,XXXX9260,Enabled,"Rs. 1,502",MCH1587,5912,Private Limited,Pharmacy & Medical,,1,0,XXXX9260,0,1,1502.0,0,0,1587,0,0,0,0,1
MCH1588,Doctor Ltd,4131,Transportation,INDIVIDUAL,ludhiana,Punjab,07-27-2025,XXXX2866,Suspended,1791.21,MCH1588,4131,Individual,Transportation,2025-07-27 00:00:00,0,0,XXXX2866,0,1,1791.21,0,0,1588,0,0,0,0,1
MCH1591,Ramaswamy-Babu,5311,DEPT_STORE,PARTNERSHIP,amritsar,Punjab,18/04/2024,,Enabled,1638.46,MCH1591,5311,Partnership,Department Stores,2024-04-18 00:00:00,0,0,,1,0,1638.46,0,0,1591,0,0,0,0,1
MCH 1592,AgateInc,05311,Retail,PRIVATE-LIMITED,HYDERABAD,Telangana,1738202441,GLPT6683638156046,S,1072.45,MCH1592,5311,Private Limited,Department Stores,2025-01-30 02:00:41,0,0,GLPT6683638156046,0,0,1072.45,0,0,1592,1,1,1,3,2
MCH1593,Wali-Murthy,5999,Miscellaneous,sole_proprietor,BLR,Karnataka,1771848866,XXXX7216,Live,"₹15,388.22",MCH1593,5999,Sole Proprietor,Other Retail,2026-02-23 12:14:26,0,0,XXXX7216,0,1,15388.22,0,0,1593,0,0,0,0,1
MCH1594,Bera Inc,5999,Retail Other,PRIVATE-LIMITED,amritsar,Punjab,2024/09/05,9659925213,Live,"INR 2,187.43",MCH1594,5999,Private Limited,Other Retail,2024-09-05 00:00:00,0,0,9659925213,0,0,2187.43,0,0,1594,0,0,0,0,1
MCH1599,RASTOGI-KUMER,5311,Department Store,PARTNERSHIP,jalandhar,Punjab,25/12/2025,EEOR2299289390848,A,₹361.82,MCH1599,5311,Partnership,Department Stores,2025-12-25 00:00:00,0,0,EEOR2299289390848,0,0,361.82,0,0,1599,0,0,0,0,1
MCH1600,"warrior, anand and kata",5311,Department Store,INDIVIDUAL,chennai,Tamil Nadu,07/10/2025,DNAN6947992423478,ACTIVE,"₹2,937.03",MCH1600,5311,Individual,Department Stores,2025-10-07 00:00:00,0,0,DNAN6947992423478,0,0,2937.03,0,0,1600,0,0,0,0,1
MCH-1605,ShethandSons,4131,TRAVEL,Sole Proprietor,mumbai,Maharashtra,,9021316639,A,"1,128.85",MCH1605,4131,Sole Proprietor,Transportation,,1,0,9021316639,0,0,1128.85,0,0,1605,1,1,1,3,3
MCH1609,Ram-Palla,4814,Mobile Recharge,Private Limited,mumbai,Maharashtra,17/07/2023 09:30 PM,8485226822,Live,554.3,MCH1609,4814,Private Limited,Telecom,2023-07-17 21:30:00,0,0,8485226822,0,0,554.3,0,0,1609,0,0,0,0,1
mch1610,Sodhi-Parekh,5411,GROCERY_STORE,partnership,Amritsar,Punjab,,XXXX7277,A,"INR 1,488.13",MCH1610,5411,Partnership,Grocery,,1,0,XXXX7277,0,1,1488.13,0,0,1610,0,0,0,0,1
MCH1611,Karan-Kibe,UNKNOWN,groceries,sole_proprietor,Jalandhar,Punjab,06/03/2024,,A,343.64,MCH1611,,Sole Proprietor,Unknown,2024-03-06 00:00:00,0,0,,1,0,343.64,0,0,1611,0,0,0,0,1
mch1612,"Andra, Chana and Saha",5812,eating place,sole_proprietor,LKO,Uttar Pradesh,27/10/2025,5702735332,I,655.56,MCH1612,5812,Sole Proprietor,Food & Restaurants,2025-10-27 00:00:00,0,0,5702735332,0,0,655.56,0,0,1612,1,1,1,3,3
MCH1616,"Suresh, Borra and Ganesh",4814,Telecom,Individual,Chennai,Tamil Nadu,10-Nov-2023,,Active,"Rs. 2,818",MCH1616,4814,Individual,Telecom,2023-11-10 00:00:00,0,0,,1,0,2818.0,0,0,1616,0,0,0,0,1
MCH1617,Cherian LLC,05311,DEPT_STORE,INDIVIDUAL,HYDERABAD,Telangana,1707462837,4300505477,ACTIVE,-11340.36,MCH1617,5311,Individual,Department Stores,2024-02-09 07:13:57,0,0,4300505477,0,0,-11340.36,0,1,1617,0,0,0,0,1
MCH-1618,Muni Ltd,5812,Restaurant,Individual,delhi,Delhi,2023-11-01 18:31:16,,Active,"₹1,051.73",MCH1618,5812,Individual,Food & Restaurants,2023-11-01 18:31:16,0,0,,1,0,1051.73,0,0,1618,0,0,0,0,1
MCH1619,DIVAN-BHATTI,MCC-5912,Pharmacy,sole_proprietor,New Delhi,Delhi,24-Dec-2025,,Active,477.85,MCH1619,5912,Sole Proprietor,Pharmacy & Medical,2025-12-24 00:00:00,0,0,,1,0,477.85,0,0,1619,0,0,0,0,1
MCH1621,pandey-soni,5812,Restaurant,Sole Proprietor,Pune,Maharashtra,15/11/2023,XXXX4420,Closed,Rs. 769,MCH1621,5812,Sole Proprietor,Food & Restaurants,2023-11-15 00:00:00,0,0,XXXX4420,0,1,769.0,0,0,1621,0,0,0,0,1
MCH1625,"Bora, Hayer and Koshy",,Miscellaneous,INDIVIDUAL,Bangalore,Karnataka,1729729956,TNHP5317294437298,ACTIVE,-1201.74,MCH1625,,Individual,Unknown,2024-10-24 00:32:36,0,0,TNHP5317294437298,0,0,-1201.74,0,1,1625,1,1,1,3,4
1626,"Pau, Iyengar and Khare",5999,Misc Retail,sole_proprietor,delhi,Delhi,12-Jul-2025,XXXX6353,A,₹550.42,1626,5999,Sole Proprietor,Other Retail,2025-07-12 00:00:00,0,0,XXXX6353,0,1,550.42,0,0,1626,0,0,0,0,1
MCH1627,DUA LTD,5999,Miscellaneous,private_limited,LKO,Uttar Pradesh,31/07/2024,,A,160.25,MCH1627,5999,Private Limited,Other Retail,2024-07-31 00:00:00,0,0,,1,0,160.25,0,0,1627,0,0,0,0,1
1628,"rao, buch and kala",5912,Pharmacy,INDIVIDUAL,LKO,Uttar Pradesh,2025-01-08 16:04:25,,Live,₹789.95,1628,5912,Individual,Pharmacy & Medical,2025-01-08 16:04:25,0,0,,1,0,789.95,0,0,1628,0,0,0,0,1
1630,Yogi-Agate,5942,Book Store,PARTNERSHIP,Kolkata,West Bengal,31-Oct-2023,XXXX1041,ACTIVE,INR 444.27,1630,5942,Partnership,Books & Stationery,2023-10-31 00:00:00,0,0,XXXX1041,0,1,444.27,0,0,1630,0,0,0,0,1
MCH1636,"Natt, Mitter and Oza",7011,HOTEL_LODGING,SOLE-PROPRIETOR,Delhi,Delhi,2025-01-17 21:22:17,,Active,Rs. 987,MCH1636,7011,Sole Proprietor,Hotels & Hospitality,2025-01-17 21:22:17,0,0,,1,0,987.0,0,0,1636,1,1,1,3,2
mch1639,"  Borah, Dhaliwal and Morar  ",5999,Misc Retail,PARTNERSHIP,kolkata,West Bengal,14/11/2024 10:51 AM,XXXX3629,A,"Rs. 7,799",MCH1639,5999,Partnership,Other Retail,2024-11-14 10:51:00,0,0,XXXX3629,0,1,7799.0,0,0,1639,1,1,1,3,2
MCH1640,Trivedi-Agrawal,5411,kirana,PRIVATE_LIMITED,Jalandhar,Punjab,2025-01-25 11:29:34,WQQD1666405545072,Live,"INR 2,316.65",MCH1640,5411,Private Limited,Grocery,2025-01-25 11:29:34,0,0,WQQD1666405545072,0,0,2316.65,0,0,1640,1,1,1,3,3
MCH1641,bali llc,5999,Other,sole_proprietor,delhi,Delhi,,,Live,-3239.36,MCH1641,5999,Sole Proprietor,Other Retail,,1,0,,1,0,-3239.36,0,1,1641,0,0,0,0,1
mch1642,Zacharia-Dhawan,5411,GROCERY_STORE,PARTNERSHIP,Kolkata,West Bengal,2023-01-02 04:08:32,XXXX3812,Enabled,Rs. 363,MCH1642,5411,Partnership,Grocery,2023-01-02 04:08:32,0,0,XXXX3812,0,1,363.0,0,0,1642,0,0,0,0,1
1645,Savant-Singha1,5942,Books,Sole Proprietor,Madras,Tamil Nadu,04-19-2024,GUUE6743967074534,Active,Rs. 337,1645,5942,Sole Proprietor,Books & Stationery,2024-04-19 00:00:00,0,0,GUUE6743967074534,0,0,337.0,0,0,1645,0,0,0,0,1
MCH1646,Golla and Sons,UNKNOWN,groceries,INDIVIDUAL,MUMBAI,Maharashtra,2024/09/23,,INACTIVE,-790.28,MCH1646,,Individual,Unknown,2024-09-23 00:00:00,0,0,,1,0,-790.28,0,1,1646,1,0,1,2,2
mch1647,NARULA LLC,5699,Fashion,Individual,Ludhiana,Punjab,10/05/2024 06:51 PM,5628842369,Blocked,1898.14,MCH1647,5699,Individual,Clothing,2024-05-10 18:51:00,0,0,5628842369,0,0,1898.14,0,0,1647,0,0,0,0,1
MCH-1649,Venkatesh PLC,5812,Food,PRIVATE-LIMITED,Delhi,Delhi,08/03/2024 05:27 PM,6043188789,Blocked,851.41,MCH1649,5812,Private Limited,Food & Restaurants,2024-03-08 17:27:00,0,0,6043188789,0,0,851.41,0,0,1649,0,0,0,0,1
MCH1651,Kumar Inc,5942,BOOKS_STATIONERY,sole_proprietor,MUMBAI,Maharashtra,03/09/2024,XXXX7749,Enabled,1249.76,MCH1651,5942,Sole Proprietor,Books & Stationery,2024-09-03 00:00:00,0,0,XXXX7749,0,1,1249.76,0,0,1651,0,0,0,0,1
MCH1652,Tripathi-Vasa,05311,DEPT_STORE,PRIVATE-LIMITED,amritsar,Punjab,03/08/2025,7462856821,Inactive,1419.63,MCH1652,5311,Private Limited,Department Stores,2025-08-03 00:00:00,0,0,7462856821,0,0,1419.63,0,0,1652,0,0,0,0,1
MCH1653,  Mitra Inc  ,7011.0,HOTEL_LODGING,SOLE_PROPRIETOR,Chennai,Tamil Nadu,,XXXX9573,ACTIVE,"₹1,669.53",MCH1653,7011,Sole Proprietor,Hotels & Hospitality,,1,0,XXXX9573,0,1,1669.53,0,0,1653,0,0,0,0,1
MCH-1654,More PLC,5999,Retail Other,INDIVIDUAL,bengaluru,Karnataka,18-Feb-2025,,A,"INR 2,598.19",MCH1654,5999,Individual,Other Retail,2025-02-18 00:00:00,0,0,,1,0,2598.19,0,0,1654,1,1,0,2,2
MCH1656,Dhar PLC,5311,Department Store,PARTNERSHIP,Amritsar,Punjab,29/05/2025 10:52 PM,OTBM8790953463908,A,"Rs. 2,992",MCH1656,5311,Partnership,Department Stores,2025-05-29 22:52:00,0,0,OTBM8790953463908,0,0,2992.0,0,0,1656,0,0,0,0,1
MCH1657,"Kaur, Sandhu and Shanker",05699,CLOTHS,Private Limited,Mumbai,Maharashtra,14/01/2025 03:44 PM,,ACTIVE,"1,224.96",MCH1657,5699,Private Limited,Clothing,2025-01-14 15:44:00,0,0,,1,0,1224.96,0,0,1657,0,0,0,0,1
MCH1658,khatri-mohanty,5812,Restaurants,sole_proprietor,JPR,Rajasthan,2025/08/08,DGXZ0949885183603,Disabled,"INR 2,016.79",MCH1658,5812,Sole Proprietor,Food & Restaurants,2025-08-08 00:00:00,0,0,DGXZ0949885183603,0,1,2016.79,0,0,1658,0,0,0,0,1
MCH1661,kothari-dara,05912,MEDICAL_STORE,partnership,HYDERABAD,Telangana,1768601404,XXXX7371,Enabled,,MCH1661,5912,Partnership,Pharmacy & Medical,2026-01-16 22:10:04,0,0,XXXX7371,0,1,,1,0,1661,1,1,1,3,2
MCH 1663,"Edwin, Kala and Barad",4131,Bus/Taxi,individual,chennai,Tamil Nadu,07-04-2024,FGIZ0772949946430,Active,449.21,MCH1663,4131,Individual,Transportation,2024-07-04 00:00:00,0,0,FGIZ0772949946430,0,0,449.21,0,0,1663,0,0,0,0,1
MCH1664,Karan Ltd,4131,TRAVEL,PARTNERSHIP,Chennai,Tamil Nadu,02/06/2025,XXXX0248,Enabled,,MCH1664,4131,Partnership,Transportation,2025-06-02 00:00:00,0,0,XXXX0248,0,1,,1,0,1664,0,0,0,0,1
MCH1665,Salvi Group,5699,Clothing,individual,Bangalore,Karnataka,30-Nov-2025,KSUI6181238646481,Enabled,₹946.53,MCH1665,5699,Individual,Clothing,2025-11-30 00:00:00,0,0,KSUI6181238646481,0,0,946.53,0,0,1665,0,0,0,0,1
MCH-1667,Prashad-Samra,05812,Restaurant,private_limited,Dilli,Delhi,20/10/2025 03:57 AM,XXXX1144,Enabled,"7,788.38",MCH1667,5812,Private Limited,Food & Restaurants,2025-10-20 03:57:00,0,0,XXXX1144,0,1,7788.38,0,0,1667,1,1,0,2,2
MCH1674,"Bansal, Babu and Bansal",5699,CLOTHS,individual,chennai,Tamil Nadu,03/11/2024 05:59 AM,,Enabled,Rs. 811,MCH1674,5699,Individual,Clothing,2024-11-03 05:59:00,0,0,,1,0,811.0,0,0,1674,1,1,1,3,2
MCH 1675,"Dey, Sathe and Sibal",4131,Transport,private_limited,Chennai,Tamil Nadu,11/09/2025,DIRY6496511188422,Active,"INR 1,577.75",MCH1675,4131,Private Limited,Transportation,2025-09-11 00:00:00,0,0,DIRY6496511188422,0,0,1577.75,0,0,1675,1,1,1,3,4
MCH1676,"Palla, Gupta and Narain",4814,Telecom,Sole Proprietor,Jalandar,Punjab,2025-11-27 17:23:23,,Live,750.53,MCH1676,4814,Sole Proprietor,Telecom,2025-11-27 17:23:23,0,0,,1,0,750.53,0,0,1676,0,0,0,0,1
MCH1679,"Chawla, Sura and Pal",4131.0,Bus/Taxi,Individual,LKO,Uttar Pradesh,2026-01-30 14:56:48,XXXX9878,SUSPENDED,"Rs. 1,030",MCH1679,4131,Individual,Transportation,2026-01-30 14:56:48,0,0,XXXX9878,0,1,1030.0,0,0,1679,0,0,0,0,1
MCH-1680,"Dube, Sekhon and Nagarajan",05699,CLOTHS,SOLE-PROPRIETOR,Ludhiana,Punjab,1738547432,,ACTIVE,Rs. 855,MCH1680,5699,Sole Proprietor,Clothing,2025-02-03 01:50:32,0,0,,1,0,855.0,0,0,1680,0,0,0,0,1
mch1683,"Sampath, Anne and Madan",5812,FOOD_SERVICES,PARTNERSHIP,Madras,Tamil Nadu,2026/02/14,XXXX9435,Live,"₹2,458.98",MCH1683,5812,Partnership,Food & Restaurants,2026-02-14 00:00:00,0,0,XXXX9435,0,1,2458.98,0,0,1683,0,0,0,0,1
MCH1686,Chokshi and Sons,5942.0,Stationery,INDIVIDUAL,Bangalore,Karnataka,02-Feb-2024,,Active,"1,116.34",MCH1686,5942,Individual,Books & Stationery,2024-02-02 00:00:00,0,0,,1,0,1116.34,0,0,1686,0,0,0,0,1
1696,Prakash-Dhar,5411,kirana,PARTNERSHIP,BLR,Karnataka,01/09/2025,TXHI7483173386178,A,567.04,1696,5411,Partnership,Grocery,2025-09-01 00:00:00,0,0,TXHI7483173386178,0,1,567.04,0,0,1696,1,1,1,3,2
MCH-1697,Sodhi-Ramakrishnan,4814.0,Telecom,private_limited,lucknow,Uttar Pradesh,1681369471,QYQC0323724202438,SUSPENDED,1234.06,MCH1697,4814,Private Limited,Telecom,2023-04-13 07:04:31,0,0,QYQC0323724202438,0,0,1234.06,0,0,1697,0,0,0,0,1
MCH1704,"Shukla, Hari and Chopra",4131,transprt,SOLE_PROPRIETOR,Lucknow,Uttar Pradesh,08-04-2023,,Closed,"₹2,965.45",MCH1704,4131,Sole Proprietor,Transportation,2023-08-04 00:00:00,0,0,,1,0,2965.45,0,0,1704,0,0,0,0,1
MCH1706,"Vala, Nagarajan and Saxena",5311.0,DEPT_STORE,partnership,MUMBAI,Maharashtra,27-Aug-2023,XXXX3189,Disabled,INR 513.27,MCH1706,5311,Partnership,Department Stores,2023-08-27 00:00:00,0,0,XXXX3189,0,1,513.27,0,0,1706,1,1,1,3,3
MCH1709,sachdeva-khanna,5999,Other,PARTNERSHIP,Madras,Tamil Nadu,2023-08-25 07:56:38,XXXX5946,Live,₹481.17,MCH1709,5999,Partnership,Other Retail,2023-08-25 07:56:38,0,0,XXXX5946,0,1,481.17,0,0,1709,0,0,0,0,1
mch1710,"Tara, Dash and Pau",5912.0,Pharmacies,PARTNERSHIP,lucknow,Uttar Pradesh,26/02/2026,,Enabled,804.19,MCH1710,5912,Partnership,Pharmacy & Medical,2026-02-26 00:00:00,0,0,,1,0,804.19,0,0,1710,1,0,0,1,2
MCH1711,"Sastry, Kota and Merchant",5411,kirana,Sole Proprietor,ludhiana,Punjab,2023-12-17 08:04:00,NEUM7554192097058,A,"1,991.22",MCH1711,5411,Sole Proprietor,Grocery,2023-12-17 08:04:00,0,0,NEUM7554192097058,0,0,1991.22,0,0,1711,0,0,0,0,1
MCH1713,Dubey Inc,5812,Restaurants,SOLE_PROPRIETOR,Kolkata,West Bengal,02/06/2025,XXXX0557,A,"Rs. 1,132",MCH1713,5812,Sole Proprietor,Food & Restaurants,2025-06-02 00:00:00,0,0,XXXX0557,0,1,1132.0,0,0,1713,0,0,0,0,1
MCH1714,Sampath LLC,5699,Fashion,partnership,LKO,Uttar Pradesh,17-Feb-2026,6074080748,Enabled,585.92,MCH1714,5699,Partnership,Clothing,2026-02-17 00:00:00,0,0,6074080748,0,0,585.92,0,0,1714,0,1,1,2,2
MCH1718,Wason-Vaidya,5311,retail,PRIVATE_LIMITED,Jalandhar,Punjab,04/04/2025 05:19 PM,,Inactive,705.66,MCH1718,5311,Private Limited,Department Stores,2025-04-04 17:19:00,0,0,,1,0,705.66,0,0,1718,0,0,1,1,2
MCH 1721,"Mammen, Ka1a and Gara",7011,Hotel,individual,kolkata,West Bengal,1696642760,,ACTIVE,1736.83,MCH1721,7011,Individual,Hotels & Hospitality,2023-10-07 01:39:20,0,0,,1,0,1736.83,0,0,1721,0,0,0,0,1
MCH1722,Patel-Warrior,07011,HOTEL_LODGING,INDIVIDUAL,Calcutta,West Bengal,15-Mar-2025,XXXX3839,ACTIVE,Rs. 420,MCH1722,7011,Individual,Hotels & Hospitality,2025-03-15 00:00:00,0,0,XXXX3839,0,1,420.0,0,0,1722,0,0,0,0,1
MCH1725,"Narayanan, Thaker and Sandhu",5999,Retail Other,Partnership,JPR,Rajasthan,1739594271,XXXX2721,A,₹385.50,MCH1725,5999,Partnership,Other Retail,2025-02-15 04:37:51,0,0,XXXX2721,0,1,385.5,0,0,1725,0,0,0,0,1
MCH1726,RAJA AND SONS,4131,Transportation,PRIVATE_LIMITED,New Delhi,Delhi,13/12/2025,,Enabled,639.24,MCH1726,4131,Private Limited,Transportation,2025-12-13 00:00:00,0,0,,1,0,639.24,0,0,1726,0,0,0,0,1
MCH1727,Chacko LLC,05999,Retail Other,partnership,Amritsar,Punjab,2023/07/23,,Live,1914.68,MCH1727,5999,Partnership,Other Retail,2023-07-23 00:00:00,0,0,,1,0,1914.68,0,0,1727,0,0,0,0,1
MCH1729,GANESH PLC,5812.0,FOOD_SERVICES,private_limited,HYDERABAD,Telangana,23-May-2025,XXXX6365,Live,,MCH1729,5812,Private Limited,Food & Restaurants,2025-05-23 00:00:00,0,0,XXXX6365,0,1,,1,0,1729,1,1,1,3,2
1730,  Buch Ltd  ,5699,Fashion,individual,Kolkata,West Bengal,2023/04/25,,Live,₹813.32,1730,5699,Individual,Clothing,2023-04-25 00:00:00,0,0,,1,0,813.32,0,0,1730,0,0,0,0,1
MCH1732,"BAL, LOKE AND CHADHA",5411,GROCERY_STORE,PRIVATE-LIMITED,Delhi,Delhi,10-24-2024,9581945425,Live,"INR 3,477.98",MCH1732,5411,Private Limited,Grocery,2024-10-24 00:00:00,0,0,9581945425,0,0,3477.98,0,0,1732,1,1,1,3,2
MCH1736,Barman Inc,4131,Transportation,partnership,JPR,Rajasthan,08/06/2025 08:56 PM,,A,1937.05,MCH1736,4131,Partnership,Transportation,2025-06-08 20:56:00,0,0,,1,0,1937.05,0,0,1736,0,0,0,0,1
MCH1739,Joshi Group,,Book Store,Individual,LDH,Punjab,2024-08-31 19:16:02,IRPP9017025863509,I,,MCH1739,,Individual,Unknown,2024-08-31 19:16:02,0,0,IRPP9017025863509,0,0,,1,0,1739,1,0,1,2,2
1740,"Dhaliwal, Boase and Walla",7011,Hospitality,PARTNERSHIP,Poona,Maharashtra,09/02/2025,LCLK0132407508023,Enabled,Rs. 903,1740,7011,Partnership,Hotels & Hospitality,2025-02-09 00:00:00,0,0,LCLK0132407508023,0,0,903.0,0,0,1740,0,0,0,0,1
MCH1744,"Mani, Tara and Mane",4131,TRAVEL,SOLE-PROPRIETOR,ludhiana,Punjab,1679330553,,Closed,466.22,MCH1744,4131,Sole Proprietor,Transportation,2023-03-20 16:42:33,0,0,,1,0,466.22,0,0,1744,0,0,0,0,1
MCH1747,"Vig, Cherian and Ch0udhury",5999,Other,INDIVIDUAL,New Delhi,Delhi,2025-08-22 05:19:05,,Enabled,"₹1,469.56",MCH1747,5999,Individual,Other Retail,2025-08-22 05:19:05,0,0,,1,0,1469.56,0,0,1747,1,1,1,3,2
MCH1750,"Dube, Natt and V0hra",4131,transprt,INDIVIDUAL,pune,Maharashtra,2024-12-18 12:18:45,XXXX3705,A,,MCH1750,4131,Individual,Transportation,2024-12-18 12:18:45,0,0,XXXX3705,0,1,,1,0,1750,1,1,1,3,3
MCH1751,"Keer, Dara and Gour",5942,BOOKS_STATIONERY,INDIVIDUAL,LDH,Punjab,29-Jun-2023,,SUSPENDED,"1,719.30",MCH1751,5942,Individual,Books & Stationery,2023-06-29 00:00:00,0,0,,1,0,1719.3,0,0,1751,1,1,1,3,2
MCH1755,Kulkarni and Sons,MCC-4814,phone service,INDIVIDUAL,MUMBAI,Maharashtra,12-29-2025,9887027328,Active,-1088.47,MCH1755,4814,Individual,Telecom,2025-12-29 00:00:00,0,0,9887027328,0,0,-1088.47,0,1,1755,0,0,0,0,1
MCH1756,"Borah, Sura and Kunda",5411,groceries,PRIVATE-LIMITED,Jaipur,Rajasthan,21/10/2025,,ACTIVE,1371.78,MCH1756,5411,Private Limited,Grocery,2025-10-21 00:00:00,0,0,,1,0,1371.78,0,0,1756,1,1,1,3,3
MCH1763,  Dhillon Ltd  ,misc,DEPT_STORE,PARTNERSHIP,jalandhar,Punjab,02-22-2026,4567982166,ACTIVE,231.69,MCH1763,,Partnership,Unknown,2026-02-22 00:00:00,0,0,4567982166,0,0,231.69,0,0,1763,0,0,0,0,1
MCH1764,"Kurian, Vaidya and Loyal",5999,Misc Retail,INDIVIDUAL,LKO,Uttar Pradesh,16/11/2025 04:20 AM,QLVG4760642998653,Blocked,419.98,MCH1764,5999,Individual,Other Retail,2025-11-16 04:20:00,0,0,QLVG4760642998653,0,0,419.98,0,0,1764,1,1,1,3,2
MCH1767,Bhatnagar-Ka1a,,TELECOM,INDIVIDUAL,Jalandar,Punjab,,2537411732,Active,314.16,MCH1767,,Individual,Unknown,,1,0,2537411732,0,0,314.16,0,0,1767,0,0,0,0,1
MCH1768,"  Mody, Tata and Chatterjee  ",4131,Transport,SOLE-PROPRIETOR,Madras,Tamil Nadu,08-Sep-2024,,ACTIVE,360.87,MCH1768,4131,Sole Proprietor,Transportation,2024-09-08 00:00:00,0,0,,1,0,360.87,0,0,1768,0,0,0,0,1
MCH1769,"Sekhon, Goswami and Rajan",4814,Telecom,sole_proprietor,lucknow,Uttar Pradesh,1751095518,DYOJ7653218721893,ACTIVE,1009.67,MCH1769,4814,Sole Proprietor,Telecom,2025-06-28 07:25:18,0,0,DYOJ7653218721893,0,0,1009.67,0,0,1769,1,1,1,3,2
MCH1770,Prabhu Inc,5411,Grocery Stores,PARTNERSHIP,kolkata,West Bengal,2026/02/19,STER3056508036813,ACTIVE,"₹1,130.22",MCH1770,5411,Partnership,Grocery,2026-02-19 00:00:00,0,0,STER3056508036813,0,0,1130.22,0,0,1770,0,0,0,0,1
MCH-1772,"Thakur, Talwar and Chahal",05912,Pharmacies,Partnership,pune,Maharashtra,2025-11-19 01:49:18,XXXX1519,A,645.09,MCH1772,5912,Partnership,Pharmacy & Medical,2025-11-19 01:49:18,0,0,XXXX1519,0,1,645.09,0,0,1772,1,1,1,3,4
MCH 1773,Prakash-Malhotra,5411,Grocery Stores,INDIVIDUAL,Jalandhar,Punjab,,XEKJ5137440988369,ACTIVE,"₹1,551.73",MCH1773,5411,Individual,Grocery,,1,0,XEKJ5137440988369,0,1,1551.73,0,0,1773,0,0,0,0,1
MCH1774,"Sundaram, Dani and Mall",5942,Stationery,Partnership,lucknow,Uttar Pradesh,23-Aug-2024,XXXX1272,Enabled,10785.29,MCH1774,5942,Partnership,Books & Stationery,2024-08-23 00:00:00,0,0,XXXX1272,0,1,10785.29,0,0,1774,1,1,1,3,3
MCH1775,Karnik Inc,5411,GROCERY_STORE,private_limited,lucknow,Uttar Pradesh,2023-04-13 08:51:51,MCRQ9864671908344,Active,Rs. 313,MCH1775,5411,Private Limited,Grocery,2023-04-13 08:51:51,0,0,MCRQ9864671908344,0,0,313.0,0,0,1775,0,0,0,0,1
MCH1776,Vohra and Sons,5999,Retail Other,PRIVATE_LIMITED,lucknow,Uttar Pradesh,16/06/2023,XXXX6558,Active,843.8,MCH1776,5999,Private Limited,Other Retail,2023-06-16 00:00:00,0,0,XXXX6558,0,1,843.8,0,0,1776,0,0,0,0,1
MCH1779,Char-Karnik,5699,garments,PRIVATE_LIMITED,Jaipur,Rajasthan,,2529504175,ACTIVE,"6,097.01",MCH1779,5699,Private Limited,Clothing,,1,0,2529504175,0,0,6097.01,0,0,1779,1,1,1,3,2
MCH1782,Kari PLC,5411.0,Grocery,SOLE_PROPRIETOR,MUMBAI,Maharashtra,26/06/2024,,A,-4762.58,MCH1782,5411,Sole Proprietor,Grocery,2024-06-26 00:00:00,0,0,,1,0,-4762.58,0,1,1782,0,0,0,0,1
MCH1785,  Shere-Pall  ,5311,Department Store,SOLE_PROPRIETOR,Calcutta,West Bengal,05/08/2023 05:22 AM,,A,2271.85,MCH1785,5311,Sole Proprietor,Department Stores,2023-08-05 05:22:00,0,0,,1,0,2271.85,0,0,1785,0,0,0,0,1
mch1786,"Ganguly, Mammen and Babu",5411,groceries,SOLE_PROPRIETOR,pune,Maharashtra,22/05/2025,YNDF5378176701295,Active,"Rs. 1,212",MCH1786,5411,Sole Proprietor,Grocery,2025-05-22 00:00:00,0,0,YNDF5378176701295,0,0,1212.0,0,0,1786,1,1,1,3,3
MCH1787,JOHAL AND SONS,5942,BOOKS_STATIONERY,SOLE_PROPRIETOR,Madras,Tamil Nadu,04-09-2024,8096098187,ACTIVE,"₹1,495.88",MCH1787,5942,Sole Proprietor,Books & Stationery,2024-04-09 00:00:00,0,0,8096098187,0,0,1495.88,0,0,1787,0,0,0,0,1
mch1788,"Dass, Rajagopal and Madan",,Mobile Recharge,PRIVATE_LIMITED,pune,Maharashtra,12/11/2024,,Suspended,1479.46,MCH1788,,Private Limited,Unknown,2024-11-12 00:00:00,0,0,,1,0,1479.46,0,0,1788,0,0,0,0,1
MCH1789,Loke-Chanda,05942,BOOKS_STATIONERY,Partnership,jaipur,Rajasthan,02-25-2023,,Active,"INR 15,713.68",MCH1789,5942,Partnership,Books & Stationery,2023-02-25 00:00:00,0,0,,1,0,15713.68,0,0,1789,0,0,0,0,1
MCH-1792,"Suresh, Chada and Mahal",5311,DEPT_STORE,Sole Proprietor,Calcutta,West Bengal,24/03/2025,XXXX6459,A,,MCH1792,5311,Sole Proprietor,Department Stores,2025-03-24 00:00:00,0,0,XXXX6459,0,1,,1,0,1792,1,1,1,3,2
MCH-1793,Jaggi PLC,7011,Hotel,SOLE_PROPRIETOR,Delhi,Delhi,2024-08-21 00:47:16,,Enabled,"₹2,705.89",MCH1793,7011,Sole Proprietor,Hotels & Hospitality,2024-08-21 00:47:16,0,0,,1,0,2705.89,0,0,1793,0,0,0,0,1
MCH1796,Kohli-Nagar,5942.0,Books,Individual,amritsar,Punjab,07-20-2024,,Enabled,741.16,MCH1796,5942,Individual,Books & Stationery,2024-07-20 00:00:00,0,0,,1,0,741.16,0,0,1796,0,0,0,0,1
MCH1800,Mall PLC,5311,Department Store,private_limited,Hyd,Telangana,24-Oct-2025,,ACTIVE,"Rs. 1,030",MCH1800,5311,Private Limited,Department Stores,2025-10-24 00:00:00,0,0,,1,0,1030.0,0,0,1800,0,0,0,0,1
MCH1806,dugar-rege,5912,chemist,PRIVATE-LIMITED,New Delhi,Delhi,,7841679256,S,"Rs. 1,498",MCH1806,5912,Private Limited,Pharmacy & Medical,,1,0,7841679256,0,0,1498.0,0,0,1806,1,1,1,3,2
MCH-1809,Grewal Inc,5311,Department Stores,Private Limited,BLR,Karnataka,2025-10-31 03:18:09,1597132394,Active,"₹2,181.93",MCH1809,5311,Private Limited,Department Stores,2025-10-31 03:18:09,0,0,1597132394,0,0,2181.93,0,0,1809,0,0,0,0,1
MCH1811,  Varkey Inc  ,5311.0,Department Store,sole_proprietor,BLR,Karnataka,2026/02/25,,Active,Rs. 592,MCH1811,5311,Sole Proprietor,Department Stores,2026-02-25 00:00:00,0,0,,1,0,592.0,0,0,1811,1,1,1,3,2
MCH1812,Om PLC,5812,Restaurants,SOLE-PROPRIETOR,amritsar,Punjab,2024-11-26 18:01:01,,Live,"₹2,079.98",MCH1812,5812,Sole Proprietor,Food & Restaurants,2024-11-26 18:01:01,0,0,,1,0,2079.98,0,0,1812,0,0,0,0,1
mch1813,Balan-Deo,MCC-5311,Department Stores,Partnership,Poona,Maharashtra,2024/08/28,UAJB1335544875863,A,-610.94,MCH1813,5311,Partnership,Department Stores,2024-08-28 00:00:00,0,0,UAJB1335544875863,0,0,-610.94,0,1,1813,0,0,0,0,1
MCH 1815,  Bhasin-Hans  ,5999,Misc Retail,PRIVATE_LIMITED,Hyd,Telangana,10-May-2025,,Enabled,₹789.34,MCH1815,5999,Private Limited,Other Retail,2025-05-10 00:00:00,0,0,,1,0,789.34,0,0,1815,1,0,1,2,2
MCH1816,Aurora-Kata,05311,Retail,Sole Proprietor,lucknow,Uttar Pradesh,1742001869,,Active,1797.52,MCH1816,5311,Sole Proprietor,Department Stores,2025-03-15 01:24:29,0,0,,1,0,1797.52,0,0,1816,1,1,1,3,5
MCH1817,"Mohanty, Behl and Rao",4131,Transport,INDIVIDUAL,Poona,Maharashtra,23-Jul-2025,,I,"₹2,347.62",MCH1817,4131,Individual,Transportation,2025-07-23 00:00:00,0,0,,1,0,2347.62,0,0,1817,1,1,1,3,2
MCH1818,BAKSHI-GOLLA,5699,Clothing,PRIVATE_LIMITED,kolkata,West Bengal,10-04-2023,7575233501,Live,4859.19,MCH1818,5699,Private Limited,Clothing,2023-10-04 00:00:00,0,0,7575233501,0,0,4859.19,0,0,1818,0,0,0,0,1
MCH1823,"Patla, Bhasin and Parsa",,Hotel,PARTNERSHIP,Lucknow,Uttar Pradesh,15/06/2023,,Active,"3,003.20",MCH1823,,Partnership,Unknown,2023-06-15 00:00:00,0,0,,1,0,3003.2,0,0,1823,0,0,0,0,1
MCH1827,  Saha Ltd  ,5999,Other,PARTNERSHIP,pune,Maharashtra,12-Jan-2026,GFSK2439344528128,Live,790.89,MCH1827,5999,Partnership,Other Retail,2026-01-12 00:00:00,0,0,GFSK2439344528128,0,0,790.89,0,0,1827,0,0,0,0,1
MCH1828,  Goel PLC  ,5699,Clothing,PRIVATE_LIMITED,Chennai,Tamil Nadu,10-15-2025,XXXX2989,A,"₹4,227.93",MCH1828,5699,Private Limited,Clothing,2025-10-15 00:00:00,0,0,XXXX2989,0,1,4227.93,0,0,1828,1,1,1,3,2
MCH1829,Ramaswamy Group,4131,Transport,SOLE-PROPRIETOR,Calcutta,West Bengal,15/03/2024,,Live,2351.23,MCH1829,4131,Sole Proprietor,Transportation,2024-03-15 00:00:00,0,0,,1,0,2351.23,0,0,1829,0,0,0,0,1
MCH1830,shan llc,MCC-7011,HOTEL_LODGING,private_limited,lucknow,Uttar Pradesh,,8821748714,A,405.35,MCH1830,7011,Private Limited,Hotels & Hospitality,,1,0,8821748714,0,0,405.35,0,0,1830,0,0,0,0,1
MCH1832,Mistry-Chaudhary,05999,Other,INDIVIDUAL,Hyd,Telangana,2024-12-11 00:06:45,,Inactive,INR 448.33,MCH1832,5999,Individual,Other Retail,2024-12-11 00:06:45,0,0,,1,0,448.33,0,0,1832,0,0,0,0,1
MCH1833,"Sabharwal, Chopra and Nayar",4131.0,transprt,PRIVATE-LIMITED,Poona,Maharashtra,26/07/2023 05:30 AM,8483394590,Live,1391.53,MCH1833,4131,Private Limited,Transportation,2023-07-26 05:30:00,0,0,8483394590,0,0,1391.53,0,0,1833,0,1,1,2,2
MCH 1836,"  Nazareth, Bahl and Manda  ",5411,GROCERY_STORE,PRIVATE-LIMITED,HYDERABAD,Telangana,11-15-2023,IUQT6934618863943,ACTIVE,,MCH1836,5411,Private Limited,Grocery,2023-11-15 00:00:00,0,0,IUQT6934618863943,0,0,,1,0,1836,0,0,0,0,1
MCH1838,Manda-Deshpande,05942,Stationery,Partnership,jalandhar,Punjab,1756966936,XYTA4197098019941,A,"INR 2,224.32",MCH1838,5942,Partnership,Books & Stationery,2025-09-04 06:22:16,0,0,XYTA4197098019941,0,1,2224.32,0,0,1838,1,0,1,2,2
MCH1839,Krish Group,05411,Grocery Stores,SOLE_PROPRIETOR,Jalandhar,Punjab,29/01/2024 08:47 PM,,Active,"₹1,503.47",MCH1839,5411,Sole Proprietor,Grocery,2024-01-29 20:47:00,0,0,,1,0,1503.47,0,0,1839,0,0,0,0,1
MCH1840,Chahal and Sons,5942,Stationery,SOLE-PROPRIETOR,Ludhiana,Punjab,02-06-2026,XXXX9616,Live,Rs. 764,MCH1840,5942,Sole Proprietor,Books & Stationery,2026-02-06 00:00:00,0,0,XXXX9616,0,1,764.0,0,0,1840,0,0,0,0,1
MCH1841,Kadakia-Rao,,Hospitality,sole_proprietor,kolkata,West Bengal,07-01-2025,7706295964,ACTIVE,532.17,MCH1841,,Sole Proprietor,Unknown,2025-07-01 00:00:00,0,0,7706295964,0,0,532.17,0,0,1841,0,0,0,0,1
MCH1842,Bedi-Vohra,5411,GROCERY_STORE,private_limited,Lucknow,Uttar Pradesh,,XXXX6666,Enabled,1241.96,MCH1842,5411,Private Limited,Grocery,,1,0,XXXX6666,0,1,1241.96,0,0,1842,1,1,1,3,2
1843,Edwin and Sons,05999,Miscellaneous,Sole Proprietor,Dilli,Delhi,19-Sep-2024,,ACTIVE,,1843,5999,Sole Proprietor,Other Retail,2024-09-19 00:00:00,0,0,,1,0,,1,0,1843,0,0,0,0,1
MCH1845,Goel Inc,4131,Bus/Taxi,private_limited,Dilli,Delhi,17/10/2023,6579207527,A,1675.96,MCH1845,4131,Private Limited,Transportation,2023-10-17 00:00:00,0,0,6579207527,0,0,1675.96,0,0,1845,0,0,0,0,1
MCH1846,Kurian-Chad,7011,HOTEL_LODGING,PARTNERSHIP,Madras,Tamil Nadu,2023-03-23 22:54:26,,Active,597.53,MCH1846,7011,Partnership,Hotels & Hospitality,2023-03-23 22:54:26,0,0,,1,0,597.53,0,0,1846,0,0,0,0,1
MCH1848,Acharya-Bail,5311,Retail,partnership,Poona,Maharashtra,2025/09/05,3196162533,ACTIVE,"Rs. 3,044",MCH1848,5311,Partnership,Department Stores,2025-09-05 00:00:00,0,0,3196162533,0,0,3044.0,0,0,1848,1,0,1,2,2
MCH1852,Prabhu Group,5411,Grocery Stores,Individual,Mumbai,Maharashtra,03-31-2024,8479119924,A,INR 786.71,MCH1852,5411,Individual,Grocery,2024-03-31 00:00:00,0,0,8479119924,0,0,786.71,0,0,1852,0,0,0,0,1
MCH1853,Mukhopadhyay Inc,5699,CLOTHS,INDIVIDUAL,ASR,Punjab,10/04/2024,,ACTIVE,2522.93,MCH1853,5699,Individual,Clothing,2024-04-10 00:00:00,0,0,,1,0,2522.93,0,0,1853,1,1,1,3,2
MCH1854,"Sule, Prashad and Balay",,Hotels,partnership,Amritsar,Punjab,09-21-2023,XXXX8005,Enabled,"5,318.31",MCH1854,,Partnership,Unknown,2023-09-21 00:00:00,0,0,XXXX8005,0,1,5318.31,0,0,1854,0,0,0,0,1
MCH1855,Kala-Shan,,Restaurant,Private Limited,Kolkata,West Bengal,1699835914,,Hold,"Rs. 1,474",MCH1855,,Private Limited,Unknown,2023-11-13 00:38:34,0,0,,1,0,1474.0,0,0,1855,0,0,0,0,1
MCH1856,Baria-Balay,5311,DEPT_STORE,sole_proprietor,Lucknow,Uttar Pradesh,26/12/2023 03:21 PM,XXXX1618,Enabled,2071.73,MCH1856,5311,Sole Proprietor,Department Stores,2023-12-26 15:21:00,0,0,XXXX1618,0,1,2071.73,0,0,1856,1,0,1,2,3
MCH1861,Vora-Balan,5411,groceries,Sole Proprietor,Pune,Maharashtra,17/10/2025 12:39 AM,MBHV3858162453364,Disabled,2646.57,MCH1861,5411,Sole Proprietor,Grocery,2025-10-17 00:39:00,0,0,MBHV3858162453364,0,0,2646.57,0,0,1861,0,0,0,0,1
MCH1862,Puri Inc,4131,Transportation,individual,Mumbay,Maharashtra,2024-11-15 12:30:15,6516098644,Enabled,"INR 1,444.68",MCH1862,4131,Individual,Transportation,2024-11-15 12:30:15,0,0,6516098644,0,0,1444.68,0,0,1862,0,0,0,0,1
MCH-1863,  Sachar-Gokhale  ,5942,Book Store,private_limited,Hyderabad,Telangana,2024-03-24 16:08:37,XXXX8775,Enabled,INR 760.42,MCH1863,5942,Private Limited,Books & Stationery,2024-03-24 16:08:37,0,0,XXXX8775,0,1,760.42,0,0,1863,0,0,0,0,1
MCH1865,Chandra-Pandey,5942,Books,individual,pune,Maharashtra,15-Nov-2025,,ACTIVE,3847.74,MCH1865,5942,Individual,Books & Stationery,2025-11-15 00:00:00,0,0,,1,0,3847.74,0,0,1865,0,0,0,0,1
MCH1872,rege llc,4814,phone service,Partnership,bengaluru,Karnataka,26/06/2024,,ACTIVE,INR 768.52,MCH1872,4814,Partnership,Telecom,2024-06-26 00:00:00,0,0,,1,0,768.52,0,0,1872,1,1,1,3,2
MCH1873,Oak-Ramachandran,,phone service,private_limited,Amritsar,Punjab,23/05/2024 03:31 PM,XXXX5817,ACTIVE,942.83,MCH1873,,Private Limited,Unknown,2024-05-23 15:31:00,0,0,XXXX5817,0,1,942.83,0,0,1873,1,0,1,2,2
MCH1874,"Bail, Madan and Mahal",5411,Grocery Stores,PRIVATE-LIMITED,Jalandhar,Punjab,2025-11-03 21:30:47,0723751803,Enabled,INR 928.89,MCH1874,5411,Private Limited,Grocery,2025-11-03 21:30:47,0,0,0723751803,0,0,928.89,0,0,1874,1,1,1,3,2
MCH1876,"Deol, Sandal and Nagi",5999,Miscellaneous,partnership,bengaluru,Karnataka,29-Apr-2024,KRVT6824787386581,A,603.93,MCH1876,5999,Partnership,Other Retail,2024-04-29 00:00:00,0,0,KRVT6824787386581,0,0,603.93,0,0,1876,0,0,0,0,1
MCH1878,Narula Group,7011,HOTEL_LODGING,PRIVATE-LIMITED,DELHI,Delhi,2025/02/26,XXXX5015,Active,,MCH1878,7011,Private Limited,Hotels & Hospitality,2025-02-26 00:00:00,0,0,XXXX5015,0,1,,1,0,1878,0,0,0,0,1
MCH1879,muni-sachdeva,05999,Miscellaneous,Individual,chennai,Tamil Nadu,16-Dec-2023,XXXX4876,ACTIVE,687.52,MCH1879,5999,Individual,Other Retail,2023-12-16 00:00:00,0,0,XXXX4876,0,1,687.52,0,0,1879,1,1,1,3,2
MCH1881,"Bawa, Ganesan and Oak",5912,Medical,partnership,Chennai,Tamil Nadu,14/12/2023,,Hold,-1349.05,MCH1881,5912,Partnership,Pharmacy & Medical,2023-12-14 00:00:00,0,0,,1,0,-1349.05,0,1,1881,0,0,0,0,1
MCH-1882,kamdar-banik,5812,Food,Partnership,Ludhiana,Punjab,,,Inactive,₹427.50,MCH1882,5812,Partnership,Food & Restaurants,,1,0,,1,0,427.5,0,0,1882,0,0,0,0,1
MCH 1883,"BAHL, KASHYAP AND SIBAL",5812,Restaurant,PRIVATE_LIMITED,jalandhar,Punjab,01-04-2023,XXXX4248,Enabled,,MCH1883,5812,Private Limited,Food & Restaurants,2023-01-04 00:00:00,0,0,XXXX4248,0,1,,1,0,1883,0,0,0,0,1
MCH1884,Nagi LLC,4131,transprt,PRIVATE_LIMITED,Bengaluru,Karnataka,2025/01/08,ROSD8740992299086,ACTIVE,INR 628.95,MCH1884,4131,Private Limited,Transportation,2025-01-08 00:00:00,0,0,ROSD8740992299086,0,0,628.95,0,0,1884,0,0,0,0,1
MCH-1885,mahal ltd,05999,Other,PRIVATE_LIMITED,HYDERABAD,Telangana,2025-11-07 18:42:57,,ACTIVE,Rs. 618,MCH1885,5999,Private Limited,Other Retail,2025-11-07 18:42:57,0,0,,1,0,618.0,0,0,1885,0,0,0,0,1
mch1887,Peri Inc,5311,Department Stores,private_limited,Bangalore,Karnataka,2023/02/26,,Enabled,2706.7,MCH1887,5311,Private Limited,Department Stores,2023-02-26 00:00:00,0,0,,1,0,2706.7,0,0,1887,0,0,0,0,1
MCH1889,Bakshi LLC,5999,Retail Other,INDIVIDUAL,Jalandhar,Punjab,2024-02-13 09:50:36,XXXX2818,Active,"₹2,474.04",MCH1889,5999,Individual,Other Retail,2024-02-13 09:50:36,0,0,XXXX2818,0,1,2474.04,0,0,1889,0,0,0,0,1
MCH 1892,Shanker-De,7011,Hotels,Private Limited,Mumbai,Maharashtra,2024-02-12 01:08:42,4394256877,Live,987.4,MCH1892,7011,Private Limited,Hotels & Hospitality,2024-02-12 01:08:42,0,0,4394256877,0,0,987.4,0,0,1892,0,0,0,0,1
MCH1894,Setty-Doshi,05812,Restaurant,Partnership,BLR,Karnataka,11-Aug-2025,1742153273,A,"₹2,961.06",MCH1894,5812,Partnership,Food & Restaurants,2025-08-11 00:00:00,0,0,1742153273,0,0,2961.06,0,0,1894,1,1,1,3,4
MCH1899,Subramaniam-Bedi,,BOOKS_STATIONERY,PRIVATE-LIMITED,Ludhiana,Punjab,09-27-2025,XXXX4698,ACTIVE,,MCH1899,,Private Limited,Unknown,2025-09-27 00:00:00,0,0,XXXX4698,0,1,,1,0,1899,0,0,0,0,1
MCH1904,Sandal Inc,4814,Telecom,INDIVIDUAL,Jalandhar,Punjab,2024-03-23 06:08:07,EZBT7024632751925,Live,1398.65,MCH1904,4814,Individual,Telecom,2024-03-23 06:08:07,0,0,EZBT7024632751925,0,0,1398.65,0,0,1904,0,0,0,0,1
MCH1906,"TANEJA, MAHAJAN AND SARNA",05311,Retail,Individual,Bangalore,Karnataka,16-Jan-2026,ZMCC2986180199571,Disabled,"Rs. 2,772",MCH1906,5311,Individual,Department Stores,2026-01-16 00:00:00,0,0,ZMCC2986180199571,0,0,2772.0,0,0,1906,0,0,0,0,1
MCH1908,"RAGHAVAN, BADAMI AND MANI",05942,Stationery,partnership,Kolkata,West Bengal,2025-05-29 11:41:39,XXXX6948,Active,Rs. 856,MCH1908,5942,Partnership,Books & Stationery,2025-05-29 11:41:39,0,0,XXXX6948,0,1,856.0,0,0,1908,0,1,1,2,2
MCH1909,murthy and sons,5942,Books,Sole Proprietor,Poona,Maharashtra,25/11/2023,6570869272,ACTIVE,INR 823.00,MCH1909,5942,Sole Proprietor,Books & Stationery,2023-11-25 00:00:00,0,0,6570869272,0,0,823.0,0,0,1909,0,0,0,0,1
MCH1912,Keer-Mitra,04131,transprt,Sole Proprietor,Madras,Tamil Nadu,2024-10-27 18:55:18,XXXX9508,ACTIVE,3259.24,MCH1912,4131,Sole Proprietor,Transportation,2024-10-27 18:55:18,0,0,XXXX9508,0,1,3259.24,0,0,1912,0,0,0,0,1
MCH1913,"Sandal, Srinivas and Lata",MCC-5912,Pharmacy,Partnership,LKO,Uttar Pradesh,09/06/2023,3453698993,ACTIVE,468.17,MCH1913,5912,Partnership,Pharmacy & Medical,2023-06-09 00:00:00,0,0,3453698993,0,0,468.17,0,0,1913,0,0,0,0,1
MCH-1917,"Chowdhury, Krishna and Rajagopal",5699,Fashion,SOLE_PROPRIETOR,amritsar,Punjab,10-20-2024,,SUSPENDED,909.84,MCH1917,5699,Sole Proprietor,Clothing,2024-10-20 00:00:00,0,0,,1,0,909.84,0,0,1917,1,0,1,2,2
MCH1921,Raj LLC,5999,Miscellaneous,PARTNERSHIP,lucknow,Uttar Pradesh,12-Feb-2024,5917860419,Active,"₹2,280.24",MCH1921,5999,Partnership,Other Retail,2024-02-12 00:00:00,0,0,5917860419,0,0,2280.24,0,0,1921,0,0,0,0,1
MCH-1922,"DEO, SARAF AND KALE",,Stationery,SOLE-PROPRIETOR,lucknow,Uttar Pradesh,,,ACTIVE,"₹2,507.85",MCH1922,,Sole Proprietor,Unknown,,1,0,,1,0,2507.85,0,0,1922,0,0,0,0,1
MCH1923,Barad-Devan,5699,garments,Private Limited,Hyd,Telangana,08/12/2025,,Enabled,300.28,MCH1923,5699,Private Limited,Clothing,2025-12-08 00:00:00,0,0,,1,0,300.28,0,0,1923,0,0,0,0,1
MCH 1924,"Choudhary, Iyer and Boase",05912,chemist,Partnership,jaipur,Rajasthan,12-Nov-2024,XXXX3944,ACTIVE,7220.04,MCH1924,5912,Partnership,Pharmacy & Medical,2024-11-12 00:00:00,0,0,XXXX3944,0,1,7220.04,0,0,1924,0,0,0,0,1
MCH1926,bhattacharyya-om,5311,DEPT_STORE,INDIVIDUAL,Mumbay,Maharashtra,06-16-2025,3013938494,A,"INR 2,425.42",MCH1926,5311,Individual,Department Stores,2025-06-16 00:00:00,0,0,3013938494,0,0,2425.42,0,0,1926,1,1,1,3,2
MCH1929,"Bahri,DaraandSaran",5942,Book Store,Private Limited,JPR,Rajasthan,2025-12-26 09:06:43,XXXX4676,Enabled,-2563.73,MCH1929,5942,Private Limited,Books & Stationery,2025-12-26 09:06:43,0,0,XXXX4676,0,1,-2563.73,0,1,1929,0,0,0,0,1
MCH1934,"Deol,DugarandParmer",5942,Stationery,Private Limited,Madras,Tamil Nadu,2025-06-26 13:50:54,,Live,2520.96,MCH1934,5942,Private Limited,Books & Stationery,2025-06-26 13:50:54,0,0,,1,0,2520.96,0,0,1934,0,0,0,0,1
1936,"Batra, Ramanathan and Din",5912,Pharmacies,SOLE-PROPRIETOR,Hyderabad,Telangana,16/07/2024,XXXX3173,A,143.98,1936,5912,Sole Proprietor,Pharmacy & Medical,2024-07-16 00:00:00,0,0,XXXX3173,0,1,143.98,0,0,1936,0,0,1,1,2
MCH1939,"Lal,SahniandChopra",MCC-7011,Hotels,PRIVATE_LIMITED,Ludhiana,Punjab,05/02/2026,XXXX8735,A,Rs. 509,MCH1939,7011,Private Limited,Hotels & Hospitality,2026-02-05 00:00:00,0,0,XXXX8735,0,1,509.0,0,0,1939,0,0,0,0,1
MCH1940,Ravel Inc,MCC-4814,Mobile Recharge,Sole Proprietor,chennai,Tamil Nadu,09-17-2025,,Disabled,1112.95,MCH1940,4814,Sole Proprietor,Telecom,2025-09-17 00:00:00,0,0,,1,0,1112.95,0,0,1940,1,0,1,2,2
MCH-1941,Bath-Sunder,4814,TELECOM,Sole Proprietor,Jaipur,Rajasthan,2024/05/22,,S,,MCH1941,4814,Sole Proprietor,Telecom,2024-05-22 00:00:00,0,0,,1,0,,1,0,1941,0,0,0,0,1
MCH1944,Srinivas-Singh,misc,Hotels,Individual,Mumbai,Maharashtra,27-Aug-2025,SBWS9188089804745,ACTIVE,"1,161.95",MCH1944,,Individual,Unknown,2025-08-27 00:00:00,0,0,SBWS9188089804745,0,0,1161.95,0,0,1944,1,0,0,1,2
MCH1946,  Kanda Group  ,5812,eating place,Partnership,kolkata,West Bengal,,YUNT1236584633844,Active,"Rs. 1,028",MCH1946,5812,Partnership,Food & Restaurants,,1,0,YUNT1236584633844,0,0,1028.0,0,0,1946,1,1,1,3,2
MCH1947,BHATTI PLC,,transprt,SOLE_PROPRIETOR,Hyderabad,Telangana,17/10/2025 03:35 AM,,A,INR 860.05,MCH1947,,Sole Proprietor,Unknown,2025-10-17 03:35:00,0,0,,1,0,860.05,0,0,1947,1,1,1,3,2
MCH1948,Prabhakar-Kari,5699,Apparel,SOLE_PROPRIETOR,Mumbay,Maharashtra,11-21-2025,,Active,-6392.07,MCH1948,5699,Sole Proprietor,Clothing,2025-11-21 00:00:00,0,0,,1,0,-6392.07,0,1,1948,1,1,1,3,2
MCH1952,Madan Inc,MCC-5942,Books,Partnership,Chennai,Tamil Nadu,2024/06/28,7688662215,I,1643.17,MCH1952,5942,Partnership,Books & Stationery,2024-06-28 00:00:00,0,0,7688662215,0,0,1643.17,0,0,1952,0,0,0,0,1
MCH1953,"Banerjee, Maharaj and Rege",7011,Hotel,sole_proprietor,Jalandhar,Punjab,12-14-2025,QMMB6426177933216,Enabled,1226.94,MCH1953,7011,Sole Proprietor,Hotels & Hospitality,2025-12-14 00:00:00,0,0,QMMB6426177933216,0,0,1226.94,0,0,1953,0,0,0,0,1
MCH1954,"Kunda, Kata and Shetty",,Telecom,INDIVIDUAL,Poona,Maharashtra,10-19-2025,0079661036,Active,INR 923.81,MCH1954,,Individual,Unknown,2025-10-19 00:00:00,0,0,0079661036,0,0,923.81,0,0,1954,0,0,0,0,1
MCH1955,"SRINIVAS, KHURANA AND CHOUDHRY",5999,Retail Other,private_limited,Jalandhar,Punjab,18/01/2025 12:28 PM,XXXX5304,Live,883.05,MCH1955,5999,Private Limited,Other Retail,2025-01-18 12:28:00,0,0,XXXX5304,0,1,883.05,0,0,1955,0,0,0,0,1
MCH1956,Sodhi PLC,MCC-5912,pharmacy,INDIVIDUAL,amritsar,Punjab,2025-09-28 15:41:51,TLKU2109519549509,Active,1459.74,MCH1956,5912,Individual,Pharmacy & Medical,2025-09-28 15:41:51,0,0,TLKU2109519549509,0,0,1459.74,0,0,1956,0,1,1,2,3
MCH1959,"Barad, Bala and Chad",MCC-5999,Retail Other,INDIVIDUAL,Pune,Maharashtra,2025-10-12 19:55:24,,Live,578.42,MCH1959,5999,Individual,Other Retail,2025-10-12 19:55:24,0,0,,1,0,578.42,0,0,1959,1,1,1,3,2
MCH 1960,Bail-Chand,5411,kirana,PARTNERSHIP,Hyd,Telangana,08-26-2024,XXXX7716,Active,Rs. 613,MCH1960,5411,Partnership,Grocery,2024-08-26 00:00:00,0,0,XXXX7716,0,1,613.0,0,0,1960,0,0,0,0,1
MCH1965,chawla-sawhney,4814,phone service,INDIVIDUAL,BLR,Karnataka,2025/08/21,,A,"4,592.95",MCH1965,4814,Individual,Telecom,2025-08-21 00:00:00,0,0,,1,0,4592.95,0,0,1965,1,1,1,3,2
MCH 1966,Munshi-Bath,4131,TRAVEL,private_limited,Bangalore,Karnataka,27/01/2026,,S,"₹1,858.12",MCH1966,4131,Private Limited,Transportation,2026-01-27 00:00:00,0,0,,1,0,1858.12,0,0,1966,0,0,0,0,1
mch1968,Shroff-Mani,,kirana,partnership,MUMBAI,Maharashtra,10/04/2024,FIQR5425866491953,Enabled,"Rs. 1,674",MCH1968,,Partnership,Unknown,2024-04-10 00:00:00,0,0,FIQR5425866491953,0,0,1674.0,0,0,1968,0,0,0,0,1
MCH1969,Gole LLC,4131,TRAVEL,PRIVATE-LIMITED,Chennai,Tamil Nadu,,URWV6656600871469,ACTIVE,-6707.89,MCH1969,4131,Private Limited,Transportation,,1,0,URWV6656600871469,0,0,-6707.89,0,1,1969,1,1,1,3,2
MCH1971,Khanna and Sons,MCC-4814,TELECOM,PARTNERSHIP,Mumbai,Maharashtra,2026/02/06,XXXX1386,Active,2326.17,MCH1971,4814,Partnership,Telecom,2026-02-06 00:00:00,0,0,XXXX1386,0,1,2326.17,0,0,1971,1,1,1,3,2
mch1973,"Walia, Khatri and Saha",5942.0,BOOKS_STATIONERY,SOLE_PROPRIETOR,LKO,Uttar Pradesh,16/11/2025,2944514975,A,,MCH1973,5942,Sole Proprietor,Books & Stationery,2025-11-16 00:00:00,0,0,2944514975,0,0,,1,0,1973,1,1,1,3,4
MCH 1974,Kap00r LLC,4131,Transport,PARTNERSHIP,Chennai,Tamil Nadu,1715502313,5931788473,Enabled,,MCH1974,4131,Partnership,Transportation,2024-05-12 08:25:13,0,0,5931788473,0,0,,1,0,1974,0,0,0,0,1
MCH1976,"MUTTI, SASTRY AND JHA",5942,Stationery,private_limited,Amritsar,Punjab,08/04/2023,,Enabled,2928.73,MCH1976,5942,Private Limited,Books & Stationery,2023-04-08 00:00:00,0,0,,1,0,2928.73,0,0,1976,0,0,0,0,1
MCH1977,Chahal-Kumer,5942,Stationery,SOLE-PROPRIETOR,Calcutta,West Bengal,01-Sep-2025,XXXX3479,Enabled,Rs. 897,MCH1977,5942,Sole Proprietor,Books & Stationery,2025-09-01 00:00:00,0,0,XXXX3479,0,1,897.0,0,0,1977,1,1,1,3,2
MCH 1982,"Behl, Jayaraman and Divan",MCC-5699,Apparel,sole_proprietor,Bombay,Maharashtra,09/10/2025,,Active,₹298.94,MCH1982,5699,Sole Proprietor,Clothing,2025-10-09 00:00:00,0,0,,1,0,298.94,0,0,1982,0,0,0,0,1
1983,Jayaraman PLC,5912,Pharmacy,SOLE_PROPRIETOR,Hyderabad,Telangana,2024/12/13,6619790480,A,INR 657.32,1983,5912,Sole Proprietor,Pharmacy & Medical,2024-12-13 00:00:00,0,0,6619790480,0,0,657.32,0,0,1983,0,0,0,0,1
MCH-1984,"Lala, Wagle and Bal",5699,Fashion,PARTNERSHIP,Madras,Tamil Nadu,08/01/2025,,Active,"INR 5,244.88",MCH1984,5699,Partnership,Clothing,2025-01-08 00:00:00,0,0,,1,0,5244.88,0,0,1984,0,0,0,0,1
mch1986,Vaidya-Roy,5699,Clothing,INDIVIDUAL,Bengaluru,Karnataka,19/01/2026,,Active,1981.5,MCH1986,5699,Individual,Clothing,2026-01-19 00:00:00,0,0,,1,0,1981.5,0,0,1986,1,1,1,3,3
mch1987,"DORA, SARMA AND BISWAS",4814,Mobile Recharge,partnership,MUMBAI,Maharashtra,01-31-2023,NNVG3490646202999,Enabled,"₹3,268.84",MCH1987,4814,Partnership,Telecom,2023-01-31 00:00:00,0,0,NNVG3490646202999,0,0,3268.84,0,0,1987,0,0,0,0,1
MCH1990,Sawhney-Parekh,04814,Mobile Recharge,PRIVATE-LIMITED,JPR,Rajasthan,2026/01/26,,Enabled,INR 507.78,MCH1990,4814,Private Limited,Telecom,2026-01-26 00:00:00,0,0,,1,0,507.78,0,0,1990,1,1,1,3,2
MCH1993,DHALIWAL PLC,4814,TELECOM,Sole Proprietor,Amritsar,Punjab,,8690977818,Active,INR 428.65,MCH1993,4814,Sole Proprietor,Telecom,,1,0,8690977818,0,0,428.65,0,0,1993,0,0,0,0,1
MCH1994,"Naik, Bhasin and Virk",7011,HOTEL_LODGING,SOLE-PROPRIETOR,ASR,Punjab,1727180225,3176426647,Enabled,886.83,MCH1994,7011,Sole Proprietor,Hotels & Hospitality,2024-09-24 12:17:05,0,0,3176426647,0,0,886.83,0,0,1994,0,0,0,0,1
MCH1995,"Mand, Halder and Rajagopalan",5942,Books,PARTNERSHIP,Jaipur,Rajasthan,2024/04/04,COIS3057851068966,Disabled,158.78,MCH1995,5942,Partnership,Books & Stationery,2024-04-04 00:00:00,0,0,COIS3057851068966,0,0,158.78,0,0,1995,1,0,1,2,2
2003,Rajagopalan Inc,5311,DEPT_STORE,INDIVIDUAL,Poona,Maharashtra,16/06/2023,3428467704,ACTIVE,Rs. 567,2003,5311,Individual,Department Stores,2023-06-16 00:00:00,0,0,3428467704,0,0,567.0,0,0,2003,0,0,0,0,1
mch2007,"MAHAL, DIVAN AND SHARAF",5999,Other,sole_proprietor,jalandhar,Punjab,1675376077,4814016835,A,435.32,MCH2007,5999,Sole Proprietor,Other Retail,2023-02-02 22:14:37,0,0,4814016835,0,0,435.32,0,0,2007,0,0,0,0,1
MCH2009,"Tiwari, Naidu and Muni",5699,garments,partnership,Pune,Maharashtra,05-Apr-2024,NVFX6549311428381,Live,Rs. 732,MCH2009,5699,Partnership,Clothing,2024-04-05 00:00:00,0,0,NVFX6549311428381,0,1,732.0,0,0,2009,0,0,0,0,1
MCH2013,"Nanda, Saraf and Halder",5411,groceries,Individual,kolkata,West Bengal,22-Apr-2025,,Enabled,-1721.62,MCH2013,5411,Individual,Grocery,2025-04-22 00:00:00,0,0,,1,0,-1721.62,0,1,2013,0,0,0,0,1
MCH 2014,Sundaram and Sons,5999,Miscellaneous,PRIVATE_LIMITED,Ludhiana,Punjab,27/01/2024,XXXX5436,A,"Rs. 4,199",MCH2014,5999,Private Limited,Other Retail,2024-01-27 00:00:00,0,0,XXXX5436,0,1,4199.0,0,0,2014,1,1,0,2,2
MCH2015,Gulati LLC,4814,phone service,PRIVATE_LIMITED,Jaipur,Rajasthan,22/06/2023 07:04 AM,,Live,"17,945.28",MCH2015,4814,Private Limited,Telecom,2023-06-22 07:04:00,0,0,,1,0,17945.28,0,0,2015,0,0,0,0,1
MCH2016,"Amble, Yadav and Dube",5999,Retail Other,PARTNERSHIP,kolkata,West Bengal,18/03/2025,XXXX3614,Hold,10324.69,MCH2016,5999,Partnership,Other Retail,2025-03-18 00:00:00,0,0,XXXX3614,0,1,10324.69,0,0,2016,0,0,0,0,1
MCH-2019,WALLA-RANGANATHAN,5999,Misc Retail,partnership,bengaluru,Karnataka,22-May-2024,,Live,"₹1,915.39",MCH2019,5999,Partnership,Other Retail,2024-05-22 00:00:00,0,0,,1,0,1915.39,0,0,2019,0,0,0,0,1
MCH 2020,Prabhu-Kar,5699.0,CLOTHS,PRIVATE-LIMITED,Jalandhar,Punjab,15/03/2025 09:17 PM,XXXX1985,Suspended,2649.5,MCH2020,5699,Private Limited,Clothing,2025-03-15 21:17:00,0,0,XXXX1985,0,1,2649.5,0,0,2020,1,1,1,3,2
MCH2021,Shenoy-Wable,5912,chemist,Sole Proprietor,delhi,Delhi,05/06/2025,BNOS2436378037599,Live,"INR 2,287.51",MCH2021,5912,Sole Proprietor,Pharmacy & Medical,2025-06-05 00:00:00,0,0,BNOS2436378037599,0,0,2287.51,0,0,2021,0,0,0,0,1
MCH-2022,Nagi-Gala,5999,Misc Retail,individual,chennai,Tamil Nadu,08-Apr-2024,,Active,"INR 3,182.35",MCH2022,5999,Individual,Other Retail,2024-04-08 00:00:00,0,0,,1,0,3182.35,0,0,2022,0,0,0,0,1
MCH 2024,"Ram, Manda and Chopra",MCC-4131,Transportation,Sole Proprietor,pune,Maharashtra,07-24-2025,,Enabled,-1122.98,MCH2024,4131,Sole Proprietor,Transportation,2025-07-24 00:00:00,0,0,,1,0,-1122.98,0,1,2024,0,0,0,0,1
mch2027,"Boase, Ghosh and Manda",5311,DEPT_STORE,PARTNERSHIP,chennai,Tamil Nadu,12-16-2023,XXXX6284,A,1163.7,MCH2027,5311,Partnership,Department Stores,2023-12-16 00:00:00,0,0,XXXX6284,0,1,1163.7,0,0,2027,0,0,0,0,1
MCH 2028,"Sanghvi, Sibal and Vala",,Transportation,Individual,Bombay,Maharashtra,12/06/2024,,A,868.81,MCH2028,,Individual,Unknown,2024-06-12 00:00:00,0,0,,1,0,868.81,0,0,2028,1,1,1,3,3
MCH2029,  Bhalla-Brahmbhatt  ,05999,Misc Retail,sole_proprietor,Jalandar,Punjab,2023-06-20 12:29:06,,A,276.02,MCH2029,5999,Sole Proprietor,Other Retail,2023-06-20 12:29:06,0,0,,1,0,276.02,0,0,2029,0,0,0,0,1
MCH-2030,Singh-Banerjee,4131,Transport,Individual,LDH,Punjab,25/02/2023,,Active,"Rs. 3,976",MCH2030,4131,Individual,Transportation,2023-02-25 00:00:00,0,0,,1,0,3976.0,0,0,2030,0,0,0,0,1
mch2032,"  Doshi, Sur and Sarna  ",,FOOD_SERVICES,PRIVATE_LIMITED,pune,Maharashtra,15/07/2023,,Active,INR 771.07,MCH2032,,Private Limited,Unknown,2023-07-15 00:00:00,0,0,,1,0,771.07,0,0,2032,0,0,0,0,1
MCH2033,"Munshi, Sundaram and Bhasin",05699,garments,PRIVATE-LIMITED,Poona,Maharashtra,30/09/2025,XXXX3680,Active,294.83,MCH2033,5699,Private Limited,Clothing,2025-09-30 00:00:00,0,0,XXXX3680,0,1,294.83,0,0,2033,0,0,0,0,1
MCH2035,HORA-GROVER,MCC-4131,Transportation,Sole Proprietor,New Delhi,Delhi,2026-01-07 09:43:17,,Enabled,212.97,MCH2035,4131,Sole Proprietor,Transportation,2026-01-07 09:43:17,0,0,,1,0,212.97,0,0,2035,0,0,0,0,1
mch2037,Kadakia LLC,misc,Grocery Stores,partnership,New Delhi,Delhi,13-Oct-2024,ZTLJ8328872113925,Active,₹426.54,MCH2037,,Partnership,Unknown,2024-10-13 00:00:00,0,0,ZTLJ8328872113925,0,0,426.54,0,0,2037,1,1,1,3,2
MCH2038,Keer Inc,5311,Department Stores,Partnership,pune,Maharashtra,07/06/2025 07:52 PM,,INACTIVE,,MCH2038,5311,Partnership,Department Stores,2025-06-07 19:52:00,0,0,,1,0,,1,0,2038,1,1,1,3,2
MCH2040,"Balan, Sahota and Nagi",MCC-5699,Clothing,Sole Proprietor,Kolkata,West Bengal,,,Active,Rs. 409,MCH2040,5699,Sole Proprietor,Clothing,,1,0,,1,0,409.0,0,0,2040,1,1,1,3,3
MCH2041,"Sagar, Chakraborty and Kurian",4131,TRAVEL,sole_proprietor,ludhiana,Punjab,1711103801,,INACTIVE,,MCH2041,4131,Sole Proprietor,Transportation,2024-03-22 10:36:41,0,0,,1,0,,1,0,2041,0,0,0,0,1
mch2042,"Rai, Das and Bava",MCC-5311,Retail,PARTNERSHIP,Pune,Maharashtra,17-Dec-2023,ZYCY1593553139876,ACTIVE,1564.88,MCH2042,5311,Partnership,Department Stores,2023-12-17 00:00:00,0,0,ZYCY1593553139876,0,0,1564.88,0,0,2042,0,0,0,0,1
MCH-2044,"Upadhyay, Kapoor and Nazareth",7011,Hospitality,Individual,LKO,Uttar Pradesh,1672621135,3913922043,Active,INR 368.05,MCH2044,7011,Individual,Hotels & Hospitality,2023-01-02 00:58:55,0,0,3913922043,0,0,368.05,0,0,2044,0,0,0,0,1
MCH2045,Nadig-Bal,5699,CLOTHS,PRIVATE-LIMITED,pune,Maharashtra,05/02/2024 11:14 PM,,A,-2363.1,MCH2045,5699,Private Limited,Clothing,2024-02-05 23:14:00,0,0,,1,0,-2363.1,0,1,2045,0,0,0,0,1
MCH2046,Konda-Garde,5411,kirana,SOLE_PROPRIETOR,lucknow,Uttar Pradesh,01-28-2026,,ACTIVE,1405.98,MCH2046,5411,Sole Proprietor,Grocery,2026-01-28 00:00:00,0,0,,1,0,1405.98,0,0,2046,0,0,0,0,1
MCH2047,Ghose-Kannan,5942,Book Store,SOLE_PROPRIETOR,LKO,Uttar Pradesh,2025/05/24,,Active,"₹1,609.08",MCH2047,5942,Sole Proprietor,Books & Stationery,2025-05-24 00:00:00,0,0,,1,0,1609.08,0,0,2047,1,1,1,3,2
MCH2051,  Deshpande PLC  ,5912,Medical,private_limited,chennai,Tamil Nadu,2024/10/06,6948597427,A,₹625.93,MCH2051,5912,Private Limited,Pharmacy & Medical,2024-10-06 00:00:00,0,0,6948597427,0,0,625.93,0,0,2051,0,0,0,0,1
MCH2052,"Saraf, Maharaj and Kakar",5999,Misc Retail,INDIVIDUAL,Poona,Maharashtra,30-Jan-2025,XXXX8291,Enabled,"₹3,476.81",MCH2052,5999,Individual,Other Retail,2025-01-30 00:00:00,0,0,XXXX8291,0,1,3476.81,0,0,2052,0,0,0,0,1
MCH2056,"  Kadakia, Nagi and Ramakrishnan  ",5699,CLOTHS,Sole Proprietor,Bombay,Maharashtra,23/02/2023,XXXX6025,A,2168.0,MCH2056,5699,Sole Proprietor,Clothing,2023-02-23 00:00:00,0,0,XXXX6025,0,1,2168.0,0,0,2056,0,0,0,0,1
MCH2060,Grover-Dugar,,Hotel,Individual,chennai,Tamil Nadu,2025-10-02 05:31:26,DZGT5983407724510,A,Rs. 540,MCH2060,,Individual,Unknown,2025-10-02 05:31:26,0,0,DZGT5983407724510,0,0,540.0,0,0,2060,0,0,0,0,1
MCH 2063,Bhavsar Gr0up,4131,transprt,PRIVATE-LIMITED,Madras,Tamil Nadu,10/10/2025 03:34 PM,,Active,2405.73,MCH2063,4131,Private Limited,Transportation,2025-10-10 15:34:00,0,0,,1,0,2405.73,0,0,2063,0,0,0,0,1
MCH2064,date and sons,5812,Restaurant,private_limited,Delhi,Delhi,05/08/2025,,ACTIVE,"Rs. 1,715",MCH2064,5812,Private Limited,Food & Restaurants,2025-08-05 00:00:00,0,0,,1,0,1715.0,0,0,2064,0,0,0,0,1
MCH2067,"Choudhry, Bhalla and Jaggi",5942,Book Store,INDIVIDUAL,Jalandar,Punjab,11-Mar-2023,,Closed,952.93,MCH2067,5942,Individual,Books & Stationery,2023-03-11 00:00:00,0,0,,1,0,952.93,0,0,2067,1,1,1,3,2
MCH2071,Dube-Kapadia,,Mobile Recharge,Sole Proprietor,amritsar,Punjab,2024-08-19 04:07:47,5736154750,A,"Rs. 1,392",MCH2071,,Sole Proprietor,Unknown,2024-08-19 04:07:47,0,0,5736154750,0,0,1392.0,0,0,2071,0,0,0,0,1
MCH2074,D’Alia Inc,05699,Fashion,partnership,jaipur,Rajasthan,1761162895,VRCT7941741947399,Enabled,"1,616.20",MCH2074,5699,Partnership,Clothing,2025-10-22 19:54:55,0,0,VRCT7941741947399,0,0,1616.2,0,0,2074,1,1,1,3,2
MCH 2075,"Dhar,DeoandRau",5912,chemist,Individual,delhi,Delhi,2024-09-01 00:59:41,0032289516,Active,"₹1,584.12",MCH2075,5912,Individual,Pharmacy & Medical,2024-09-01 00:59:41,0,0,0032289516,0,0,1584.12,0,0,2075,0,0,0,0,1
MCH 2076,Chad Ltd,05942,Book Store,SOLE_PROPRIETOR,jalandhar,Punjab,03/07/2024 02:08 AM,7969775416,ACTIVE,579.16,MCH2076,5942,Sole Proprietor,Books & Stationery,2024-07-03 02:08:00,0,0,7969775416,0,0,579.16,0,0,2076,0,0,0,0,1
MCH2077,KARA PLC,5812,eating place,INDIVIDUAL,amritsar,Punjab,15/11/2025 02:48 AM,XXXX1473,Active,239.1,MCH2077,5812,Individual,Food & Restaurants,2025-11-15 02:48:00,0,0,XXXX1473,0,1,239.1,0,0,2077,1,1,1,3,2
MCH2078,Chada-Dubey,5311,Department Stores,individual,Bengaluru,Karnataka,14/03/2025,,ACTIVE,"₹1,915.85",MCH2078,5311,Individual,Department Stores,2025-03-14 00:00:00,0,0,,1,0,1915.85,0,0,2078,0,0,0,0,1
MCH2081,Swaminathan and Sons,7011,Hotels,Individual,Jalandar,Punjab,24/02/2026,,Active,Rs. 515,MCH2081,7011,Individual,Hotels & Hospitality,2026-02-24 00:00:00,0,0,,1,0,515.0,0,0,2081,1,1,1,3,2
MCH2083,Patla-Basak,5912,MEDICAL_STORE,individual,Calcutta,West Bengal,08/10/2024 01:26 AM,,S,₹556.93,MCH2083,5912,Individual,Pharmacy & Medical,2024-10-08 01:26:00,0,0,,1,0,556.93,0,0,2083,0,0,0,0,1
MCH2084,"Murthy, Dutt and Bakshi",4131,TRAVEL,private_limited,mumbai,Maharashtra,03-Apr-2024,,Live,659.75,MCH2084,4131,Private Limited,Transportation,2024-04-03 00:00:00,0,0,,1,0,659.75,0,0,2084,0,0,0,0,1
MCH2085,Chacko-Zachariah,04131,Transport,SOLE_PROPRIETOR,LKO,Uttar Pradesh,,,Enabled,472.37,MCH2085,4131,Sole Proprietor,Transportation,,1,0,,1,0,472.37,0,0,2085,1,1,1,3,4
MCH2087,DUBEY-DOCTOR,5999,Miscellaneous,INDIVIDUAL,ASR,Punjab,2025/04/17,0974736100,Enabled,4751.6,MCH2087,5999,Individual,Other Retail,2025-04-17 00:00:00,0,0,0974736100,0,0,4751.6,0,0,2087,0,0,0,0,1
MCH-2090,Upadhyay PLC,5812.0,eating place,SOLE-PROPRIETOR,Dilli,Delhi,2026-01-05 04:15:56,KZDI9850791739312,Enabled,439.31,MCH2090,5812,Sole Proprietor,Food & Restaurants,2026-01-05 04:15:56,0,0,KZDI9850791739312,0,0,439.31,0,0,2090,0,0,0,0,1
MCH 2092,"Dubey, Tara and Thaker",04131,Transportation,individual,Kolkata,West Bengal,2023/11/09,6682311847,Live,1262.97,MCH2092,4131,Individual,Transportation,2023-11-09 00:00:00,0,0,6682311847,0,0,1262.97,0,0,2092,0,0,0,0,1
MCH2093,Ghosh-Gaba,,Misc Retail,SOLE-PROPRIETOR,Ludhiana,Punjab,05/02/2024,IJYU8161082317804,Active,"Rs. 2,389",MCH2093,,Sole Proprietor,Unknown,2024-02-05 00:00:00,0,0,IJYU8161082317804,0,0,2389.0,0,0,2093,0,0,0,0,1
2094,Ratti Ltd,05411,Grocery,SOLE-PROPRIETOR,bengaluru,Karnataka,,2357394958,A,"4,897.48",2094,5411,Sole Proprietor,Grocery,,1,0,2357394958,0,0,4897.48,0,0,2094,0,0,0,0,1
MCH2096,GolePLC,5942,Books,individual,Delhi,Delhi,,3610900033,Disabled,"INR 6,529.52",MCH2096,5942,Individual,Books & Stationery,,1,0,3610900033,0,0,6529.52,0,0,2096,1,1,1,3,2
MCH2098,Ranganathan-Chopra,4131.0,transprt,private_limited,Madras,Tamil Nadu,05-13-2023,,Enabled,"4,538.04",MCH2098,4131,Private Limited,Transportation,2023-05-13 00:00:00,0,0,,1,0,4538.04,0,0,2098,0,0,0,0,1
MCH2099,  Atwal Group  ,UNKNOWN,Apparel,partnership,Bombay,Maharashtra,23/10/2025 08:48 PM,XXXX7789,ACTIVE,245.52,MCH2099,,Partnership,Unknown,2025-10-23 20:48:00,0,0,XXXX7789,0,1,245.52,0,0,2099,1,1,1,3,2
MCH2100,"  Jani, Bobal and Singhal  ",7011,Hospitality,INDIVIDUAL,Bangalore,Karnataka,,,Enabled,"Rs. 1,281",MCH2100,7011,Individual,Hotels & Hospitality,,1,0,,1,0,1281.0,0,0,2100,0,0,0,0,1
MCH 2102,"Mand, Bobal and Saini",5812,Restaurant,INDIVIDUAL,ludhiana,Punjab,25-Apr-2024,,ACTIVE,-2985.52,MCH2102,5812,Individual,Food & Restaurants,2024-04-25 00:00:00,0,0,,1,0,-2985.52,0,1,2102,0,0,0,0,1
MCH2104,Iyengar PLC,,Fashion,PRIVATE_LIMITED,LKO,Uttar Pradesh,1742476817,,SUSPENDED,1344.05,MCH2104,,Private Limited,Unknown,2025-03-20 13:20:17,0,0,,1,0,1344.05,0,0,2104,0,0,0,0,1
mch2105,"Savant, Chauhan and Kumer",05912,chemist,Private Limited,amritsar,Punjab,28/09/2024,,ACTIVE,-898.76,MCH2105,5912,Private Limited,Pharmacy & Medical,2024-09-28 00:00:00,0,0,,1,0,-898.76,0,1,2105,0,0,0,0,2
mch2106,"  Doctor, Karnik and Sridhar  ",5999,Retail Other,partnership,bengaluru,Karnataka,16-Aug-2023,XXXX6082,I,871.69,MCH2106,5999,Partnership,Other Retail,2023-08-16 00:00:00,0,0,XXXX6082,0,1,871.69,0,0,2106,0,0,0,0,1
MCH2107,"wali, srinivas and vyas",5912,Pharmacies,PRIVATE-LIMITED,Madras,Tamil Nadu,29/08/2023,KNZL1450578164711,Active,₹679.27,MCH2107,5912,Private Limited,Pharmacy & Medical,2023-08-29 00:00:00,0,0,KNZL1450578164711,0,0,679.27,0,0,2107,0,0,0,0,1
MCH2108,  Sankar-Desai  ,05912,chemist,SOLE-PROPRIETOR,ludhiana,Punjab,30/10/2023,9695114754,S,1535.43,MCH2108,5912,Sole Proprietor,Pharmacy & Medical,2023-10-30 00:00:00,0,0,9695114754,0,0,1535.43,0,0,2108,0,0,0,0,1
MCH2111,Dubey-Oommen,07011,Hotels,individual,ludhiana,Punjab,26/07/2023 08:03 AM,,Live,5111.16,MCH2111,7011,Individual,Hotels & Hospitality,2023-07-26 08:03:00,0,0,,1,0,5111.16,0,0,2111,0,0,0,0,1
MCH2115,Kohli-Doshi,MCC-4131,TRAVEL,sole_proprietor,Chennai,Tamil Nadu,2024-05-24 11:16:59,XXXX7245,A,"₹8,526.65",MCH2115,4131,Sole Proprietor,Transportation,2024-05-24 11:16:59,0,0,XXXX7245,0,1,8526.65,0,0,2115,1,0,1,2,2
MCH2116,Chaudhari and Sons,5699,garments,individual,JPR,Rajasthan,02/09/2023,XXXX7517,A,947.14,MCH2116,5699,Individual,Clothing,2023-09-02 00:00:00,0,0,XXXX7517,0,1,947.14,0,0,2116,0,0,0,0,1
MCH2117,Lal Group,,Hospitality,Partnership,jaipur,Rajasthan,10-28-2025,,ACTIVE,"₹2,615.21",MCH2117,,Partnership,Unknown,2025-10-28 00:00:00,0,0,,1,0,2615.21,0,0,2117,0,0,0,0,1
MCH2118,Jani-Subramaniam,5942,Stationery,Partnership,Ludhiana,Punjab,30/05/2024,TOPO3167206929855,Enabled,"₹1,546.09",MCH2118,5942,Partnership,Books & Stationery,2024-05-30 00:00:00,0,0,TOPO3167206929855,0,0,1546.09,0,0,2118,1,1,1,3,2
MCH2119,Kashyap Ltd,05699,Apparel,individual,Chennai,Tamil Nadu,1690102430,QOGH2854636021780,I,1155.58,MCH2119,5699,Individual,Clothing,2023-07-23 08:53:50,0,0,QOGH2854636021780,0,0,1155.58,0,0,2119,0,0,0,0,1
MCH2120,"Yohannan, Patla and Parmer",7011,hotel_lodging,Partnership,Delhi,Delhi,2024/01/01,XXXX7380,Live,-3366.53,MCH2120,7011,Partnership,Hotels & Hospitality,2024-01-01 00:00:00,0,0,XXXX7380,0,1,-3366.53,0,1,2120,1,1,1,3,3
MCH2122,"Bava, Bal and Mittal",UNKNOWN,MEDICAL_STORE,INDIVIDUAL,Pune,Maharashtra,04/01/2024,,Live,1119.03,MCH2122,,Individual,Unknown,2024-01-04 00:00:00,0,0,,1,0,1119.03,0,0,2122,0,0,0,0,1
mch2123,Lala and Sons,5311,Department Stores,PRIVATE-LIMITED,Mumbai,Maharashtra,03/01/2025 05:53 AM,,Live,"₹13,187.41",MCH2123,5311,Private Limited,Department Stores,2025-01-03 05:53:00,0,0,,1,0,13187.41,0,0,2123,1,0,1,2,2
MCH2124,"Chander, Kohli and Dube",4131,Transport,Individual,delhi,Delhi,2024/02/15,XXXX2531,A,"₹1,551.09",MCH2124,4131,Individual,Transportation,2024-02-15 00:00:00,0,0,XXXX2531,0,1,1551.09,0,0,2124,0,0,0,0,1
MCH2126,Golla and Sons,5311,Department Store,partnership,Hyderabad,Telangana,15/04/2024,VOOP9800619907319,Enabled,Rs. 342,MCH2126,5311,Partnership,Department Stores,2024-04-15 00:00:00,0,0,VOOP9800619907319,0,0,342.0,0,0,2126,0,0,0,0,1
MCH2128,Ghosh-Sharaf,5812,FOOD_SERVICES,Partnership,amritsar,Punjab,21-Dec-2023,6688236722,Live,3157.17,MCH2128,5812,Partnership,Food & Restaurants,2023-12-21 00:00:00,0,0,6688236722,0,0,3157.17,0,0,2128,0,0,0,0,1
MCH2129,Bhavsar-De,5912,Pharmacy,SOLE-PROPRIETOR,Hyderabad,Telangana,,2500999511,Active,"Rs. 4,898",MCH2129,5912,Sole Proprietor,Pharmacy & Medical,,1,0,2500999511,0,0,4898.0,0,0,2129,0,0,0,0,1
MCH2131,Boase-Varghese,5699,Clothing,SOLE-PROPRIETOR,Poona,Maharashtra,29-Mar-2025,,Live,2157.11,MCH2131,5699,Sole Proprietor,Clothing,2025-03-29 00:00:00,0,0,,1,0,2157.11,0,0,2131,0,0,0,0,1
MCH2133,Bose-Saraf,5999,misc retail,SOLE-PROPRIETOR,MUMBAI,Maharashtra,2024/09/19,6035698626,Suspended,-434.11,MCH2133,5999,Sole Proprietor,Other Retail,2024-09-19 00:00:00,0,0,6035698626,0,0,-434.11,0,1,2133,0,0,1,1,2
MCH2135,"Singh, Talwar and Sur",5411.0,groceries,PRIVATE_LIMITED,jalandhar,Punjab,2025/01/15,,Suspended,704.34,MCH2135,5411,Private Limited,Grocery,2025-01-15 00:00:00,0,0,,1,0,704.34,0,0,2135,0,0,0,0,1
2137,Saran and Sons,5699.0,CLOTHS,Private Limited,DELHI,Delhi,10/11/2023,,A,2376.86,2137,5699,Private Limited,Clothing,2023-11-10 00:00:00,0,0,,1,0,2376.86,0,0,2137,1,1,1,3,2
MCH2139,"Bali, Mahajan and Oza",05942,Stationery,sole_proprietor,Bengaluru,Karnataka,2023/02/12,XXXX2161,ACTIVE,₹512.11,MCH2139,5942,Sole Proprietor,Books & Stationery,2023-02-12 00:00:00,0,0,XXXX2161,0,1,512.11,0,0,2139,0,0,0,0,1
mch2142,"Banerjee, Ghose and Parekh",05942,BOOKS_STATIONERY,SOLE_PROPRIETOR,Delhi,Delhi,23-Aug-2024,VSPN0134800422309,A,-3367.02,MCH2142,5942,Sole Proprietor,Books & Stationery,2024-08-23 00:00:00,0,0,VSPN0134800422309,0,0,-3367.02,0,1,2142,0,0,0,0,1
MCH2144,Choudhary-Kashyap,5942,Books,PARTNERSHIP,LDH,Punjab,1723568208,XXXX3571,A,350.72,MCH2144,5942,Partnership,Books & Stationery,2024-08-13 16:56:48,0,0,XXXX3571,0,1,350.72,0,0,2144,0,0,0,0,1
MCH 2148,Dora Ltd,5912.0,Pharmacy,private_limited,ASR,Punjab,2024-05-30 17:40:28,,Live,343.34,MCH2148,5912,Private Limited,Pharmacy & Medical,2024-05-30 17:40:28,0,0,,1,0,343.34,0,0,2148,0,0,0,0,1
MCH 2149,"Doctor, Varughese and Hans",5942,Stationery,INDIVIDUAL,bengaluru,Karnataka,07-May-2025,XXXX2634,A,"₹3,778.33",MCH2149,5942,Individual,Books & Stationery,2025-05-07 00:00:00,0,0,XXXX2634,0,1,3778.33,0,0,2149,1,0,1,2,2
MCH2152,"Choudhry, Chauhan and Dayal",5942,Stationery,PRIVATE_LIMITED,Poona,Maharashtra,2025-11-28 17:27:17,6428134605,A,"INR 1,507.67",MCH2152,5942,Private Limited,Books & Stationery,2025-11-28 17:27:17,0,0,6428134605,0,0,1507.67,0,0,2152,0,0,0,0,1
MCH2153,"Dara, Vala and Venkatesh",5699,CLOTHS,partnership,Madras,Tamil Nadu,2023/06/21,,Live,-1608.19,MCH2153,5699,Partnership,Clothing,2023-06-21 00:00:00,0,0,,1,0,-1608.19,0,1,2153,0,0,0,0,1
mch2154,"Chhabra, Walla and Ramakrishnan",05942,Book Store,SOLE_PROPRIETOR,Ludhiana,Punjab,28-Oct-2023,,INACTIVE,"Rs. 1,662",MCH2154,5942,Sole Proprietor,Books & Stationery,2023-10-28 00:00:00,0,0,,1,0,1662.0,0,0,2154,1,0,1,2,2
MCH 2155,Vig-Bobal,4814,Mobile Recharge,PRIVATE_LIMITED,New Delhi,Delhi,05-03-2023,XXXX5202,Active,"Rs. 8,483",MCH2155,4814,Private Limited,Telecom,2023-05-03 00:00:00,0,0,XXXX5202,0,1,8483.0,0,0,2155,0,0,0,0,1
MCH 2157,PARMER-SINHA,5912,Pharmacies,partnership,New Delhi,Delhi,22/10/2023 03:49 AM,,ACTIVE,"₹1,536.42",MCH2157,5912,Partnership,Pharmacy & Medical,2023-10-22 03:49:00,0,0,,1,0,1536.42,0,0,2157,1,1,1,3,3
mch2159,Sawhney LLC,5812,Food,SOLE_PROPRIETOR,Jalandhar,Punjab,16/05/2024,MGFR5989061568022,Active,"1,420.00",MCH2159,5812,Sole Proprietor,Food & Restaurants,2024-05-16 00:00:00,0,0,MGFR5989061568022,0,0,1420.0,0,0,2159,0,0,0,0,1
MCH2165,  Venkataraman-Seshadri  ,05912,MEDICAL_STORE,Sole Proprietor,Pune,Maharashtra,26/06/2024,,A,137.68,MCH2165,5912,Sole Proprietor,Pharmacy & Medical,2024-06-26 00:00:00,0,0,,1,0,137.68,0,0,2165,0,0,0,0,1
MCH2166,SANT-VENKATESH,5912,Pharmacy,individual,ASR,Punjab,2024/09/20,9608426270,ACTIVE,789.14,MCH2166,5912,Individual,Pharmacy & Medical,2024-09-20 00:00:00,0,0,9608426270,0,0,789.14,0,0,2166,0,0,0,0,1
MCH2169,"Munshi, Srinivas and Ramanathan",5942,BOOKS_STATIONERY,PARTNERSHIP,chennai,Tamil Nadu,07/09/2024,,Enabled,351.61,MCH2169,5942,Partnership,Books & Stationery,2024-09-07 00:00:00,0,0,,1,0,351.61,0,0,2169,1,1,1,3,2
2172,"taneja, raj and vora",7011,Hotel,SOLE_PROPRIETOR,Hyderabad,Telangana,15/06/2025 03:11 AM,,A,466.45,2172,7011,Sole Proprietor,Hotels & Hospitality,2025-06-15 03:11:00,0,0,,1,0,466.45,0,0,2172,1,1,1,3,2
MCH2174,"Sood, Chowdhury and Chacko",07011,Hotel,private_limited,New Delhi,Delhi,03-13-2024,8824000729,Disabled,"₹1,287.16",MCH2174,7011,Private Limited,Hotels & Hospitality,2024-03-13 00:00:00,0,0,8824000729,0,0,1287.16,0,0,2174,0,0,0,0,1
MCH2177,"Boase, Bajaj and Krish",05999,Other,Private Limited,jalandhar,Punjab,01-Aug-2025,,Active,420.77,MCH2177,5999,Private Limited,Other Retail,2025-08-01 00:00:00,0,0,,1,0,420.77,0,0,2177,1,1,1,3,2
MCH2179,CHANDA-SURA,5699,Fashion,PRIVATE_LIMITED,Jalandhar,Punjab,2026/01/07,XXXX4523,ACTIVE,1281.24,MCH2179,5699,Private Limited,Clothing,2026-01-07 00:00:00,0,0,XXXX4523,0,1,1281.24,0,0,2179,1,1,1,3,2
MCH2180,Chaudry-Sidhu,,Apparel,PRIVATE-LIMITED,Pune,Maharashtra,,4033666419,Live,"INR 3,354.42",MCH2180,,Private Limited,Unknown,,1,0,4033666419,0,0,3354.42,0,0,2180,0,0,0,0,1
MCH2183,Savant LLC,4131,TRAVEL,SOLE-PROPRIETOR,Dilli,Delhi,,XXXX8842,Active,-202.62,MCH2183,4131,Sole Proprietor,Transportation,,1,0,XXXX8842,0,1,-202.62,0,1,2183,0,0,0,0,1
2185,wagle inc,,Medical,PRIVATE_LIMITED,Poona,Maharashtra,,XXXX8242,S,Rs. 828,2185,,Private Limited,Unknown,,1,0,XXXX8242,0,1,828.0,0,0,2185,0,0,0,0,1
MCH2186,Venkatesh and Sons,5912,Medical,SOLE_PROPRIETOR,LKO,Uttar Pradesh,11-23-2025,,Enabled,661.82,MCH2186,5912,Sole Proprietor,Pharmacy & Medical,2025-11-23 00:00:00,0,0,,1,0,661.82,0,0,2186,0,0,0,0,1
MCH-2187,Balan and Sons,5999,Retail Other,SOLE-PROPRIETOR,Bangalore,Karnataka,22/10/2024,,Live,"Rs. 1,340",MCH2187,5999,Sole Proprietor,Other Retail,2024-10-22 00:00:00,0,0,,1,0,1340.0,0,0,2187,0,0,0,0,1
MCH-2188,"Sundaram, Prakash and Sheth",5699,Fashion,sole_proprietor,HYDERABAD,Telangana,02/11/2025 08:29 PM,,Active,-778.36,MCH2188,5699,Sole Proprietor,Clothing,2025-11-02 20:29:00,0,0,,1,0,-778.36,0,1,2188,0,0,0,0,1
MCH2189,"  Mammen, Balakrishnan and Prakash  ",5311,Retail,SOLE_PROPRIETOR,Jaipur,Rajasthan,05-14-2025,,Enabled,"₹2,363.97",MCH2189,5311,Sole Proprietor,Department Stores,2025-05-14 00:00:00,0,0,,1,0,2363.97,0,0,2189,0,0,0,0,1
MCH2191,"CHOUDHRY, RAI AND CHOKSHI",,Book Store,PRIVATE_LIMITED,chennai,Tamil Nadu,04-14-2025,,ACTIVE,3020.11,MCH2191,,Private Limited,Unknown,2025-04-14 00:00:00,0,0,,1,0,3020.11,0,0,2191,1,1,1,3,2
MCH2196,Badal-Ghosh,4131.0,transprt,INDIVIDUAL,delhi,Delhi,2024/04/07,XXXX7232,A,188.84,MCH2196,4131,Individual,Transportation,2024-04-07 00:00:00,0,0,XXXX7232,0,1,188.84,0,0,2196,0,0,0,0,1
MCH2197,Palan-Bhatti,5311,Department Stores,partnership,DELHI,Delhi,,YPNI1403413664050,ACTIVE,"INR 2,800.25",MCH2197,5311,Partnership,Department Stores,,1,0,YPNI1403413664050,0,0,2800.25,0,0,2197,0,0,0,0,1
MCH2198,"Arya, Dalal and Keer",5812.0,Restaurant,PRIVATE-LIMITED,jaipur,Rajasthan,1694189116,,ACTIVE,"2,776.31",MCH2198,5812,Private Limited,Food & Restaurants,2023-09-08 16:05:16,0,0,,1,0,2776.31,0,0,2198,0,0,0,0,1
MCH-2199,Subramanian Inc,5311,Department Stores,PRIVATE-LIMITED,Bangalore,Karnataka,01-14-2024,,S,369.25,MCH2199,5311,Private Limited,Department Stores,2024-01-14 00:00:00,0,0,,1,0,369.25,0,0,2199,0,0,0,0,1
MCH2200,Choudhry-Vig,4814,TELECOM,Private Limited,jaipur,Rajasthan,21/04/2023 06:16 AM,JBNG6240536039384,Live,INR 207.14,MCH2200,4814,Private Limited,Telecom,2023-04-21 06:16:00,0,0,JBNG6240536039384,0,0,207.14,0,0,2200,0,0,0,0,1
MCH2201,"Chandra, Sen and Ray",5812,eating place,PRIVATE-LIMITED,BLR,Karnataka,2025/11/17,XXXX8373,Live,-384.1,MCH2201,5812,Private Limited,Food & Restaurants,2025-11-17 00:00:00,0,0,XXXX8373,0,1,-384.1,0,1,2201,1,1,1,3,2
MCH2202,"dass, vala and goda",5912.0,Pharmacy,private_limited,Hyd,Telangana,06-19-2023,EGTB4563622891580,Hold,-1191.83,MCH2202,5912,Private Limited,Pharmacy & Medical,2023-06-19 00:00:00,0,0,EGTB4563622891580,0,0,-1191.83,0,1,2202,0,0,0,0,1
MCH2203,"DAR, KHURANA AND VASA",5812,Restaurant,SOLE-PROPRIETOR,Jaipur,Rajasthan,05/07/2024 09:28 AM,,ACTIVE,"₹14,312.42",MCH2203,5812,Sole Proprietor,Food & Restaurants,2024-07-05 09:28:00,0,0,,1,0,14312.42,0,0,2203,0,0,0,0,1
MCH2205,Mannan and Sons,5999,Miscellaneous,sole_proprietor,Ludhiana,Punjab,07-23-2023,XXXX7174,Disabled,₹490.97,MCH2205,5999,Sole Proprietor,Other Retail,2023-07-23 00:00:00,0,0,XXXX7174,0,1,490.97,0,0,2205,1,1,1,3,4
MCH2211,KRISHNAN-SIBAL,5942,BOOKS_STATIONERY,Individual,Bengaluru,Karnataka,2023-05-28 18:32:06,,ACTIVE,1189.37,MCH2211,5942,Individual,Books & Stationery,2023-05-28 18:32:06,0,0,,1,0,1189.37,0,0,2211,0,0,0,0,1
MCH 2212,Parmar Group,misc,Bus/Taxi,PRIVATE_LIMITED,jalandhar,Punjab,01/02/2025 07:40 AM,,Active,"INR 4,432.56",MCH2212,,Private Limited,Unknown,2025-02-01 07:40:00,0,0,,1,0,4432.56,0,0,2212,0,0,0,0,1
MCH 2213,"Dash,SoniandPalla",7011,Hotel,INDIVIDUAL,kolkata,West Bengal,30/04/2023,,ACTIVE,4392.08,MCH2213,7011,Individual,Hotels & Hospitality,2023-04-30 00:00:00,0,0,,1,0,4392.08,0,0,2213,0,0,0,0,1
MCH2214,Varkey-Seshadri,4131,Transport,PARTNERSHIP,New Delhi,Delhi,18/12/2024,9016212995,Live,-649.44,MCH2214,4131,Partnership,Transportation,2024-12-18 00:00:00,0,0,9016212995,0,0,-649.44,0,1,2214,0,0,0,0,1
mch2215,Maharaj-Kale,7011,Hospitality,Individual,Calcutta,West Bengal,2024/08/03,,ACTIVE,"₹3,526.35",MCH2215,7011,Individual,Hotels & Hospitality,2024-08-03 00:00:00,0,0,,1,0,3526.35,0,0,2215,0,0,0,0,1
MCH2217,"Rai, Bala and Shenoy",5411,Grocery Stores,INDIVIDUAL,Mumbay,Maharashtra,15-Aug-2023,2506258510,ACTIVE,728.77,MCH2217,5411,Individual,Grocery,2023-08-15 00:00:00,0,0,2506258510,0,0,728.77,0,0,2217,0,0,0,0,1
MCH2218,"Upadhyay, Sharma and Kothari",7011,HOTEL_LODGING,partnership,LKO,Uttar Pradesh,23/04/2024 06:51 PM,VZAG9844318169851,Live,-341.57,MCH2218,7011,Partnership,Hotels & Hospitality,2024-04-23 18:51:00,0,0,VZAG9844318169851,0,0,-341.57,0,1,2218,0,0,0,0,1
mch2220,Tailor and Sons,5311,DEPT_STORE,Sole Proprietor,Mumbay,Maharashtra,1750712067,,Enabled,INR 940.64,MCH2220,5311,Sole Proprietor,Department Stores,2025-06-23 20:54:27,0,0,,1,0,940.64,0,0,2220,0,0,0,0,1
mch2222,"Mani, Ravel and Agrawal",UNKNOWN,CLOTHS,Sole Proprietor,LKO,Uttar Pradesh,2023/10/01,,ACTIVE,815.84,MCH2222,,Sole Proprietor,Unknown,2023-10-01 00:00:00,0,0,,1,0,815.84,0,0,2222,0,0,0,0,1
mch2223,"Magar, Krishnamurthy and Maharaj",5942,BOOKS_STATIONERY,private_limited,delhi,Delhi,,3527789859,Active,1565.53,MCH2223,5942,Private Limited,Books & Stationery,,1,0,3527789859,0,0,1565.53,0,0,2223,1,1,1,3,2
MCH2224,Nadig-Varma,5812,FOOD_SERVICES,PRIVATE-LIMITED,Chennai,Tamil Nadu,10-29-2025,,Active,"Rs. 2,261",MCH2224,5812,Private Limited,Food & Restaurants,2025-10-29 00:00:00,0,0,,1,0,2261.0,0,0,2224,1,1,1,3,2
MCH2229,"Kala, Baral and Subramanian",5311,DEPT_STORE,PRIVATE_LIMITED,MUMBAI,Maharashtra,21/12/2025,,Enabled,Rs. 577,MCH2229,5311,Private Limited,Department Stores,2025-12-21 00:00:00,0,0,,1,0,577.0,0,0,2229,1,0,0,1,2
MCH 2231,"Goyal, Balakrishnan and Patla",7011,HOTEL_LODGING,private_limited,BLR,Karnataka,2024-11-10 09:09:32,,INACTIVE,"INR 1,360.71",MCH2231,7011,Private Limited,Hotels & Hospitality,2024-11-10 09:09:32,0,0,,1,0,1360.71,0,0,2231,0,0,0,0,1
MCH2232,Borde-Sule,5311,Department Store,PARTNERSHIP,HYDERABAD,Telangana,24/02/2025,9040784909,A,642.26,MCH2232,5311,Partnership,Department Stores,2025-02-24 00:00:00,0,0,9040784909,0,0,642.26,0,0,2232,1,0,1,2,2
MCH2236,Yohannan-Chada,5311.0,DEPT_STORE,Private Limited,kolkata,West Bengal,1674550723,3926948531,Disabled,5340.64,MCH2236,5311,Private Limited,Department Stores,2023-01-24 08:58:43,0,0,3926948531,0,0,5340.64,0,0,2236,0,0,1,1,2
MCH2237,Chatterjee-Din,4814,TELECOM,SOLE_PROPRIETOR,Lucknow,Uttar Pradesh,01-23-2023,4350832934,Live,,MCH2237,4814,Sole Proprietor,Telecom,2023-01-23 00:00:00,0,0,4350832934,0,0,,1,0,2237,0,0,0,0,1
MCH2238,Chakrabarti-Lata,5699,garments,INDIVIDUAL,Amritsar,Punjab,2024-10-19 10:57:01,0636957365,A,"Rs. 1,650",MCH2238,5699,Individual,Clothing,2024-10-19 10:57:01,0,0,0636957365,0,0,1650.0,0,0,2238,0,0,0,0,1
MCH2240,"Shenoy, Tara and Kala",5912,Medical,partnership,Chennai,Tamil Nadu,25/03/2023,,Live,1500.77,MCH2240,5912,Partnership,Pharmacy & Medical,2023-03-25 00:00:00,0,0,,1,0,1500.77,0,0,2240,0,0,0,0,1
MCH2241,Patla-Prabhakar,5942,BOOKS_STATIONERY,partnership,Calcutta,West Bengal,01-15-2026,,Live,Rs. 868,MCH2241,5942,Partnership,Books & Stationery,2026-01-15 00:00:00,0,0,,1,0,868.0,0,0,2241,0,0,0,0,1
MCH2244,Master PLC,5912,chemist,private_limited,Jalandar,Punjab,10/06/2024 01:44 AM,,Closed,"Rs. 2,383",MCH2244,5912,Private Limited,Pharmacy & Medical,2024-06-10 01:44:00,0,0,,1,0,2383.0,0,0,2244,0,0,0,0,1
mch2248,  Mutti-Manne  ,5812,Restaurant,PARTNERSHIP,Ludhiana,Punjab,22-Nov-2023,,INACTIVE,"Rs. 1,021",MCH2248,5812,Partnership,Food & Restaurants,2023-11-22 00:00:00,0,0,,1,0,1021.0,0,0,2248,0,0,0,0,1
MCH2249,Bahri-Nagarajan,7011,HOTEL_LODGING,SOLE_PROPRIETOR,Ludhiana,Punjab,11-17-2024,0364290572,Live,INR 590.80,MCH2249,7011,Sole Proprietor,Hotels & Hospitality,2024-11-17 00:00:00,0,0,0364290572,0,0,590.8,0,0,2249,1,1,1,3,3
MCH2250,  Borra and Sons  ,5942.0,Books,Individual,HYDERABAD,Telangana,18/07/2024 06:37 PM,XXXX4935,Enabled,,MCH2250,5942,Individual,Books & Stationery,2024-07-18 18:37:00,0,0,XXXX4935,0,1,,1,0,2250,1,0,1,2,2
MCH2255,  Lal Ltd  ,5311,Department Stores,individual,JPR,Rajasthan,29/05/2023,6674150314,Live,"INR 1,404.67",MCH2255,5311,Individual,Department Stores,2023-05-29 00:00:00,0,0,6674150314,0,0,1404.67,0,0,2255,0,0,0,0,1
MCH-2257,Mandal-Sankaran,5311,Department Stores,Individual,mumbai,Maharashtra,1713481902,,Live,"INR 4,831.04",MCH2257,5311,Individual,Department Stores,2024-04-18 23:11:42,0,0,,1,0,4831.04,0,0,2257,0,0,0,0,1
MCH2258,Walia Group,5311,DEPT_STORE,SOLE_PROPRIETOR,Jalandhar,Punjab,2025/10/14,XXXX1416,ACTIVE,"INR 1,902.49",MCH2258,5311,Sole Proprietor,Department Stores,2025-10-14 00:00:00,0,0,XXXX1416,0,1,1902.49,0,0,2258,0,0,0,0,1
mch2261,Gr0ver Inc,5812,Restaurant,Sole Proprietor,Mumbai,Maharashtra,2025-11-25 01:19:55,,Active,"Rs. 1,519",MCH2261,5812,Sole Proprietor,Food & Restaurants,2025-11-25 01:19:55,0,0,,1,0,1519.0,0,0,2261,0,0,0,0,1
MCH 2263,Puri-D’Alia,5311,Department Store,PRIVATE-LIMITED,ASR,Punjab,08-29-2024,CMUQ0128896673333,ACTIVE,"2,781.79",MCH2263,5311,Private Limited,Department Stores,2024-08-29 00:00:00,0,0,CMUQ0128896673333,0,0,2781.79,0,0,2263,0,0,0,0,1
mch2264,"Sule, Sarma and Sur",5311,retail,individual,New Delhi,Delhi,2025/10/21,HGHS4575612385959,Suspended,"Rs. 4,017",MCH2264,5311,Individual,Department Stores,2025-10-21 00:00:00,0,0,HGHS4575612385959,0,0,4017.0,0,0,2264,1,0,1,2,3
MCH2265,"Bail, Gopal and Khare",UNKNOWN,pharmacies,partnership,LKO,Uttar Pradesh,08-04-2024,VZCP3787385327453,Inactive,-785.4,MCH2265,,Partnership,Unknown,2024-08-04 00:00:00,0,0,VZCP3787385327453,0,0,-785.4,0,1,2265,0,0,1,1,2
mch2266,Natarajan and Sons,5912,chemist,INDIVIDUAL,Chennai,Tamil Nadu,1744854815,NABB6271790214696,ACTIVE,447.78,MCH2266,5912,Individual,Pharmacy & Medical,2025-04-17 01:53:35,0,0,NABB6271790214696,0,0,447.78,0,0,2266,0,0,0,0,1
MCH2267,Bobal and Sons,7011,HOTEL_LODGING,PARTNERSHIP,delhi,Delhi,03/01/2023,NKYD4958921832559,Enabled,"2,114.71",MCH2267,7011,Partnership,Hotels & Hospitality,2023-01-03 00:00:00,0,0,NKYD4958921832559,0,0,2114.71,0,0,2267,0,0,0,0,1
mch2268,"  Verma, Aurora and De  ",5999,Miscellaneous,PRIVATE-LIMITED,jalandhar,Punjab,,NBDA6083922141930,Active,995.42,MCH2268,5999,Private Limited,Other Retail,,1,0,NBDA6083922141930,0,0,995.42,0,0,2268,0,0,0,0,1
MCH2269,"dalal, samra and kala",7011,Hotel,sole_proprietor,Pune,Maharashtra,08/10/2025,,ACTIVE,-356.96,MCH2269,7011,Sole Proprietor,Hotels & Hospitality,2025-10-08 00:00:00,0,0,,1,0,-356.96,0,1,2269,0,0,0,0,1
2274,kade-wadhwa,5699,Clothing,PARTNERSHIP,Delhi,Delhi,,,ACTIVE,,2274,5699,Partnership,Clothing,,1,0,,1,0,,1,0,2274,1,1,1,3,3
MCH2278,"Mohanty, Bobal and Minhas",07011,HOTEL_LODGING,SOLE-PROPRIETOR,Poona,Maharashtra,25/08/2023 10:07 PM,2573696997,A,"4,540.82",MCH2278,7011,Sole Proprietor,Hotels & Hospitality,2023-08-25 22:07:00,0,0,2573696997,0,0,4540.82,0,0,2278,0,0,0,0,1
mch2279,Sarma Inc,5912,Pharmacies,private_limited,mumbai,Maharashtra,29/07/2024,CIPY5229888115398,Live,2197.82,MCH2279,5912,Private Limited,Pharmacy & Medical,2024-07-29 00:00:00,0,0,CIPY5229888115398,0,0,2197.82,0,0,2279,0,0,0,0,1
MCH2282,mall group,,Retail,Partnership,Jalandar,Punjab,1707435085,0935990033,Live,Rs. 654,MCH2282,,Partnership,Unknown,2024-02-08 23:31:25,0,0,0935990033,0,0,654.0,0,0,2282,0,0,0,0,1
MCH2283,"Dhawan, Pa11a and Krishnan",7011,HOTEL_LODGING,PARTNERSHIP,Hyd,Telangana,,2734680306,A,954.74,MCH2283,7011,Partnership,Hotels & Hospitality,,1,0,2734680306,0,0,954.74,0,0,2283,0,0,0,0,1
MCH2284,Wadhwa-Karpe,,TRAVEL,sole_proprietor,lucknow,Uttar Pradesh,,,INACTIVE,"INR 2,337.52",MCH2284,,Sole Proprietor,Unknown,,1,0,,1,0,2337.52,0,0,2284,1,1,1,3,2
MCH 2287,Baral Inc,5912,Medical,Individual,Delhi,Delhi,11/06/2025,,Enabled,920.82,MCH2287,5912,Individual,Pharmacy & Medical,2025-06-11 00:00:00,0,0,,1,0,920.82,0,0,2287,0,0,0,0,1
MCH2289,Sinha-Purohit,5699,Fashion,sole_proprietor,LKO,Uttar Pradesh,,4542627557,Suspended,"₹2,284.55",MCH2289,5699,Sole Proprietor,Clothing,,1,0,4542627557,0,0,2284.55,0,0,2289,1,1,1,3,2
MCH2293,"pandit, bhavsar and barman",4814,TELECOM,PRIVATE_LIMITED,Pune,Maharashtra,2023-03-20 00:50:23,,A,INR 792.61,MCH2293,4814,Private Limited,Telecom,2023-03-20 00:50:23,0,0,,1,0,792.61,0,0,2293,0,0,0,0,1
MCH2296,Buch Ltd,4131,Bus/Taxi,PARTNERSHIP,ludhiana,Punjab,2023-06-19 12:35:26,XXXX9780,ACTIVE,8012.35,MCH2296,4131,Partnership,Transportation,2023-06-19 12:35:26,0,0,XXXX9780,0,1,8012.35,0,0,2296,0,0,0,0,1
MCH-2297,Mutti and Sons,5942,BOOKS_STATIONERY,partnership,LDH,Punjab,2026-01-15 05:18:27,,ACTIVE,"₹1,134.74",MCH2297,5942,Partnership,Books & Stationery,2026-01-15 05:18:27,0,0,,1,0,1134.74,0,0,2297,0,0,0,0,1
MCH2299,Ahluwalia Inc,4131,TRAVEL,PARTNERSHIP,Ludhiana,Punjab,02/12/2024 11:31 PM,,Active,2936.54,MCH2299,4131,Partnership,Transportation,2024-12-02 23:31:00,0,0,,1,0,2936.54,0,0,2299,0,0,0,0,2
MCH2302,"Sekhon, Tak and Dhingra",5942,Book Store,SOLE-PROPRIETOR,amritsar,Punjab,11/11/2023,8509370195,Live,852.28,MCH2302,5942,Sole Proprietor,Books & Stationery,2023-11-11 00:00:00,0,0,8509370195,0,0,852.28,0,0,2302,0,0,0,0,1
MCH2306,GOSWAMI INC,MCC-7011,HOTEL_LODGING,SOLE-PROPRIETOR,bengaluru,Karnataka,,4771057298,ACTIVE,"₹1,562.95",MCH2306,7011,Sole Proprietor,Hotels & Hospitality,,1,0,4771057298,0,0,1562.95,0,0,2306,0,0,0,0,1
MCH2308,Bhattacharyya LLC,MCC-5311,DEPT_STORE,SOLE-PROPRIETOR,Jalandhar,Punjab,14-Oct-2023,,I,"4,753.89",MCH2308,5311,Sole Proprietor,Department Stores,2023-10-14 00:00:00,0,0,,1,0,4753.89,0,0,2308,0,0,0,0,1
MCH2309,"bajaj, chakraborty and malhotra",5311,DEPT_STORE,INDIVIDUAL,amritsar,Punjab,2026-01-24 07:59:49,RUZB5463334435942,ACTIVE,355.13,MCH2309,5311,Individual,Department Stores,2026-01-24 07:59:49,0,0,RUZB5463334435942,0,0,355.13,0,0,2309,1,0,0,1,2
MCH2310,Raj Ltd,5411,Grocery Stores,PARTNERSHIP,JPR,Rajasthan,13/02/2026 10:28 PM,,Disabled,681.98,MCH2310,5411,Partnership,Grocery,2026-02-13 22:28:00,0,0,,1,0,681.98,0,0,2310,1,1,1,3,2
MCH2313,gulati llc,MCC-5999,Retail Other,PRIVATE-LIMITED,kolkata,West Bengal,09-Jun-2024,PWIA0473863869043,Closed,-3231.31,MCH2313,5999,Private Limited,Other Retail,2024-06-09 00:00:00,0,0,PWIA0473863869043,0,0,-3231.31,0,1,2313,0,0,0,0,1
MCH2314,"  Tank, Bera and Dash  ",misc,Food,SOLE_PROPRIETOR,kolkata,West Bengal,01/02/2023 01:03 AM,,Active,"INR 2,905.93",MCH2314,,Sole Proprietor,Unknown,2023-02-01 01:03:00,0,0,,1,0,2905.93,0,0,2314,0,0,0,0,1
MCH2327,KIBE-CHAR,5812,food,PARTNERSHIP,HYDERABAD,Telangana,09/10/2025,XXXX0303,Active,₹848.32,MCH2327,5812,Partnership,Food & Restaurants,2025-10-09 00:00:00,0,0,XXXX0303,0,1,848.32,0,0,2327,1,1,1,3,3
MCH2332,Toor Inc,07011,Hospitality,INDIVIDUAL,ludhiana,Punjab,20/04/2023 08:12 AM,PKCI7470482397105,Enabled,-3555.73,MCH2332,7011,Individual,Hotels & Hospitality,2023-04-20 08:12:00,0,0,PKCI7470482397105,0,0,-3555.73,0,1,2332,0,0,0,0,1
MCH2335,GaneshLtd,5999.0,Miscellaneous,private_limited,Poona,Maharashtra,03-Mar-2025,,A,,MCH2335,5999,Private Limited,Other Retail,2025-03-03 00:00:00,0,0,,1,0,,1,0,2335,0,0,0,0,1
MCH2336,Narasimhan Inc,,Grocery,sole_proprietor,Jalandar,Punjab,18/06/2025,,Inactive,₹791.05,MCH2336,,Sole Proprietor,Unknown,2025-06-18 00:00:00,0,0,,1,0,791.05,0,0,2336,0,0,0,0,1
MCH2344,"Purohit, Rege and Patil",,CLOTHS,private_limited,Jaipur,Rajasthan,,,Live,,MCH2344,,Private Limited,Unknown,,1,0,,1,0,,1,0,2344,0,0,0,0,1
MCH2345,"Kibe, Verma and Koshy",MCC-4814,phone service,INDIVIDUAL,bengaluru,Karnataka,28/06/2024,2126684184,ACTIVE,INR 808.61,MCH2345,4814,Individual,Telecom,2024-06-28 00:00:00,0,0,2126684184,0,0,808.61,0,0,2345,0,0,0,0,1
MCH2346,Palla-Mannan,5699,garments,PARTNERSHIP,chennai,Tamil Nadu,29/04/2025,XXXX3607,A,468.76,MCH2346,5699,Partnership,Clothing,2025-04-29 00:00:00,0,0,XXXX3607,0,1,468.76,0,0,2346,0,0,0,0,1
MCH 2347,"  Dara, Ravel and Soni  ",5912,Pharmacies,sole_proprietor,ASR,Punjab,2023/12/09,LYBJ8156884625938,ACTIVE,3169.93,MCH2347,5912,Sole Proprietor,Pharmacy & Medical,2023-12-09 00:00:00,0,0,LYBJ8156884625938,0,0,3169.93,0,0,2347,0,0,0,0,1
MCH-2350,"Gill, Sura and Doshi",5812,Restaurant,Individual,pune,Maharashtra,2026-02-19 21:03:12,,Live,Rs. 668,MCH2350,5812,Individual,Food & Restaurants,2026-02-19 21:03:12,0,0,,1,0,668.0,0,0,2350,1,1,1,3,2
MCH2353,sood-vasa,5411,GROCERY_STORE,sole_proprietor,Mumbai,Maharashtra,24/01/2026 05:19 AM,,Enabled,"₹2,728.11",MCH2353,5411,Sole Proprietor,Grocery,2026-01-24 05:19:00,0,0,,1,0,2728.11,0,0,2353,0,0,0,0,1
MCH2354,"TOOR, NAGI AND DARA",5912,Medical,sole_proprietor,pune,Maharashtra,2024-04-12 23:57:41,AIXG4946165098881,Enabled,"1,954.79",MCH2354,5912,Sole Proprietor,Pharmacy & Medical,2024-04-12 23:57:41,0,0,AIXG4946165098881,0,1,1954.79,0,0,2354,0,0,0,0,1
MCH2356,"Vyas, Chhabra and Kala",,HOTEL_LODGING,PRIVATE-LIMITED,Chennai,Tamil Nadu,07-Aug-2024,,Enabled,"INR 2,064.97",MCH2356,,Private Limited,Unknown,2024-08-07 00:00:00,0,0,,1,0,2064.97,0,0,2356,0,1,1,2,2
MCH-2357,SHAN LTD,5999.0,Retail Other,Individual,Jalandhar,Punjab,16-Jun-2025,XXXX8144,Live,945.26,MCH2357,5999,Individual,Other Retail,2025-06-16 00:00:00,0,0,XXXX8144,0,1,945.26,0,0,2357,0,0,0,0,1
MCH2360,Bhakta-Nazareth,5942,Stationery,Private Limited,JPR,Rajasthan,21/06/2024,,I,755.69,MCH2360,5942,Private Limited,Books & Stationery,2024-06-21 00:00:00,0,0,,1,0,755.69,0,0,2360,0,0,0,0,1
MCH2368,Chadha-Barman,05912,Pharmacy,individual,jalandhar,Punjab,2025/11/27,7857705450,S,"INR 3,326.29",MCH2368,5912,Individual,Pharmacy & Medical,2025-11-27 00:00:00,0,0,7857705450,0,0,3326.29,0,0,2368,0,0,0,0,1
MCH-2370,Mutti-Sarma,5699,Fashion,INDIVIDUAL,Delhi,Delhi,08-03-2024,,Active,6053.56,MCH2370,5699,Individual,Clothing,2024-08-03 00:00:00,0,0,,1,0,6053.56,0,0,2370,0,0,0,0,1
MCH2376,"Lata, Krishnamurthy and Lal",05311,Retail,PARTNERSHIP,Jalandhar,Punjab,05-Dec-2025,,Enabled,Rs. 113,MCH2376,5311,Partnership,Department Stores,2025-12-05 00:00:00,0,0,,1,0,113.0,0,0,2376,0,0,0,0,1
MCH2378,"Rau, Pradhan and Bansa1",5411,kirana,INDIVIDUAL,LKO,Uttar Pradesh,2024-02-09 01:00:15,8007526864,Active,"Rs. 6,158",MCH2378,5411,Individual,Grocery,2024-02-09 01:00:15,0,0,8007526864,0,0,6158.0,0,0,2378,0,0,0,0,1
2382,Parsa-Mandal,4814,Telecom,INDIVIDUAL,jalandhar,Punjab,1769752243,,Suspended,"INR 16,892.62",2382,4814,Individual,Telecom,2026-01-30 05:50:43,0,0,,1,0,16892.62,0,0,2382,0,0,0,0,1
mch2383,Dewan-Misra,4814,Mobile Recharge,SOLE-PROPRIETOR,LDH,Punjab,09/05/2023 05:41 PM,,Enabled,923.06,MCH2383,4814,Sole Proprietor,Telecom,2023-05-09 17:41:00,0,0,,1,0,923.06,0,0,2383,0,0,0,0,1
MCH-2384,Sarkar-Aur0ra,5912,chemist,Sole Proprietor,Jaipur,Rajasthan,1737521663,,ACTIVE,"INR 4,909.55",MCH2384,5912,Sole Proprietor,Pharmacy & Medical,2025-01-22 04:54:23,0,0,,1,0,4909.55,0,0,2384,1,1,1,3,5
MCH2387,Dar-Dass,5912.0,chemist,PARTNERSHIP,Lucknow,Uttar Pradesh,,,Active,1022.15,MCH2387,5912,Partnership,Pharmacy & Medical,,1,0,,1,0,1022.15,0,0,2387,0,0,0,0,1
MCH2390,Bandi-Sidhu,5311,Retail,Sole Proprietor,JPR,Rajasthan,,XXXX9688,Live,1091.1,MCH2390,5311,Sole Proprietor,Department Stores,,1,0,XXXX9688,0,1,1091.1,0,0,2390,0,0,0,0,1
2392,Shetty and Sons,,Grocery Stores,INDIVIDUAL,amritsar,Punjab,2025/12/18,XXXX1862,Enabled,655.01,2392,,Individual,Unknown,2025-12-18 00:00:00,0,0,XXXX1862,0,1,655.01,0,0,2392,0,0,0,0,1
MCH-2394,RAJAGOPALAN LLC,5812,eating place,PARTNERSHIP,Calcutta,West Bengal,,XXXX3997,Enabled,"INR 2,001.35",MCH2394,5812,Partnership,Food & Restaurants,,1,0,XXXX3997,0,1,2001.35,0,0,2394,0,0,0,0,1
MCH2395,Dara-Natarajan,5999,Misc Retail,private_limited,Jalandar,Punjab,,7691266983,Enabled,-1204.29,MCH2395,5999,Private Limited,Other Retail,,1,0,7691266983,0,0,-1204.29,0,1,2395,1,0,1,2,2
MCH2398,Kapur-Dani,5311,DEPT_STORE,INDIVIDUAL,chennai,Tamil Nadu,1694797115,IWCQ2998069556193,Active,711.05,MCH2398,5311,Individual,Department Stores,2023-09-15 16:58:35,0,0,IWCQ2998069556193,0,0,711.05,0,0,2398,0,0,1,1,2
MCH2402,  Dhillon Group  ,5912,Pharmacy,individual,Mumbay,Maharashtra,2024-02-12 07:15:12,IEQW6694363532348,ACTIVE,1477.89,MCH2402,5912,Individual,Pharmacy & Medical,2024-02-12 07:15:12,0,0,IEQW6694363532348,0,0,1477.89,0,0,2402,0,0,0,0,1
MCH 2403,Chana-Yohannan,05411,groceries,PARTNERSHIP,Kolkata,West Bengal,28-Jul-2025,,Active,574.13,MCH2403,5411,Partnership,Grocery,2025-07-28 00:00:00,0,0,,1,0,574.13,0,0,2403,0,0,0,0,1
MCH2404,  Mutti-Seshadri  ,5411,GROCERY_STORE,INDIVIDUAL,Ludhiana,Punjab,13/01/2026 07:54 AM,,Active,INR 233.40,MCH2404,5411,Individual,Grocery,2026-01-13 07:54:00,0,0,,1,0,233.4,0,0,2404,0,0,0,0,1
2407,CHAUDHRY PLC,,Pharmacy,Private Limited,Pune,Maharashtra,,4475713369,ACTIVE,"₹5,215.07",2407,,Private Limited,Unknown,,1,0,4475713369,0,0,5215.07,0,0,2407,0,0,0,0,1
mch2408,"Kumar, Din and Sule",MCC-5999,Misc Retail,SOLE_PROPRIETOR,bengaluru,Karnataka,,,Enabled,-2001.55,MCH2408,5999,Sole Proprietor,Other Retail,,1,0,,1,0,-2001.55,0,1,2408,0,0,0,0,1
MCH2411,SARAF-GOLA,4131,Transport,individual,JPR,Rajasthan,2023-02-09 06:15:13,,Live,2300.71,MCH2411,4131,Individual,Transportation,2023-02-09 06:15:13,0,0,,1,0,2300.71,0,0,2411,0,0,0,0,1
MCH2412,Nadig Inc,5942,BOOKS_STATIONERY,Individual,Hyderabad,Telangana,2024-12-08 07:03:51,XXXX9581,Enabled,₹144.12,MCH2412,5942,Individual,Books & Stationery,2024-12-08 07:03:51,0,0,XXXX9581,0,1,144.12,0,0,2412,0,0,0,0,1
MCH2416,"Gokhale, Dua and Murty",5411,kirana,Sole Proprietor,New Delhi,Delhi,2024/09/15,0489469400,Live,4341.41,MCH2416,5411,Sole Proprietor,Grocery,2024-09-15 00:00:00,0,0,0489469400,0,0,4341.41,0,0,2416,0,0,0,0,1
MCH2417,"Reddy, Patel and Manda",5912,Pharmacy,INDIVIDUAL,Bengaluru,Karnataka,03-13-2025,XXXX5551,ACTIVE,1553.29,MCH2417,5912,Individual,Pharmacy & Medical,2025-03-13 00:00:00,0,0,XXXX5551,0,1,1553.29,0,0,2417,0,0,0,0,1
MCH2418,mangal-krishnamurthy,MCC-5942,Stationery,Individual,DELHI,Delhi,21/07/2024,,Enabled,436.58,MCH2418,5942,Individual,Books & Stationery,2024-07-21 00:00:00,0,0,,1,0,436.58,0,0,2418,1,1,1,3,4
MCH 2419,Suri Ltd,5999,Misc Retail,INDIVIDUAL,Mumbai,Maharashtra,05/02/2024,2248391109,Live,-5184.52,MCH2419,5999,Individual,Other Retail,2024-02-05 00:00:00,0,0,2248391109,0,0,-5184.52,0,1,2419,0,0,0,0,1
MCH2421,Chanda PLC,4131.0,Transport,Partnership,lucknow,Uttar Pradesh,11/10/2023 08:31 PM,VAVC3668026777539,A,Rs. 146,MCH2421,4131,Partnership,Transportation,2023-10-11 20:31:00,0,0,VAVC3668026777539,0,0,146.0,0,0,2421,0,0,0,0,1
MCH2422,SAMPATH-BALASUBRAMANIAN,,phone service,PRIVATE-LIMITED,Bangalore,Karnataka,25/06/2025,7967511719,Suspended,"INR 2,352.58",MCH2422,,Private Limited,Unknown,2025-06-25 00:00:00,0,0,7967511719,0,0,2352.58,0,0,2422,0,0,1,1,2
MCH2423,"lad, kibe and bora",7011,HOTEL_LODGING,INDIVIDUAL,Pune,Maharashtra,1698220115,,Closed,2425.0,MCH2423,7011,Individual,Hotels & Hospitality,2023-10-25 07:48:35,0,0,,1,0,2425.0,0,0,2423,1,1,1,3,2
MCH2424,Kari-Morar,5999,Miscellaneous,sole_proprietor,Mumbay,Maharashtra,,7720169821,A,763.93,MCH2424,5999,Sole Proprietor,Other Retail,,1,0,7720169821,0,0,763.93,0,0,2424,1,1,0,2,2
mch2425,SURI-KURIAN,05411,Grocery,partnership,ludhiana,Punjab,2023-06-06 04:11:03,,Live,1800.35,MCH2425,5411,Partnership,Grocery,2023-06-06 04:11:03,0,0,,1,0,1800.35,0,0,2425,0,0,0,0,1
MCH2428,Suresh-Varma,4814,TELECOM,Private Limited,Hyd,Telangana,31/05/2024,XXXX3635,A,Rs. 949,MCH2428,4814,Private Limited,Telecom,2024-05-31 00:00:00,0,0,XXXX3635,0,1,949.0,0,0,2428,0,0,0,0,1
MCH 2430,Bora Group,4814,TELECOM,INDIVIDUAL,Amritsar,Punjab,2026-01-27 15:52:53,2955352677,A,827.43,MCH2430,4814,Individual,Telecom,2026-01-27 15:52:53,0,0,2955352677,0,0,827.43,0,0,2430,1,1,1,3,2
MCH 2432,Parmar-Parmer,MCC-4131,Transportation,Individual,Calcutta,West Bengal,,,Enabled,"INR 2,557.63",MCH2432,4131,Individual,Transportation,,1,0,,1,0,2557.63,0,0,2432,0,0,0,0,1
MCH-2435,"Devi, Baral and Chander",05942,Book Store,SOLE_PROPRIETOR,MUMBAI,Maharashtra,,5760758509,A,717.95,MCH2435,5942,Sole Proprietor,Books & Stationery,,1,0,5760758509,0,0,717.95,0,0,2435,1,1,1,3,2
2436,"Bhagat, Amble and Dixit",4131,Transportation,INDIVIDUAL,LKO,Uttar Pradesh,2024-07-27 10:21:56,XXXX8612,ACTIVE,2085.74,2436,4131,Individual,Transportation,2024-07-27 10:21:56,0,0,XXXX8612,0,1,2085.74,0,0,2436,1,0,1,2,2
MCH2438,Saxena-Sagar,5999,Misc Retail,sole_proprietor,amritsar,Punjab,2025-06-21 03:10:13,TOND5392493573658,ACTIVE,1010.25,MCH2438,5999,Sole Proprietor,Other Retail,2025-06-21 03:10:13,0,0,TOND5392493573658,0,0,1010.25,0,0,2438,0,0,0,0,1
MCH2440,Hans-Master,7011,HOTEL_LODGING,SOLE-PROPRIETOR,LDH,Punjab,15/02/2023 11:47 AM,IUZN5055483856054,Live,"Rs. 1,395",MCH2440,7011,Sole Proprietor,Hotels & Hospitality,2023-02-15 11:47:00,0,0,IUZN5055483856054,0,0,1395.0,0,0,2440,0,0,0,0,1
MCH2441,bhatnagar plc,4814,phone service,Individual,Jaipur,Rajasthan,04/05/2024 11:00 PM,4907126528,Live,"Rs. 1,789",MCH2441,4814,Individual,Telecom,2024-05-04 23:00:00,0,0,4907126528,0,0,1789.0,0,0,2441,0,0,0,0,1
MCH2442,Gole PLC,5812,eating place,PARTNERSHIP,Mumbai,Maharashtra,08-28-2024,7767111670,A,625.13,MCH2442,5812,Partnership,Food & Restaurants,2024-08-28 00:00:00,0,0,7767111670,0,0,625.13,0,0,2442,0,0,0,0,1
MCH-2444,Barman-Prakash,5999,Misc Retail,Individual,chennai,Tamil Nadu,,,A,,MCH2444,5999,Individual,Other Retail,,1,0,,1,0,,1,0,2444,1,1,1,3,2
MCH2445,"Vohra, Gill and Saini",5311,DEPT_STORE,Individual,JPR,Rajasthan,01-May-2025,XXXX4477,Disabled,887.98,MCH2445,5311,Individual,Department Stores,2025-05-01 00:00:00,0,0,XXXX4477,0,1,887.98,0,0,2445,1,1,1,3,2
MCH2447,anand llc,4131,Transport,SOLE_PROPRIETOR,JPR,Rajasthan,,,Closed,1803.52,MCH2447,4131,Sole Proprietor,Transportation,,1,0,,1,0,1803.52,0,0,2447,0,0,0,0,1
2448,shan ltd,5699,Apparel,PRIVATE-LIMITED,DELHI,Delhi,2023-03-22 16:55:53,,A,331.32,2448,5699,Private Limited,Clothing,2023-03-22 16:55:53,0,0,,1,0,331.32,0,0,2448,0,0,0,0,1
MCH-2450,bail plc,5812,eating place,PRIVATE-LIMITED,HYDERABAD,Telangana,25/04/2024 12:52 PM,XXXX3279,A,"Rs. 3,923",MCH2450,5812,Private Limited,Food & Restaurants,2024-04-25 12:52:00,0,0,XXXX3279,0,1,3923.0,0,0,2450,0,0,0,0,1
MCH-2451,"HALDER, KANNAN AND DIXIT",7011,Hotel,Private Limited,kolkata,West Bengal,11-20-2025,NIXX7228219214941,Disabled,610.7,MCH2451,7011,Private Limited,Hotels & Hospitality,2025-11-20 00:00:00,0,0,NIXX7228219214941,0,1,610.7,0,0,2451,0,0,0,0,1
MCH2459,Gala and Sons,4131,Transport,SOLE-PROPRIETOR,jaipur,Rajasthan,04-16-2025,OKFD4897091413997,Active,789.05,MCH2459,4131,Sole Proprietor,Transportation,2025-04-16 00:00:00,0,0,OKFD4897091413997,0,0,789.05,0,0,2459,0,0,0,0,1
MCH2463,"Pillai, Tank and Das",MCC-7011,Hospitality,SOLE-PROPRIETOR,chennai,Tamil Nadu,13-Aug-2025,1687933229,Live,"₹1,834.30",MCH2463,7011,Sole Proprietor,Hotels & Hospitality,2025-08-13 00:00:00,0,0,1687933229,0,0,1834.3,0,0,2463,1,1,1,3,2
MCH2470,Mutti-Bawa,,chemist,INDIVIDUAL,Jalandar,Punjab,12-13-2025,XXXX5194,SUSPENDED,INR 444.91,MCH2470,,Individual,Unknown,2025-12-13 00:00:00,0,0,XXXX5194,0,1,444.91,0,0,2470,0,0,1,1,2
MCH2471,"Pillai, Chopra and Modi",7011,Hotel,PRIVATE_LIMITED,New Delhi,Delhi,,QSMG3289733481830,ACTIVE,606.04,MCH2471,7011,Private Limited,Hotels & Hospitality,,1,0,QSMG3289733481830,0,0,606.04,0,0,2471,1,1,0,2,2
MCH2473,Lanka Inc,MCC-5942,Books,individual,Bengaluru,Karnataka,20/01/2025 01:42 AM,7620940119,Enabled,1883.19,MCH2473,5942,Individual,Books & Stationery,2025-01-20 01:42:00,0,0,7620940119,0,0,1883.19,0,0,2473,1,1,1,3,2
MCH2474,"Setty, Reddy and Singh",misc,MEDICAL_STORE,SOLE-PROPRIETOR,kolkata,West Bengal,11-Dec-2023,XXXX1604,Live,"INR 3,043.10",MCH2474,,Sole Proprietor,Unknown,2023-12-11 00:00:00,0,0,XXXX1604,0,1,3043.1,0,0,2474,0,0,0,0,1
MCH 2475,  Bains-Sahota  ,5411.0,kirana,Individual,Bangalore,Karnataka,08-16-2023,XXXX6630,Active,-619.32,MCH2475,5411,Individual,Grocery,2023-08-16 00:00:00,0,0,XXXX6630,0,1,-619.32,0,1,2475,0,0,0,0,1
MCH2476,Choudhary-Borah,7011,Hospitality,PRIVATE-LIMITED,Kolkata,West Bengal,15/10/2025,PXIN8486080746921,A,1108.38,MCH2476,7011,Private Limited,Hotels & Hospitality,2025-10-15 00:00:00,0,0,PXIN8486080746921,0,1,1108.38,0,0,2476,0,0,0,0,1
MCH-2478,"  Bala, Sane and Som  ",05699,CLOTHS,Sole Proprietor,Hyderabad,Telangana,02-15-2023,QRPZ8741280654685,Enabled,911.53,MCH2478,5699,Sole Proprietor,Clothing,2023-02-15 00:00:00,0,0,QRPZ8741280654685,0,0,911.53,0,0,2478,0,0,0,0,1
MCH2480,Banik-Nagar,5812,eating place,PRIVATE_LIMITED,JPR,Rajasthan,27-Jul-2025,XXXX7952,Live,"Rs. 3,594",MCH2480,5812,Private Limited,Food & Restaurants,2025-07-27 00:00:00,0,0,XXXX7952,0,1,3594.0,0,0,2480,0,0,0,0,1
MCH2486,"Mohanty, Iyer and Sharma",7011,HOTEL_LODGING,Individual,chennai,Tamil Nadu,23/10/2023 09:00 PM,FCPB2927426048520,A,"Rs. 2,266",MCH2486,7011,Individual,Hotels & Hospitality,2023-10-23 21:00:00,0,0,FCPB2927426048520,0,0,2266.0,0,0,2486,0,0,0,0,1
MCH-2487,Venkatesh Ltd,misc,Hotel,partnership,ludhiana,Punjab,,MCTW2396874836471,ACTIVE,2913.12,MCH2487,,Partnership,Unknown,,1,0,MCTW2396874836471,0,0,2913.12,0,0,2487,1,0,1,2,2
MCH2492,"dhawan, salvi and dara",5812,Food,partnership,Lucknow,Uttar Pradesh,07/08/2025,XXXX8560,I,3500.9,MCH2492,5812,Partnership,Food & Restaurants,2025-08-07 00:00:00,0,0,XXXX8560,0,1,3500.9,0,0,2492,1,1,1,3,4
MCH2493,"Tella, Lata and Tripathi",4814.0,TELECOM,INDIVIDUAL,Jaipur,Rajasthan,2023/10/28,ROFA2679305641354,Enabled,-4200.08,MCH2493,4814,Individual,Telecom,2023-10-28 00:00:00,0,0,ROFA2679305641354,0,0,-4200.08,0,1,2493,0,0,0,0,1
MCH2494,Sane Ltd,5699,Clothing,partnership,amritsar,Punjab,,8156434201,A,Rs. 582,MCH2494,5699,Partnership,Clothing,,1,0,8156434201,0,0,582.0,0,0,2494,0,0,0,0,1
mch2495,"sibal, shankar and malhotra",5699,Apparel,INDIVIDUAL,BLR,Karnataka,20/07/2025 08:24 PM,,Enabled,Rs. 529,MCH2495,5699,Individual,Clothing,2025-07-20 20:24:00,0,0,,1,0,529.0,0,0,2495,1,1,1,3,2
MCH2498,Peri-Sachdeva,7011.0,Hospitality,individual,lucknow,Uttar Pradesh,22-Jul-2024,7968546113,Enabled,1576.69,MCH2498,7011,Individual,Hotels & Hospitality,2024-07-22 00:00:00,0,0,7968546113,0,0,1576.69,0,0,2498,0,0,0,0,1
MCH2501,ravel inc,,Pharmacies,partnership,ludhiana,Punjab,13/08/2024,XXXX9432,Live,"₹2,494.94",MCH2501,,Partnership,Unknown,2024-08-13 00:00:00,0,0,XXXX9432,0,1,2494.94,0,0,2501,0,0,0,0,1
MCH2503,Ravel PLC,4814,Mobile Recharge,INDIVIDUAL,kolkata,West Bengal,10-Mar-2025,5029689598,Active,Rs. 858,MCH2503,4814,Individual,Telecom,2025-03-10 00:00:00,0,0,5029689598,0,0,858.0,0,0,2503,1,1,1,3,3
MCH2504,Mittal Ltd,5999,Retail Other,individual,Pune,Maharashtra,2024/12/29,XXXX5857,INACTIVE,1689.96,MCH2504,5999,Individual,Other Retail,2024-12-29 00:00:00,0,0,XXXX5857,0,1,1689.96,0,0,2504,1,1,0,2,2
MCH2506,"Sarna, Vora and Seth",4131,Transportation,INDIVIDUAL,Jaipur,Rajasthan,2024-06-13 02:51:27,,Enabled,222.33,MCH2506,4131,Individual,Transportation,2024-06-13 02:51:27,0,0,,1,0,222.33,0,0,2506,0,0,0,0,1
MCH2510,Kakar Group,5411,kirana,SOLE_PROPRIETOR,Hyderabad,Telangana,2024-03-29 12:22:51,XXXX3606,ACTIVE,744.85,MCH2510,5411,Sole Proprietor,Grocery,2024-03-29 12:22:51,0,0,XXXX3606,0,1,744.85,0,0,2510,1,1,1,3,2
MCH2513,BhallaInc,,garments,PARTNERSHIP,Amritsar,Punjab,2023/11/09,6553818868,Live,"₹5,544.37",MCH2513,,Partnership,Unknown,2023-11-09 00:00:00,0,0,6553818868,0,0,5544.37,0,0,2513,0,0,0,0,1
MCH 2514,"Dua, Peri and Sani",UNKNOWN,Mobile Recharge,Sole Proprietor,Kolkata,West Bengal,,VHRN8113044559744,A,937.87,MCH2514,,Sole Proprietor,Unknown,,1,0,VHRN8113044559744,0,0,937.87,0,0,2514,0,0,0,0,1
MCH 2516,Ben-Varghese,,GROCERY_STORE,SOLE-PROPRIETOR,chennai,Tamil Nadu,04/08/2023 09:20 PM,,Suspended,INR 398.68,MCH2516,,Sole Proprietor,Unknown,2023-08-04 21:20:00,0,0,,1,0,398.68,0,0,2516,0,0,0,0,1
MCH2522,Savant-Sangha,5311,Retail,PARTNERSHIP,MUMBAI,Maharashtra,01/03/2024 03:56 PM,1167145374,Active,702.03,MCH2522,5311,Partnership,Department Stores,2024-03-01 15:56:00,0,0,1167145374,0,0,702.03,0,0,2522,1,0,1,2,2
MCH2523,Sarma Inc,5999,Retail Other,INDIVIDUAL,Kolkata,West Bengal,09-05-2025,,Enabled,"₹2,146.62",MCH2523,5999,Individual,Other Retail,2025-09-05 00:00:00,0,0,,1,0,2146.62,0,0,2523,0,0,0,0,1
MCH 2525,NARAYAN-MALLICK,5912,MEDICAL_STORE,Sole Proprietor,amritsar,Punjab,17/03/2025 10:22 PM,,ACTIVE,"INR 1,084.48",MCH2525,5912,Sole Proprietor,Pharmacy & Medical,2025-03-17 22:22:00,0,0,,1,0,1084.48,0,0,2525,1,1,1,3,2
MCH2528,  Cherian Ltd  ,5999,Miscellaneous,PRIVATE_LIMITED,Jalandhar,Punjab,08-03-2024,,ACTIVE,830.85,MCH2528,5999,Private Limited,Other Retail,2024-08-03 00:00:00,0,0,,1,0,830.85,0,0,2528,1,1,1,3,2
MCH2529,Sheth-Pal,5942.0,BOOKS_STATIONERY,Individual,Lucknow,Uttar Pradesh,08-23-2023,2709901385,Enabled,"1,398.37",MCH2529,5942,Individual,Books & Stationery,2023-08-23 00:00:00,0,0,2709901385,0,0,1398.37,0,0,2529,0,0,0,0,1
MCH2530,bal-sant,5999,Retail Other,PARTNERSHIP,kolkata,West Bengal,06/08/2023 05:36 PM,XXXX3441,Enabled,372.49,MCH2530,5999,Partnership,Other Retail,2023-08-06 17:36:00,0,0,XXXX3441,0,1,372.49,0,0,2530,1,0,0,1,2
MCH2532,Chad Inc,05999,Retail Other,partnership,JPR,Rajasthan,11/01/2023,SDKV0929160095786,INACTIVE,INR 351.38,MCH2532,5999,Partnership,Other Retail,2023-01-11 00:00:00,0,0,SDKV0929160095786,0,0,351.38,0,0,2532,0,0,0,0,1
mch2533,"Chhabra, Shah and Tella",5912,Medical,Sole Proprietor,JPR,Rajasthan,03-05-2025,,Enabled,2439.28,MCH2533,5912,Sole Proprietor,Pharmacy & Medical,2025-03-05 00:00:00,0,0,,1,0,2439.28,0,0,2533,1,1,1,3,3
mch2534,Shetty-Sundaram,5411,groceries,private_limited,Pune,Maharashtra,1741624229,,ACTIVE,709.87,MCH2534,5411,Private Limited,Grocery,2025-03-10 16:30:29,0,0,,1,0,709.87,0,0,2534,0,0,0,0,1
MCH2535,MODY-GREWAL,5699,garments,SOLE-PROPRIETOR,Mumbai,Maharashtra,11/02/2026,XXXX4471,Live,1997.41,MCH2535,5699,Sole Proprietor,Clothing,2026-02-11 00:00:00,0,0,XXXX4471,0,1,1997.41,0,0,2535,1,1,1,3,2
MCH-2536,  Divan-Radhakrishnan  ,4131,transprt,PRIVATE-LIMITED,Poona,Maharashtra,09-Jul-2025,NWSY9894058484946,Live,,MCH2536,4131,Private Limited,Transportation,2025-07-09 00:00:00,0,0,NWSY9894058484946,0,0,,1,0,2536,0,0,0,0,1
MCH2542,Thakur Group,5411.0,GROCERY_STORE,SOLE-PROPRIETOR,kolkata,West Bengal,2023/12/15,7251186427,I,"INR 3,711.74",MCH2542,5411,Sole Proprietor,Grocery,2023-12-15 00:00:00,0,0,7251186427,0,0,3711.74,0,0,2542,0,0,0,0,1
MCH2546,Kant Group,UNKNOWN,MEDICAL_STORE,SOLE_PROPRIETOR,Amritsar,Punjab,04/04/2025,VVGC5802490491946,Active,"₹4,120.12",MCH2546,,Sole Proprietor,Unknown,2025-04-04 00:00:00,0,0,VVGC5802490491946,0,0,4120.12,0,0,2546,0,0,0,0,1
mch2548,ANNE LLC,05812,Restaurant,Partnership,kolkata,West Bengal,03-28-2024,,A,"₹2,367.01",MCH2548,5812,Partnership,Food & Restaurants,2024-03-28 00:00:00,0,0,,1,0,2367.01,0,0,2548,0,0,0,0,1
MCH2550,"  Basu, Madan and Chaudry  ",5999,Miscellaneous,PRIVATE_LIMITED,pune,Maharashtra,23/10/2024 11:38 AM,,A,"1,412.55",MCH2550,5999,Private Limited,Other Retail,2024-10-23 11:38:00,0,0,,1,0,1412.55,0,0,2550,1,1,1,3,3
2551,Nagarajan and Sons,,FOOD_SERVICES,SOLE-PROPRIETOR,bengaluru,Karnataka,,NFIY9606847093350,Active,"Rs. 7,900",2551,,Sole Proprietor,Unknown,,1,0,NFIY9606847093350,0,0,7900.0,0,0,2551,1,1,1,3,2
MCH2552,"MUKHERJEE, IYENGAR AND DEO",5942,Stationery,partnership,Pune,Maharashtra,15-Mar-2025,ZRKN1235329280179,Live,"3,414.98",MCH2552,5942,Partnership,Books & Stationery,2025-03-15 00:00:00,0,0,ZRKN1235329280179,0,0,3414.98,0,0,2552,1,0,0,1,2
MCH2556,"ZACHARIAH, MANNE AND BEDI",5942,BOOKS_STATIONERY,partnership,Calcutta,West Bengal,05/10/2024 01:12 AM,8663284555,Active,"INR 1,248.82",MCH2556,5942,Partnership,Books & Stationery,2024-10-05 01:12:00,0,0,8663284555,0,0,1248.82,0,0,2556,0,0,0,0,1
MCH2559,"  Sastry, Dhar and Kibe  ",07011,Hotel,Partnership,pune,Maharashtra,05-08-2023,0777710681,A,"INR 1,827.84",MCH2559,7011,Partnership,Hotels & Hospitality,2023-05-08 00:00:00,0,0,0777710681,0,0,1827.84,0,0,2559,0,0,0,0,1
MCH-2564,Bumb and Sons,7011,Hotels,private_limited,Hyd,Telangana,18-Apr-2025,XXXX0675,ACTIVE,"₹1,155.71",MCH2564,7011,Private Limited,Hotels & Hospitality,2025-04-18 00:00:00,0,0,XXXX0675,0,1,1155.71,0,0,2564,0,0,0,0,1
MCH2566,Oommen Inc,5999,Retail Other,private_limited,New Delhi,Delhi,,XXXX9507,Active,2200.23,MCH2566,5999,Private Limited,Other Retail,,1,0,XXXX9507,0,1,2200.23,0,0,2566,0,0,0,0,1
MCH2567,"Magar, Hora and Khare",4131,Transportation,sole_proprietor,delhi,Delhi,30/09/2024,TLMQ4688047179537,A,572.7,MCH2567,4131,Sole Proprietor,Transportation,2024-09-30 00:00:00,0,0,TLMQ4688047179537,0,0,572.7,0,0,2567,0,0,0,0,1
MCH2568,"Dhaliwal, Bhat and Sarin",5411.0,kirana,PARTNERSHIP,Mumbai,Maharashtra,2023/04/28,3925852137,Active,Rs. 803,MCH2568,5411,Partnership,Grocery,2023-04-28 00:00:00,0,0,3925852137,0,0,803.0,0,0,2568,0,0,0,0,1
MCH 2571,Deep-Chakraborty,5812,Restaurants,Partnership,Delhi,Delhi,31-Jul-2024,,Suspended,"3,828.75",MCH2571,5812,Partnership,Food & Restaurants,2024-07-31 00:00:00,0,0,,1,0,3828.75,0,0,2571,0,0,0,0,1
MCH 2574,Bala and Sons,5699,Fashion,individual,DELHI,Delhi,,HZFE1194010260924,SUSPENDED,197.23,MCH2574,5699,Individual,Clothing,,1,0,HZFE1194010260924,0,0,197.23,0,0,2574,0,0,0,0,1
MCH 2575,Rast0gi-Verma,5912,Pharmacy,Individual,pune,Maharashtra,1744217292,XXXX2986,ACTIVE,INR 549.08,MCH2575,5912,Individual,Pharmacy & Medical,2025-04-09 16:48:12,0,0,XXXX2986,0,1,549.08,0,0,2575,0,0,0,0,1
MCH2576,"Shan,SemandPau",05311,Department Stores,PARTNERSHIP,HYDERABAD,Telangana,03-Dec-2023,3390811191,Active,472.21,MCH2576,5311,Partnership,Department Stores,2023-12-03 00:00:00,0,0,3390811191,0,0,472.21,0,0,2576,0,0,0,0,1
MCH2577,Dua Inc,05812,Restaurants,SOLE-PROPRIETOR,BLR,Karnataka,2023/11/23,,ACTIVE,"₹23,536.65",MCH2577,5812,Sole Proprietor,Food & Restaurants,2023-11-23 00:00:00,0,0,,1,0,23536.65,0,0,2577,0,0,0,0,1
MCH-2579,More Inc,,Book Store,partnership,Jaipur,Rajasthan,06-05-2024,,ACTIVE,4068.74,MCH2579,,Partnership,Unknown,2024-06-05 00:00:00,0,0,,1,0,4068.74,0,0,2579,0,0,0,0,1
mch2580,Rajag0pa1an-S0man,5812,eating place,PRIVATE_LIMITED,JPR,Rajasthan,17/07/2023,XXXX4205,Enabled,"7,864.69",MCH2580,5812,Private Limited,Food & Restaurants,2023-07-17 00:00:00,0,0,XXXX4205,0,1,7864.69,0,0,2580,0,0,0,0,1
MCH2582,  Lal PLC  ,5912,chemist,SOLE_PROPRIETOR,Dilli,Delhi,09-13-2025,,Enabled,1344.48,MCH2582,5912,Sole Proprietor,Pharmacy & Medical,2025-09-13 00:00:00,0,0,,1,0,1344.48,0,0,2582,0,0,0,0,1
MCH2583,Gole-Prabhakar,4814,Telecom,private_limited,Bangalore,Karnataka,21/04/2025,XXXX1523,Live,Rs. 323,MCH2583,4814,Private Limited,Telecom,2025-04-21 00:00:00,0,0,XXXX1523,0,1,323.0,0,0,2583,0,0,0,0,1
MCH2585,ROY LLC,misc,Grocery,sole_proprietor,JPR,Rajasthan,10-13-2025,2320667701,Live,"₹2,233.97",MCH2585,,Sole Proprietor,Unknown,2025-10-13 00:00:00,0,0,2320667701,0,0,2233.97,0,0,2585,0,0,0,0,1
MCH2588,datta inc,5699,Apparel,Private Limited,Jaipur,Rajasthan,2024/09/28,XXXX7714,A,311.95,MCH2588,5699,Private Limited,Clothing,2024-09-28 00:00:00,0,0,XXXX7714,0,1,311.95,0,0,2588,1,1,1,3,2
mch2589,Dhawan-Thaker,5311,Department Store,sole_proprietor,Hyderabad,Telangana,01-Dec-2025,XXXX8775,Inactive,-611.95,MCH2589,5311,Sole Proprietor,Department Stores,2025-12-01 00:00:00,0,0,XXXX8775,0,1,-611.95,0,1,2589,0,0,0,0,1
mch2590,Goyal Group,7011,Hospitality,individual,DELHI,Delhi,22/06/2025 04:22 AM,XXXX8497,Enabled,INR 531.43,MCH2590,7011,Individual,Hotels & Hospitality,2025-06-22 04:22:00,0,0,XXXX8497,0,1,531.43,0,0,2590,0,0,0,0,1
MCH 2591,"Deol, Palla and Goel",misc,Grocery,Individual,HYDERABAD,Telangana,22/08/2025,2241068743,Active,₹468.59,MCH2591,,Individual,Unknown,2025-08-22 00:00:00,0,0,2241068743,0,0,468.59,0,0,2591,0,0,0,0,1
MCH2592,"Garg, Saha and Sampath",5999,Miscellaneous,PRIVATE_LIMITED,HYDERABAD,Telangana,2024-03-28 13:13:52,,A,"₹3,945.98",MCH2592,5999,Private Limited,Other Retail,2024-03-28 13:13:52,0,0,,1,0,3945.98,0,0,2592,1,1,1,3,2
MCH2593,Gour Inc,MCC-5999,Miscellaneous,SOLE-PROPRIETOR,jalandhar,Punjab,2025/10/20,4362658883,Active,1307.82,MCH2593,5999,Sole Proprietor,Other Retail,2025-10-20 00:00:00,0,0,4362658883,0,0,1307.82,0,0,2593,0,0,0,0,1
MCH2596,Vasa PLC,4131.0,Transport,SOLE-PROPRIETOR,HYDERABAD,Telangana,20/08/2025 10:49 PM,,ACTIVE,-2736.9,MCH2596,4131,Sole Proprietor,Transportation,2025-08-20 22:49:00,0,0,,1,0,-2736.9,0,1,2596,0,0,0,0,1
MCH2598,Sani Gr0up,,Clothing,Partnership,Pune,Maharashtra,2025-11-27 17:05:19,1059212674,Active,Rs. 489,MCH2598,,Partnership,Unknown,2025-11-27 17:05:19,0,0,1059212674,0,0,489.0,0,0,2598,0,1,1,2,2
MCH2600,Prabhakar and Sons,5699,Fashion,PARTNERSHIP,kolkata,West Bengal,1734466363,1873277155,Active,-1712.51,MCH2600,5699,Partnership,Clothing,2024-12-17 20:12:43,0,0,1873277155,0,0,-1712.51,0,1,2600,0,0,0,0,1
MCH2601,"Mangal, Lalla and Desai",4131,Transportation,PRIVATE-LIMITED,Ludhiana,Punjab,19/02/2025,XXXX7238,Enabled,"1,601.46",MCH2601,4131,Private Limited,Transportation,2025-02-19 00:00:00,0,0,XXXX7238,0,1,1601.46,0,0,2601,0,0,0,0,1
MCH2604,Sharaf-Kaur,4131,Transportation,Private Limited,Lucknow,Uttar Pradesh,30-Oct-2023,CYOT7406673710255,Enabled,"₹1,813.01",MCH2604,4131,Private Limited,Transportation,2023-10-30 00:00:00,0,0,CYOT7406673710255,0,0,1813.01,0,0,2604,0,0,0,0,1
MCH2605,Gera-Karpe,5699,Fashion,INDIVIDUAL,Bombay,Maharashtra,02-25-2026,ZUZI7142150561628,Live,"Rs. 1,371",MCH2605,5699,Individual,Clothing,2026-02-25 00:00:00,0,0,ZUZI7142150561628,0,0,1371.0,0,0,2605,1,0,1,2,2
MCH2607,"Deep, Prasad and Dass",,CLOTHS,PRIVATE_LIMITED,Hyd,Telangana,29/05/2023,4668596918,Disabled,1570.82,MCH2607,,Private Limited,Unknown,2023-05-29 00:00:00,0,0,4668596918,0,0,1570.82,0,0,2607,1,1,1,3,2
MCH2608,"Loyal, Ghosh and Gaba",05999,Other,individual,Hyd,Telangana,21-Mar-2025,ZBIP4363265097456,A,₹869.47,MCH2608,5999,Individual,Other Retail,2025-03-21 00:00:00,0,0,ZBIP4363265097456,0,0,869.47,0,0,2608,0,0,0,0,1
MCH2610,"Dhar, Mahajan and Sarkar",5912,Pharmacy,PRIVATE-LIMITED,Dilli,Delhi,1754763869,GLOR5725383010765,Active,-3319.36,MCH2610,5912,Private Limited,Pharmacy & Medical,2025-08-09 18:24:29,0,0,GLOR5725383010765,0,0,-3319.36,0,1,2610,1,1,1,3,2
MCH2612,Vala Ltd,7011,Hotels,sole_proprietor,lucknow,Uttar Pradesh,08-11-2023,,A,,MCH2612,7011,Sole Proprietor,Hotels & Hospitality,2023-08-11 00:00:00,0,0,,1,0,,1,0,2612,0,0,0,0,1
MCH2613,"Grewal, Gade and Bhattacharyya",4814,Mobile Recharge,private_limited,kolkata,West Bengal,2023-06-04 01:02:27,,Hold,1066.15,MCH2613,4814,Private Limited,Telecom,2023-06-04 01:02:27,0,0,,1,0,1066.15,0,0,2613,0,0,0,0,1
MCH2617,Mander-Parmar,04814,Mobile Recharge,PRIVATE-LIMITED,kolkata,West Bengal,05/08/2023 08:15 AM,5203670066,ACTIVE,5191.58,MCH2617,4814,Private Limited,Telecom,2023-08-05 08:15:00,0,0,5203670066,0,0,5191.58,0,0,2617,0,0,0,0,1
MCH2618,"Loyal, Nadkarni and Mangal",5942,Books,PARTNERSHIP,Bangalore,Karnataka,27/01/2026 08:44 PM,NZSX7829638547170,Live,Rs. 816,MCH2618,5942,Partnership,Books & Stationery,2026-01-27 20:44:00,0,0,NZSX7829638547170,0,1,816.0,0,0,2618,0,0,0,0,1
MCH2623,dara-kulkarni,5942,BOOKS_STATIONERY,SOLE_PROPRIETOR,Calcutta,West Bengal,28-Jun-2025,,Active,1296.1,MCH2623,5942,Sole Proprietor,Books & Stationery,2025-06-28 00:00:00,0,0,,1,0,1296.1,0,0,2623,1,1,1,3,3
mch2624,Pandya Group,5311,Department Store,Individual,Bombay,Maharashtra,09/12/2023,3278618323,Hold,₹606.95,MCH2624,5311,Individual,Department Stores,2023-12-09 00:00:00,0,0,3278618323,0,0,606.95,0,0,2624,0,0,0,0,1
MCH2627,Gupta and Sons,5699.0,garments,INDIVIDUAL,DELHI,Delhi,01/04/2025 05:51 PM,UVIS7862723743155,ACTIVE,"1,249.33",MCH2627,5699,Individual,Clothing,2025-04-01 17:51:00,0,0,UVIS7862723743155,0,0,1249.33,0,0,2627,1,0,1,2,2
MCH2628,Muni PLC,,DEPT_STORE,INDIVIDUAL,Pune,Maharashtra,13/07/2024,1524505804,ACTIVE,-1382.04,MCH2628,,Individual,Unknown,2024-07-13 00:00:00,0,0,1524505804,0,0,-1382.04,0,1,2628,0,0,0,0,1
MCH 2632,Agate-Gandhi,5311.0,DEPT_STORE,partnership,Madras,Tamil Nadu,01-14-2026,ZCSO2053232739383,Live,-243.56,MCH2632,5311,Partnership,Department Stores,2026-01-14 00:00:00,0,0,ZCSO2053232739383,0,0,-243.56,0,1,2632,0,0,0,0,1
MCH2634,"KARNIK, BAINS AND RATTI",5311,Retail,INDIVIDUAL,bengaluru,Karnataka,20/03/2025 07:33 AM,3474601890,Live,581.71,MCH2634,5311,Individual,Department Stores,2025-03-20 07:33:00,0,0,3474601890,0,0,581.71,0,0,2634,1,1,1,3,2
MCH-2636,Rau PLC,5311,Department Store,PARTNERSHIP,delhi,Delhi,2024-04-06 14:07:44,,ACTIVE,"₹5,739.27",MCH2636,5311,Partnership,Department Stores,2024-04-06 14:07:44,0,0,,1,0,5739.27,0,0,2636,0,0,0,0,1
MCH-2637,Joshi Group,5999,Misc Retail,PARTNERSHIP,chennai,Tamil Nadu,20/02/2025,,Enabled,-760.41,MCH2637,5999,Partnership,Other Retail,2025-02-20 00:00:00,0,0,,1,0,-760.41,0,1,2637,0,0,0,0,1
MCH2639,Sunder-Keer,5411,Grocery Stores,partnership,Jaipur,Rajasthan,19/04/2025,,Enabled,-853.1,MCH2639,5411,Partnership,Grocery,2025-04-19 00:00:00,0,0,,1,0,-853.1,0,1,2639,0,0,0,0,1
MCH2641,Varma-Saha,5999.0,Other,INDIVIDUAL,BLR,Karnataka,09-Oct-2024,,Closed,"5,621.28",MCH2641,5999,Individual,Other Retail,2024-10-09 00:00:00,0,0,,1,0,5621.28,0,0,2641,0,0,0,0,1
mch2646,Parsa-Gole,5999,Misc Retail,private_limited,HYDERABAD,Telangana,18/12/2025 03:23 AM,JJBK8920317843679,A,450.19,MCH2646,5999,Private Limited,Other Retail,2025-12-18 03:23:00,0,0,JJBK8920317843679,0,0,450.19,0,0,2646,0,0,0,0,1
MCH2647,Saha Inc,5999,Miscellaneous,PRIVATE_LIMITED,LKO,Uttar Pradesh,04-06-2023,,Enabled,"₹1,551.40",MCH2647,5999,Private Limited,Other Retail,2023-04-06 00:00:00,0,0,,1,0,1551.4,0,0,2647,0,0,0,0,1
MCH2648,Batta LLC,5999,retail other,PARTNERSHIP,jaipur,Rajasthan,10-10-2024,,Suspended,416.94,MCH2648,5999,Partnership,Other Retail,2024-10-10 00:00:00,0,0,,1,0,416.94,0,0,2648,0,0,1,1,2
MCH-2649,  Pandya PLC  ,,kirana,individual,pune,Maharashtra,2025/05/31,XXXX1050,Active,6206.32,MCH2649,,Individual,Unknown,2025-05-31 00:00:00,0,0,XXXX1050,0,1,6206.32,0,0,2649,0,0,0,0,1
MCH2650,Choudhary Ltd,05942,Stationery,INDIVIDUAL,New Delhi,Delhi,22/09/2024,,Inactive,"INR 1,197.20",MCH2650,5942,Individual,Books & Stationery,2024-09-22 00:00:00,0,0,,1,0,1197.2,0,0,2650,0,0,0,0,1
MCH-2654,saxena-sarkar,4814,TELECOM,Sole Proprietor,Pune,Maharashtra,10-Jan-2026,,Enabled,3080.46,MCH2654,4814,Sole Proprietor,Telecom,2026-01-10 00:00:00,0,0,,1,0,3080.46,0,0,2654,1,0,1,2,2
MCH2655,"Brahmbhatt, Desai and Sangha",4814,telecom,Sole Proprietor,amritsar,Punjab,2026/01/04,4532869649,Inactive,"Rs. 3,102",MCH2655,4814,Sole Proprietor,Telecom,2026-01-04 00:00:00,0,0,4532869649,0,0,3102.0,0,0,2655,0,0,1,1,2
MCH2656,"Patla, Deo and Babu",5912,chemist,partnership,jaipur,Rajasthan,02-Feb-2026,2362196367,Live,"1,217.69",MCH2656,5912,Partnership,Pharmacy & Medical,2026-02-02 00:00:00,0,0,2362196367,0,0,1217.69,0,0,2656,1,1,1,3,2
MCH2658,"Parmar, Purohit and Bhasin",5812,Restaurants,Sole Proprietor,Bengaluru,Karnataka,,8958415885,ACTIVE,INR 548.82,MCH2658,5812,Sole Proprietor,Food & Restaurants,,1,0,8958415885,0,0,548.82,0,0,2658,0,0,0,0,1
MCH 2665,"  Arora, Bir and Mahal  ",5311,Retail,SOLE_PROPRIETOR,LKO,Uttar Pradesh,15/11/2024 08:23 PM,3459659161,Inactive,"INR 2,101.74",MCH2665,5311,Sole Proprietor,Department Stores,2024-11-15 20:23:00,0,0,3459659161,0,0,2101.74,0,0,2665,0,0,1,1,2
mch2671,Mohanty-Chakrabarti,5999,Retail Other,PARTNERSHIP,Jalandhar,Punjab,1683568920,,Live,1187.55,MCH2671,5999,Partnership,Other Retail,2023-05-08 18:02:00,0,0,,1,0,1187.55,0,0,2671,0,0,0,0,1
MCH 2674,Mistry and Sons,MCC-5942,BOOKS_STATIONERY,Sole Proprietor,HYDERABAD,Telangana,,XXXX8847,Enabled,INR 569.39,MCH2674,5942,Sole Proprietor,Books & Stationery,,1,0,XXXX8847,0,1,569.39,0,0,2674,1,1,1,3,3
MCH2675,Venkataraman-Rastogi,5942,Book Store,PRIVATE_LIMITED,ASR,Punjab,23-Jun-2025,YXGI4135701284971,Enabled,877.85,MCH2675,5942,Private Limited,Books & Stationery,2025-06-23 00:00:00,0,0,YXGI4135701284971,0,1,877.85,0,0,2675,0,0,0,0,1
MCH2676,"Kohli, Biswas and Aggarwal",5912,chemist,PARTNERSHIP,Pune,Maharashtra,2026/01/30,LQDP7543612313020,INACTIVE,,MCH2676,5912,Partnership,Pharmacy & Medical,2026-01-30 00:00:00,0,0,LQDP7543612313020,0,0,,1,0,2676,1,1,1,3,4
MCH2679,"Barman, Bains and Shan",05912,chemist,PRIVATE_LIMITED,mumbai,Maharashtra,2024/12/25,2613968880,Active,1334.82,MCH2679,5912,Private Limited,Pharmacy & Medical,2024-12-25 00:00:00,0,0,2613968880,0,0,1334.82,0,0,2679,0,0,0,0,1
MCH2681,Upadhyay-Bava,7011,Hospitality,INDIVIDUAL,pune,Maharashtra,16-Feb-2024,YHMW6591611383032,Active,₹230.72,MCH2681,7011,Individual,Hotels & Hospitality,2024-02-16 00:00:00,0,0,YHMW6591611383032,0,0,230.72,0,0,2681,1,1,1,3,2
MCH 2684,  Barad-Jaggi  ,5942,Book Store,SOLE_PROPRIETOR,New Delhi,Delhi,13/04/2024 01:13 AM,VFSV6228720846838,ACTIVE,Rs. 518,MCH2684,5942,Sole Proprietor,Books & Stationery,2024-04-13 01:13:00,0,0,VFSV6228720846838,0,0,518.0,0,0,2684,0,0,0,0,1
MCH2690,nagarajan inc,5912.0,Medical,Sole Proprietor,LKO,Uttar Pradesh,22/06/2023,LDEV4758391652112,SUSPENDED,3091.83,MCH2690,5912,Sole Proprietor,Pharmacy & Medical,2023-06-22 00:00:00,0,0,LDEV4758391652112,0,0,3091.83,0,0,2690,0,0,0,0,1
MCH2691,PATHAK AND SONS,misc,Hotel,PRIVATE_LIMITED,lucknow,Uttar Pradesh,06-Sep-2024,,ACTIVE,5340.32,MCH2691,,Private Limited,Unknown,2024-09-06 00:00:00,0,0,,1,0,5340.32,0,0,2691,0,0,0,0,1
MCH2693,  Tandon-Kaur  ,MCC-5311,Retail,INDIVIDUAL,Chennai,Tamil Nadu,04-06-2025,3068123352,ACTIVE,"₹1,966.59",MCH2693,5311,Individual,Department Stores,2025-04-06 00:00:00,0,0,3068123352,0,0,1966.59,0,0,2693,0,0,0,0,1
MCH2694,Misra PLC,05699,Clothing,INDIVIDUAL,pune,Maharashtra,,,I,"2,669.29",MCH2694,5699,Individual,Clothing,,1,0,,1,0,2669.29,0,0,2694,0,0,0,0,1
MCH2695,Patil Inc,5411,kirana,Partnership,Pune,Maharashtra,26-Jun-2024,9565066028,ACTIVE,792.09,MCH2695,5411,Partnership,Grocery,2024-06-26 00:00:00,0,0,9565066028,0,0,792.09,0,0,2695,0,0,0,0,1
MCH2696,"Dave, Chaudhari and Bhatti",5411,groceries,individual,delhi,Delhi,2024/11/25,XXXX0248,Suspended,-9658.06,MCH2696,5411,Individual,Grocery,2024-11-25 00:00:00,0,0,XXXX0248,0,1,-9658.06,0,1,2696,0,0,1,1,2
MCH2697,Shan-Warrior,4131,Transport,Private Limited,Bangalore,Karnataka,08/02/2024 04:05 AM,,I,"INR 1,199.93",MCH2697,4131,Private Limited,Transportation,2024-02-08 04:05:00,0,0,,1,0,1199.93,0,0,2697,0,0,0,0,1
MCH2698,KalaLLC,7011,HOTEL_LODGING,individual,lucknow,Uttar Pradesh,08-19-2023,YXNF3515433387898,Live,"INR 3,590.19",MCH2698,7011,Individual,Hotels & Hospitality,2023-08-19 00:00:00,0,0,YXNF3515433387898,0,1,3590.19,0,0,2698,1,0,1,2,3
MCH-2701,BAIL LTD,,Other,Individual,JPR,Rajasthan,1740643560,JFSQ7616747260509,Live,₹863.24,MCH2701,,Individual,Unknown,2025-02-27 08:06:00,0,0,JFSQ7616747260509,0,0,863.24,0,0,2701,1,1,1,3,2
MCH2704,Sengupta-Sarin,5699,CLOTHS,private_limited,Poona,Maharashtra,1678259496,TSWF3138170868556,Active,2593.67,MCH2704,5699,Private Limited,Clothing,2023-03-08 07:11:36,0,0,TSWF3138170868556,0,0,2593.67,0,0,2704,0,0,0,0,1
MCH2708,"Mand, Zacharia and Vora",04131,TRAVEL,Sole Proprietor,Madras,Tamil Nadu,20/01/2026,XXXX2440,Enabled,363.56,MCH2708,4131,Sole Proprietor,Transportation,2026-01-20 00:00:00,0,0,XXXX2440,0,1,363.56,0,0,2708,0,0,0,0,1
MCH2709,"Iyengar, Dugar and Chacko",7011,HOTEL_LODGING,PRIVATE_LIMITED,Jaipur,Rajasthan,2023-09-16 04:28:40,XXXX4012,Enabled,"₹2,413.11",MCH2709,7011,Private Limited,Hotels & Hospitality,2023-09-16 04:28:40,0,0,XXXX4012,0,1,2413.11,0,0,2709,0,0,0,0,1
MCH 2710,"Batta, Shetty and Ka1ita",5699,Apparel,individual,Hyderabad,Telangana,1755397530,2640797887,ACTIVE,₹109.84,MCH2710,5699,Individual,Clothing,2025-08-17 02:25:30,0,0,2640797887,0,0,109.84,0,0,2710,1,1,1,3,4
mch2712,"RAI, GHOSE AND WADHWA",5411,Grocery,PRIVATE-LIMITED,Amritsar,Punjab,09-30-2023,XXXX9691,Live,"2,957.32",MCH2712,5411,Private Limited,Grocery,2023-09-30 00:00:00,0,0,XXXX9691,0,1,2957.32,0,0,2712,0,0,0,0,1
MCH2713,Dayal Group,5699,Fashion,INDIVIDUAL,Poona,Maharashtra,10/08/2024,1734751668,Hold,"₹1,199.07",MCH2713,5699,Individual,Clothing,2024-08-10 00:00:00,0,0,1734751668,0,0,1199.07,0,0,2713,0,0,0,0,1
MCH2718,"Krishna, Prabhu and Kara",7011,Hotels,Individual,Bengaluru,Karnataka,2024/12/20,VEWG4998867762324,A,529.14,MCH2718,7011,Individual,Hotels & Hospitality,2024-12-20 00:00:00,0,0,VEWG4998867762324,0,0,529.14,0,0,2718,0,0,0,0,1
MCH 2719,"RANGANATHAN, MALL AND AGGARWAL",5812.0,FOOD_SERVICES,Partnership,lucknow,Uttar Pradesh,1716584578,,ACTIVE,2283.24,MCH2719,5812,Partnership,Food & Restaurants,2024-05-24 21:02:58,0,0,,1,0,2283.24,0,0,2719,1,0,1,2,2
MCH2723,Purohit-Dani,,Food,Individual,ASR,Punjab,16/04/2024 04:10 AM,XXXX6527,Live,1384.67,MCH2723,,Individual,Unknown,2024-04-16 04:10:00,0,0,XXXX6527,0,1,1384.67,0,0,2723,0,0,1,1,2
MCH2724,Aggarwal Group,5812,Food,Individual,BLR,Karnataka,,2736138598,Enabled,-7977.75,MCH2724,5812,Individual,Food & Restaurants,,1,0,2736138598,0,0,-7977.75,0,1,2724,1,0,1,2,2
MCH2725,"Sridhar, Jayaraman and Rajagopalan",UNKNOWN,HOTEL_LODGING,private_limited,LKO,Uttar Pradesh,,5996031822,SUSPENDED,"1,550.81",MCH2725,,Private Limited,Unknown,,1,0,5996031822,0,0,1550.81,0,0,2725,1,1,1,3,2
MCH2726,"Chawla, Tata and Chander",5699,Clothing,Partnership,chennai,Tamil Nadu,2025-10-11 02:35:19,XXXX2870,Closed,2102.32,MCH2726,5699,Partnership,Clothing,2025-10-11 02:35:19,0,0,XXXX2870,0,1,2102.32,0,0,2726,1,1,1,3,4
MCH2727,"viswanathan, kamdar and raman",4814,TELECOM,PARTNERSHIP,Jaipur,Rajasthan,01-22-2026,,Active,"2,886.20",MCH2727,4814,Partnership,Telecom,2026-01-22 00:00:00,0,0,,1,0,2886.2,0,0,2727,1,0,1,2,2
MCH-2730,hans llc,,Miscellaneous,Individual,JPR,Rajasthan,23/06/2025,,ACTIVE,1392.27,MCH2730,,Individual,Unknown,2025-06-23 00:00:00,0,0,,1,0,1392.27,0,0,2730,1,1,0,2,2
MCH-2731,Krishna-Kumar,5311,Department Store,PRIVATE_LIMITED,ludhiana,Punjab,18-Dec-2025,XXXX8549,Enabled,"1,031.53",MCH2731,5311,Private Limited,Department Stores,2025-12-18 00:00:00,0,0,XXXX8549,0,1,1031.53,0,0,2731,0,0,0,0,1
MCH2733,CHAUHAN LTD,5411,Grocery,Sole Proprietor,New Delhi,Delhi,27-Dec-2024,,Active,872.28,MCH2733,5411,Sole Proprietor,Grocery,2024-12-27 00:00:00,0,0,,1,0,872.28,0,0,2733,0,0,0,0,1
2737,"Sani, Chowdhury and Ganesan",5999,Retail Other,Partnership,Bengaluru,Karnataka,2023/05/01,1105547451,A,610.07,2737,5999,Partnership,Other Retail,2023-05-01 00:00:00,0,0,1105547451,0,0,610.07,0,0,2737,0,0,0,0,1
MCH2738,Grover PLC,MCC-4131,TRAVEL,PARTNERSHIP,Pune,Maharashtra,1763852396,,Live,4547.63,MCH2738,4131,Partnership,Transportation,2025-11-22 22:59:56,0,0,,1,0,4547.63,0,0,2738,1,1,1,3,2
MCH2741,"Palan, Bhalla and Srinivasan",05812,FOOD_SERVICES,individual,JPR,Rajasthan,19/12/2025 01:05 AM,XXXX0289,A,"Rs. 1,319",MCH2741,5812,Individual,Food & Restaurants,2025-12-19 01:05:00,0,0,XXXX0289,0,1,1319.0,0,0,2741,1,1,1,3,2
MCH-2742,"Manne, Patil and Mukhopadhyay",5942,Stationery,SOLE_PROPRIETOR,Poona,Maharashtra,03-10-2025,JAUF9449397976214,Enabled,"Rs. 1,389",MCH2742,5942,Sole Proprietor,Books & Stationery,2025-03-10 00:00:00,0,0,JAUF9449397976214,0,0,1389.0,0,0,2742,1,1,1,3,2
MCH2743,Joshi PLC,,chemist,PRIVATE_LIMITED,Kolkata,West Bengal,1733162174,,Live,,MCH2743,,Private Limited,Unknown,2024-12-02 17:56:14,0,0,,1,0,,1,0,2743,0,0,0,0,1
MCH-2744,"DIVAN, NARANG AND JHAVERI",5912.0,MEDICAL_STORE,PARTNERSHIP,lucknow,Uttar Pradesh,2025-11-04 23:49:11,2199444279,Suspended,734.64,MCH2744,5912,Partnership,Pharmacy & Medical,2025-11-04 23:49:11,0,0,2199444279,0,0,734.64,0,0,2744,0,0,0,0,1
MCH2746,"tella, mane and pillai",7011,Hotels,private_limited,ludhiana,Punjab,12/03/2023,0851637180,Closed,395.56,MCH2746,7011,Private Limited,Hotels & Hospitality,2023-03-12 00:00:00,0,0,0851637180,0,0,395.56,0,0,2746,0,0,0,0,1
MCH-2748,"Banerjee, Wason and Dyal",5812,Restaurant,private_limited,Pune,Maharashtra,1700177081,XXXX5034,ACTIVE,"INR 1,037.44",MCH2748,5812,Private Limited,Food & Restaurants,2023-11-16 23:24:41,0,0,XXXX5034,0,1,1037.44,0,0,2748,0,0,0,0,1
MCH2749,Borde PLC,07011,HOTEL_LODGING,partnership,Jalandar,Punjab,2025-11-15 14:42:20,AKGD7711918524900,Active,299.85,MCH2749,7011,Partnership,Hotels & Hospitality,2025-11-15 14:42:20,0,0,AKGD7711918524900,0,0,299.85,0,0,2749,1,1,1,3,3
MCH2750,Rao-Narayanan,5942,Books,individual,LDH,Punjab,13/05/2024,,Active,-3052.68,MCH2750,5942,Individual,Books & Stationery,2024-05-13 00:00:00,0,0,,1,0,-3052.68,0,1,2750,0,0,0,0,1
mch2752,Palla LLC,4131,TRAVEL,sole_proprietor,lucknow,Uttar Pradesh,1673646249,XXXX1787,Live,69.28,MCH2752,4131,Sole Proprietor,Transportation,2023-01-13 21:44:09,0,0,XXXX1787,0,1,69.28,0,0,2752,0,0,0,0,1
MCH2753,"  Karan, Ganguly and Desai  ",5999,Misc Retail,Private Limited,amritsar,Punjab,31/03/2023,,A,"1,254.60",MCH2753,5999,Private Limited,Other Retail,2023-03-31 00:00:00,0,0,,1,0,1254.6,0,0,2753,0,0,0,0,1
MCH2754,Chahal Group,5812,Food,sole_proprietor,Amritsar,Punjab,09-27-2023,,Active,"1,452.51",MCH2754,5812,Sole Proprietor,Food & Restaurants,2023-09-27 00:00:00,0,0,,1,0,1452.51,0,0,2754,1,0,1,2,3
MCH 2755,Wason and Sons,5699,Fashion,PARTNERSHIP,BLR,Karnataka,,,Enabled,-3396.06,MCH2755,5699,Partnership,Clothing,,1,0,,1,0,-3396.06,0,1,2755,1,1,1,3,3
MCH2757,Chhabra-Dugar,5699,Clothing,sole_proprietor,Kolkata,West Bengal,16-Nov-2025,XXXX2280,A,"1,214.20",MCH2757,5699,Sole Proprietor,Clothing,2025-11-16 00:00:00,0,0,XXXX2280,0,1,1214.2,0,0,2757,1,0,1,2,2
MCH2761,Sabharwa1-Pati1,5999,Other,PRIVATE-LIMITED,Hyderabad,Telangana,04-Apr-2025,,Closed,2607.92,MCH2761,5999,Private Limited,Other Retail,2025-04-04 00:00:00,0,0,,1,0,2607.92,0,0,2761,0,0,0,0,1
MCH2763,Thaman-Virk,5912,chemist,Private Limited,Bangalore,Karnataka,23-Jul-2025,XXXX7625,Active,INR 563.88,MCH2763,5912,Private Limited,Pharmacy & Medical,2025-07-23 00:00:00,0,0,XXXX7625,0,1,563.88,0,0,2763,0,0,0,0,1
MCH2764,"Yogi, Jani and Choudhry",4814,phone service,INDIVIDUAL,Ludhiana,Punjab,2024/04/19,3163531350,Enabled,516.18,MCH2764,4814,Individual,Telecom,2024-04-19 00:00:00,0,0,3163531350,0,0,516.18,0,0,2764,0,0,0,0,1
MCH2765,Buch LLC,4814,TELECOM,individual,Jaipur,Rajasthan,2024-12-27 22:16:28,,Active,INR 132.32,MCH2765,4814,Individual,Telecom,2024-12-27 22:16:28,0,0,,1,0,132.32,0,0,2765,1,1,1,3,3
MCH2766,Kanda-Brahmbhatt,MCC-5311,DEPT_STORE,sole_proprietor,Madras,Tamil Nadu,06-18-2025,5339281473,Active,1540.08,MCH2766,5311,Sole Proprietor,Department Stores,2025-06-18 00:00:00,0,0,5339281473,0,0,1540.08,0,0,2766,1,1,1,3,3
MCH2767,"Munshi, Kohli and Pai",,garments,private_limited,LKO,Uttar Pradesh,1772279230,6694122395,A,1994.09,MCH2767,,Private Limited,Unknown,2026-02-28 11:47:10,0,0,6694122395,0,0,1994.09,0,0,2767,1,1,1,3,3
MCH2769,sehgal plc,4814,TELECOM,PRIVATE-LIMITED,ASR,Punjab,2023/09/19,3613137952,Live,Rs. 131,MCH2769,4814,Private Limited,Telecom,2023-09-19 00:00:00,0,0,3613137952,0,0,131.0,0,0,2769,0,0,0,0,1
MCH2770,"Deep, Ganguly and Solanki",MCC-5699,Clothing,Individual,chennai,Tamil Nadu,31-Jul-2025,,A,Rs. 660,MCH2770,5699,Individual,Clothing,2025-07-31 00:00:00,0,0,,1,0,660.0,0,0,2770,1,0,1,2,2
mch2772,  Rajagopalan-Lal  ,5699,CLOTHS,partnership,Jalandar,Punjab,03/05/2025,YDTF9778396986125,S,594.07,MCH2772,5699,Partnership,Clothing,2025-05-03 00:00:00,0,0,YDTF9778396986125,0,0,594.07,0,0,2772,1,1,1,3,2
MCH2776,Datta Ltd,4814,Telecom,Partnership,JPR,Rajasthan,2024-11-09 21:59:20,QUCG6914808410390,Enabled,"₹1,643.13",MCH2776,4814,Partnership,Telecom,2024-11-09 21:59:20,0,0,QUCG6914808410390,0,0,1643.13,0,0,2776,1,1,1,3,2
MCH2778,madan plc,MCC-5912,Medical,sole_proprietor,amritsar,Punjab,2024/03/25,XXXX3934,Live,"₹4,029.72",MCH2778,5912,Sole Proprietor,Pharmacy & Medical,2024-03-25 00:00:00,0,0,XXXX3934,0,1,4029.72,0,0,2778,0,1,1,2,2
MCH 2786,Gola Inc,05699,Clothing,PARTNERSHIP,Chennai,Tamil Nadu,1734618855,XXXX8423,ACTIVE,576.47,MCH2786,5699,Partnership,Clothing,2024-12-19 14:34:15,0,0,XXXX8423,0,1,576.47,0,0,2786,1,1,1,3,3
2788,"Dash, Mallick and Sachdev",5812,Restaurant,INDIVIDUAL,BLR,Karnataka,2025-04-06 04:08:29,WZXG3956270476463,ACTIVE,3989.94,2788,5812,Individual,Food & Restaurants,2025-04-06 04:08:29,0,0,WZXG3956270476463,0,1,3989.94,0,0,2788,0,0,0,0,1
MCH2789,Peri-Panchal,5311,DEPT_STORE,PARTNERSHIP,jalandhar,Punjab,,,Enabled,1044.19,MCH2789,5311,Partnership,Department Stores,,1,0,,1,0,1044.19,0,0,2789,0,0,0,0,1
MCH2791,"Rastogi, Mannan and Sabharwal",UNKNOWN,chemist,Sole Proprietor,delhi,Delhi,08-21-2025,,Active,,MCH2791,,Sole Proprietor,Unknown,2025-08-21 00:00:00,0,0,,1,0,,1,0,2791,0,0,0,0,1
MCH2792,"VARKEY, UPPAL AND MITTER",,Transport,Partnership,DELHI,Delhi,1730900850,4127542367,Live,Rs. 130,MCH2792,,Partnership,Unknown,2024-11-06 13:47:30,0,0,4127542367,0,0,130.0,0,0,2792,1,1,1,3,2
MCH 2797,Sandhu-Singh,07011,HOTEL_LODGING,Partnership,Bengaluru,Karnataka,27-May-2025,XXXX2336,Active,"1,083.54",MCH2797,7011,Partnership,Hotels & Hospitality,2025-05-27 00:00:00,0,0,XXXX2336,0,1,1083.54,0,0,2797,0,0,0,0,1
MCH 2799,KADAKIA-NAYAK,5812,eating place,Sole Proprietor,delhi,Delhi,2025-05-04 23:51:09,LDOE2045126421896,Enabled,-249.35,MCH2799,5812,Sole Proprietor,Food & Restaurants,2025-05-04 23:51:09,0,0,LDOE2045126421896,0,0,-249.35,0,1,2799,0,0,0,0,1
MCH2800,Raja-Naik,5311,Department Store,PRIVATE_LIMITED,Bangalore,Karnataka,2024/04/18,9493307388,Closed,"1,096.85",MCH2800,5311,Private Limited,Department Stores,2024-04-18 00:00:00,0,0,9493307388,0,0,1096.85,0,0,2800,0,0,0,0,1
MCH2801,"Khurana, Oza and Divan",4814,Mobile Recharge,private_limited,New Delhi,Delhi,10-14-2025,,Active,406.76,MCH2801,4814,Private Limited,Telecom,2025-10-14 00:00:00,0,0,,1,0,406.76,0,0,2801,0,0,0,0,1
MCH2806,"Raman, Aggarwal and Salvi",5999.0,Retail Other,PARTNERSHIP,Hyderabad,Telangana,16/10/2024,,Live,"₹2,271.51",MCH2806,5999,Partnership,Other Retail,2024-10-16 00:00:00,0,0,,1,0,2271.51,0,0,2806,1,1,1,3,2
MCH-2813,"Panchal, Pradhan and Bora",5812,Food,INDIVIDUAL,jalandhar,Punjab,05/01/2026,,Live,-169.64,MCH2813,5812,Individual,Food & Restaurants,2026-01-05 00:00:00,0,0,,1,0,-169.64,0,1,2813,1,0,1,2,3
MCH2814,"SANI, KHARE AND RAMACHANDRAN",5912,MEDICAL_STORE,PARTNERSHIP,jalandhar,Punjab,24-Feb-2024,XXXX1070,ACTIVE,"1,581.52",MCH2814,5912,Partnership,Pharmacy & Medical,2024-02-24 00:00:00,0,0,XXXX1070,0,1,1581.52,0,0,2814,0,0,0,0,1
MCH2816,Yogi-Palan,,Miscellaneous,individual,mumbai,Maharashtra,02-14-2025,YLAY0045447026896,SUSPENDED,2753.81,MCH2816,,Individual,Unknown,2025-02-14 00:00:00,0,0,YLAY0045447026896,0,0,2753.81,0,0,2816,1,1,1,3,2
MCH2817,Keer and Sons,5999,Misc Retail,PRIVATE_LIMITED,Ludhiana,Punjab,05-19-2025,XXXX7166,Inactive,"₹2,074.28",MCH2817,5999,Private Limited,Other Retail,2025-05-19 00:00:00,0,0,XXXX7166,0,1,2074.28,0,0,2817,1,1,1,3,2
MCH2818,Sibal Inc,5411,GROCERY_STORE,SOLE_PROPRIETOR,jalandhar,Punjab,03-Jun-2025,HHRP3016788161129,Active,₹600.04,MCH2818,5411,Sole Proprietor,Grocery,2025-06-03 00:00:00,0,0,HHRP3016788161129,0,0,600.04,0,0,2818,0,0,0,0,1
MCH2825,Koshy-Gola,5812,Restaurant,PARTNERSHIP,Bangalore,Karnataka,1758759283,YLMF2374015161502,Active,-3012.53,MCH2825,5812,Partnership,Food & Restaurants,2025-09-25 00:14:43,0,0,YLMF2374015161502,0,0,-3012.53,0,1,2825,1,1,0,2,2
MCH2827,Bala-Bhatti,5999,Miscellaneous,INDIVIDUAL,Bangalore,Karnataka,10/05/2024 08:16 PM,5191749246,Disabled,Rs. 381,MCH2827,5999,Individual,Other Retail,2024-05-10 20:16:00,0,0,5191749246,0,0,381.0,0,0,2827,0,0,0,0,1
MCH2829,Narain Ltd,5999,Retail Other,Sole Proprietor,Bangalore,Karnataka,1676472364,,Live,1912.36,MCH2829,5999,Sole Proprietor,Other Retail,2023-02-15 14:46:04,0,0,,1,0,1912.36,0,0,2829,0,0,0,0,1
MCH2830,"Joshi,ChaudhariandToor",5411,Grocery Stores,Individual,Bangalore,Karnataka,15/04/2023 02:55 PM,,Active,Rs. 756,MCH2830,5411,Individual,Grocery,2023-04-15 14:55:00,0,0,,1,0,756.0,0,0,2830,0,0,0,0,1
MCH2831,Rastogi-Devi,,Miscellaneous,Private Limited,Delhi,Delhi,2023/10/20,XXXX4746,Active,₹501.88,MCH2831,,Private Limited,Unknown,2023-10-20 00:00:00,0,0,XXXX4746,0,1,501.88,0,0,2831,0,0,0,0,1
MCH2832,Parmer Inc,5311.0,Retail,Private Limited,Pune,Maharashtra,2025/10/26,,Live,₹831.48,MCH2832,5311,Private Limited,Department Stores,2025-10-26 00:00:00,0,0,,1,0,831.48,0,0,2832,0,0,0,0,1
MCH2833,Kapoor-Shankar,7011,HOTEL_LODGING,SOLE_PROPRIETOR,Jalandar,Punjab,,VEQH1532066637768,Live,₹474.69,MCH2833,7011,Sole Proprietor,Hotels & Hospitality,,1,0,VEQH1532066637768,0,0,474.69,0,0,2833,0,0,0,0,1
MCH 2836,RAI AND SONS,05912,Pharmacy,PRIVATE-LIMITED,chennai,Tamil Nadu,1721046539,XXXX2773,I,3262.99,MCH2836,5912,Private Limited,Pharmacy & Medical,2024-07-15 12:28:59,0,0,XXXX2773,0,1,3262.99,0,0,2836,0,0,0,0,1
MCH2838,"Goel, Chand and Pai",5999,Retail Other,Partnership,Poona,Maharashtra,2024/12/28,,A,-1086.22,MCH2838,5999,Partnership,Other Retail,2024-12-28 00:00:00,0,0,,1,0,-1086.22,0,1,2838,1,1,1,3,2
MCH2839,"brar, varughese and cherian",5411,kirana,Partnership,Poona,Maharashtra,1745207983,,A,614.31,MCH2839,5411,Partnership,Grocery,2025-04-21 03:59:43,0,0,,1,0,614.31,0,0,2839,0,0,0,0,1
MCH2841,"  Memon, Samra and Rajagopal  ",5942,Book Store,SOLE-PROPRIETOR,MUMBAI,Maharashtra,13-Jun-2024,,Active,,MCH2841,5942,Sole Proprietor,Books & Stationery,2024-06-13 00:00:00,0,0,,1,0,,1,0,2841,0,0,0,0,1
2842,Patel-Chacko,,Hotels,INDIVIDUAL,Bangalore,Karnataka,13-Aug-2025,,Live,"₹2,354.89",2842,,Individual,Unknown,2025-08-13 00:00:00,0,0,,1,0,2354.89,0,0,2842,1,1,1,3,2
MCH 2844,Misra-Seth,4131,Transportation,Individual,ASR,Punjab,2023/05/24,XXXX4860,Active,162.5,MCH2844,4131,Individual,Transportation,2023-05-24 00:00:00,0,0,XXXX4860,0,1,162.5,0,0,2844,0,0,0,0,1
mch2845,Narasimhan LLC,5999.0,Other,PARTNERSHIP,Amritsar,Punjab,10-01-2024,2844893176,ACTIVE,"₹5,926.94",MCH2845,5999,Partnership,Other Retail,2024-10-01 00:00:00,0,0,2844893176,0,0,5926.94,0,0,2845,0,0,0,0,1
MCH2846,"SHA, RAMANATHAN AND KOTA",5411,Grocery,Individual,jaipur,Rajasthan,09-30-2025,2763596998,INACTIVE,"₹2,995.95",MCH2846,5411,Individual,Grocery,2025-09-30 00:00:00,0,0,2763596998,0,0,2995.95,0,0,2846,0,0,0,0,1
MCH2849,Gokhale-Iyengar,MCC-4814,TELECOM,Partnership,Jalandhar,Punjab,,8509639866,ACTIVE,1215.62,MCH2849,4814,Partnership,Telecom,,1,0,8509639866,0,0,1215.62,0,0,2849,1,1,1,3,4
MCH 2850,  Reddy-Kara  ,4131,Bus/Taxi,Private Limited,jaipur,Rajasthan,22/04/2024,XXXX7186,Enabled,-953.86,MCH2850,4131,Private Limited,Transportation,2024-04-22 00:00:00,0,0,XXXX7186,0,1,-953.86,0,1,2850,1,0,1,2,2
MCH2851,Kalla-Jain,7011,HOTEL_LODGING,INDIVIDUAL,Mumbay,Maharashtra,2025/11/29,XXXX3740,A,"Rs. 3,022",MCH2851,7011,Individual,Hotels & Hospitality,2025-11-29 00:00:00,0,0,XXXX3740,0,1,3022.0,0,0,2851,1,1,1,3,3
MCH2857,Bhattacharyya Inc,4131,transprt,private_limited,Jalandar,Punjab,13-Jul-2025,AFIK7241528245690,Active,4557.38,MCH2857,4131,Private Limited,Transportation,2025-07-13 00:00:00,0,0,AFIK7241528245690,0,0,4557.38,0,0,2857,0,0,0,0,1
MCH2859,"Doctor, Bir and Lanka",5411,GROCERY_STORE,Private Limited,HYDERABAD,Telangana,2025/04/03,,ACTIVE,2296.45,MCH2859,5411,Private Limited,Grocery,2025-04-03 00:00:00,0,0,,1,0,2296.45,0,0,2859,0,0,0,0,1
MCH2860,Ahluwalia Ltd,7011,HOTEL_LODGING,Private Limited,Bengaluru,Karnataka,27/01/2026,EAAS5526551207941,A,Rs. 250,MCH2860,7011,Private Limited,Hotels & Hospitality,2026-01-27 00:00:00,0,0,EAAS5526551207941,0,0,250.0,0,0,2860,0,0,0,0,1
MCH2861,  Hayer Inc  ,5311,Department Stores,PRIVATE_LIMITED,pune,Maharashtra,1731179375,XXXX6916,Live,Rs. 676,MCH2861,5311,Private Limited,Department Stores,2024-11-09 19:09:35,0,0,XXXX6916,0,1,676.0,0,0,2861,0,0,0,0,1
MCH2862,Bhasin Group,5699,garments,Partnership,JPR,Rajasthan,2023/07/20,FHYX9050690414655,Active,544.80,MCH2862,5699,Partnership,Clothing,2023-07-20 00:00:00,0,0,FHYX9050690414655,0,1,544.8,0,0,2862,0,0,0,0,1
MCH2870,"Loyal, Buch and Ghose",5812,Restaurants,Sole Proprietor,Delhi,Delhi,2025-05-27 02:11:43,,ACTIVE,"INR 2,213.61",MCH2870,5812,Sole Proprietor,Food & Restaurants,2025-05-27 02:11:43,0,0,,1,0,2213.61,0,0,2870,0,0,0,0,1
MCH2875,Chander-Parmer,5311,Department Store,PARTNERSHIP,Ludhiana,Punjab,12/11/2024,XXXX0207,A,351.55,MCH2875,5311,Partnership,Department Stores,2024-11-12 00:00:00,0,0,XXXX0207,0,1,351.55,0,0,2875,0,0,0,0,1
MCH2879,"Pillay, Vora and Karnik",MCC-5812,Restaurant,INDIVIDUAL,LDH,Punjab,2024-05-20 19:55:26,9486638654,ACTIVE,,MCH2879,5812,Individual,Food & Restaurants,2024-05-20 19:55:26,0,0,9486638654,0,0,,1,0,2879,1,1,0,2,2
MCH2881,J0ha1 PLC,,FOOD_SERVICES,PARTNERSHIP,ASR,Punjab,16/05/2023 11:44 PM,WTST5086684279337,A,807.63,MCH2881,,Partnership,Unknown,2023-05-16 23:44:00,0,0,WTST5086684279337,0,0,807.63,0,0,2881,0,0,0,0,1
MCH2884,Malhotra-Sarin,5942,BOOKS_STATIONERY,SOLE-PROPRIETOR,pune,Maharashtra,02-27-2025,,A,683.54,MCH2884,5942,Sole Proprietor,Books & Stationery,2025-02-27 00:00:00,0,0,,1,0,683.54,0,0,2884,0,0,0,0,1
2885,"Varkey, Goda and Bala",5812,eating place,Private Limited,MUMBAI,Maharashtra,01-23-2023,0317882844,Inactive,4853.92,2885,5812,Private Limited,Food & Restaurants,2023-01-23 00:00:00,0,0,0317882844,0,0,4853.92,0,0,2885,0,0,1,1,2
MCH2886,"Raja, Hayre and Deshmukh",5912,Medical,private_limited,Calcutta,West Bengal,04/07/2024,,ACTIVE,Rs. 511,MCH2886,5912,Private Limited,Pharmacy & Medical,2024-07-04 00:00:00,0,0,,1,0,511.0,0,0,2886,1,0,1,2,3
MCH2887,Rau-Saha,MCC-5699,Clothing,SOLE-PROPRIETOR,Delhi,Delhi,2023/08/17,XXXX7555,ACTIVE,,MCH2887,5699,Sole Proprietor,Clothing,2023-08-17 00:00:00,0,0,XXXX7555,0,1,,1,0,2887,0,0,0,0,1
MCH2888,Chahal LLC,5912,Pharmacies,Private Limited,MUMBAI,Maharashtra,04-21-2023,XXXX3951,Active,631.05,MCH2888,5912,Private Limited,Pharmacy & Medical,2023-04-21 00:00:00,0,0,XXXX3951,0,1,631.05,0,0,2888,0,0,0,0,1
MCH2894,Rege-Baria,5699,garments,PRIVATE-LIMITED,delhi,Delhi,2024/12/22,XXXX3813,A,2107.84,MCH2894,5699,Private Limited,Clothing,2024-12-22 00:00:00,0,0,XXXX3813,0,1,2107.84,0,0,2894,1,1,1,3,2
MCH2896,"Date, Sahota and Hayre",4131,Transport,individual,Madras,Tamil Nadu,,KPBN8019714054804,A,"₹1,484.62",MCH2896,4131,Individual,Transportation,,1,0,KPBN8019714054804,0,0,1484.62,0,0,2896,1,1,1,3,2
MCH2897,Bath Ltd,5999,Other,private_limited,HYDERABAD,Telangana,2025-07-23 05:48:07,,ACTIVE,2239.12,MCH2897,5999,Private Limited,Other Retail,2025-07-23 05:48:07,0,0,,1,0,2239.12,0,0,2897,0,0,0,0,1
MCH2899,Golla Ltd,4131,transprt,Partnership,Jaipur,Rajasthan,,EGFZ1016369573887,Active,"₹5,018.99",MCH2899,4131,Partnership,Transportation,,1,0,EGFZ1016369573887,0,0,5018.99,0,0,2899,1,1,1,3,2
MCH-2902,SAMRA-KAPUR,5411,GROCERY_STORE,INDIVIDUAL,Chennai,Tamil Nadu,24-Apr-2024,XXXX9404,ACTIVE,,MCH2902,5411,Individual,Grocery,2024-04-24 00:00:00,0,0,XXXX9404,0,1,,1,0,2902,1,1,0,2,3
MCH2903,Swamy-Parsa,05699,Fashion,Individual,Bombay,Maharashtra,2023/04/14,,Closed,"1,218.16",MCH2903,5699,Individual,Clothing,2023-04-14 00:00:00,0,0,,1,0,1218.16,0,0,2903,0,0,0,0,1
MCH2904,IYENGAR-COMAR,5999.0,Other,PRIVATE_LIMITED,delhi,Delhi,05/01/2026,XXXX7160,Active,1147.91,MCH2904,5999,Private Limited,Other Retail,2026-01-05 00:00:00,0,0,XXXX7160,0,1,1147.91,0,0,2904,0,0,0,0,1
MCH2905,Goyal-Gopal,5912,Medical,INDIVIDUAL,Dilli,Delhi,13-Feb-2024,,SUSPENDED,2312.5,MCH2905,5912,Individual,Pharmacy & Medical,2024-02-13 00:00:00,0,0,,1,0,2312.5,0,0,2905,0,0,0,0,1
MCH-2907,VARUGHESE-MANI,5912.0,MEDICAL_STORE,Sole Proprietor,Chennai,Tamil Nadu,04-25-2023,,ACTIVE,"Rs. 1,106",MCH2907,5912,Sole Proprietor,Pharmacy & Medical,2023-04-25 00:00:00,0,0,,1,0,1106.0,0,0,2907,0,0,0,0,1
MCH 2910,"Mall, Sankaran and Mittal",4131,bus/taxi,Private Limited,Delhi,Delhi,28-Sep-2025,XXXX0107,Inactive,"INR 3,631.28",MCH2910,4131,Private Limited,Transportation,2025-09-28 00:00:00,0,0,XXXX0107,0,1,3631.28,0,0,2910,1,1,1,3,4
MCH2912,Natt-Kohli,UNKNOWN,groceries,private_limited,Jalandar,Punjab,2024-07-09 22:05:41,XXXX0399,I,1895.43,MCH2912,,Private Limited,Unknown,2024-07-09 22:05:41,0,0,XXXX0399,0,1,1895.43,0,0,2912,0,1,1,2,2
MCH2914,Sharaf-Tara,5311,Retail,INDIVIDUAL,kolkata,West Bengal,07-02-2025,,A,Rs. 542,MCH2914,5311,Individual,Department Stores,2025-07-02 00:00:00,0,0,,1,0,542.0,0,0,2914,1,1,1,3,2
MCH2915,"Vohra, Pathak and Bumb",5912,Pharmacies,INDIVIDUAL,Kolkata,West Bengal,06/09/2025,,Active,₹459.58,MCH2915,5912,Individual,Pharmacy & Medical,2025-09-06 00:00:00,0,0,,1,0,459.58,0,0,2915,1,1,1,3,2
MCH2917,Gole-Rau,05812,Food,sole_proprietor,Madras,Tamil Nadu,10-Oct-2025,XXXX0356,Disabled,-1917.48,MCH2917,5812,Sole Proprietor,Food & Restaurants,2025-10-10 00:00:00,0,0,XXXX0356,0,1,-1917.48,0,1,2917,1,1,1,3,3
MCH2919,Menon-Vaidya,,Pharmacy,SOLE_PROPRIETOR,New Delhi,Delhi,2023-03-20 14:46:24,,Enabled,"₹3,825.85",MCH2919,,Sole Proprietor,Unknown,2023-03-20 14:46:24,0,0,,1,0,3825.85,0,0,2919,0,0,0,0,1
mch2921,Bakshi-Narayanan,7011,Hospitality,Private Limited,lucknow,Uttar Pradesh,18-Jun-2024,XXXX0910,A,-6327.48,MCH2921,7011,Private Limited,Hotels & Hospitality,2024-06-18 00:00:00,0,0,XXXX0910,0,1,-6327.48,0,1,2921,0,0,0,0,1
MCH2922,Chhabra-Jha,5999,Retail Other,sole_proprietor,Bombay,Maharashtra,2024/10/10,FAIS4263479017973,Enabled,-1096.49,MCH2922,5999,Sole Proprietor,Other Retail,2024-10-10 00:00:00,0,0,FAIS4263479017973,0,0,-1096.49,0,1,2922,0,0,0,0,1
2923,Virk Group,4814,phone service,INDIVIDUAL,Jalandar,Punjab,,,Active,₹681.07,2923,4814,Individual,Telecom,,1,0,,1,0,681.07,0,0,2923,1,1,1,3,2
MCH2924,Chaudhary-Dugar,5942,Stationery,INDIVIDUAL,Bombay,Maharashtra,2024-12-26 03:07:13,2683760099,Enabled,INR 770.99,MCH2924,5942,Individual,Books & Stationery,2024-12-26 03:07:13,0,0,2683760099,0,0,770.99,0,0,2924,0,0,0,0,1
MCH2926,Sule-Thaker,5942,Stationery,partnership,bengaluru,Karnataka,16/12/2024 06:18 PM,XXXX3557,ACTIVE,"INR 1,590.53",MCH2926,5942,Partnership,Books & Stationery,2024-12-16 18:18:00,0,0,XXXX3557,0,1,1590.53,0,0,2926,0,0,0,0,1
2928,"Hans, Parmer and Buch",5812,FOOD_SERVICES,PRIVATE-LIMITED,ludhiana,Punjab,04/12/2025,,Closed,"Rs. 1,903",2928,5812,Private Limited,Food & Restaurants,2025-12-04 00:00:00,0,0,,1,0,1903.0,0,0,2928,0,0,0,0,1
mch2934,Warri0r-Siba1,5999.0,Other,INDIVIDUAL,amritsar,Punjab,07-Apr-2025,,Live,,MCH2934,5999,Individual,Other Retail,2025-04-07 00:00:00,0,0,,1,0,,1,0,2934,1,0,1,2,2
MCH2938,"Babu, Lata and Zacharia",5411,kirana,private_limited,Poona,Maharashtra,06-Sep-2024,ZZOP9174222804228,Live,823.9,MCH2938,5411,Private Limited,Grocery,2024-09-06 00:00:00,0,0,ZZOP9174222804228,0,0,823.9,0,0,2938,0,0,0,0,1
MCH2941,SenGroup,MCC-5311,Department Store,SOLE-PROPRIETOR,mumbai,Maharashtra,2024/09/22,XXXX4390,Live,"INR 1,783.76",MCH2941,5311,Sole Proprietor,Department Stores,2024-09-22 00:00:00,0,0,XXXX4390,0,1,1783.76,0,0,2941,0,0,0,0,1
MCH2943,Kuruvilla and Sons,5812,Food,sole_proprietor,Poona,Maharashtra,,2379382640,Live,1517.82,MCH2943,5812,Sole Proprietor,Food & Restaurants,,1,0,2379382640,0,0,1517.82,0,0,2943,0,1,1,2,2
MCH 2945,Agarwa1-Cherian,UNKNOWN,Mobile Recharge,Sole Proprietor,Jalandar,Punjab,06-Oct-2025,XXXX2889,Inactive,"1,759.15",MCH2945,,Sole Proprietor,Unknown,2025-10-06 00:00:00,0,0,XXXX2889,0,1,1759.15,0,0,2945,0,0,0,0,1
2946,Nagy-Jani,4131,Bus/Taxi,SOLE-PROPRIETOR,Mumbai,Maharashtra,,1929586448,Active,Rs. 316,2946,4131,Sole Proprietor,Transportation,,1,0,1929586448,0,0,316.0,0,0,2946,1,1,1,3,2
2949,"Mahal, Natt and Ghosh",5999,Miscellaneous,Partnership,jaipur,Rajasthan,19/07/2024,6197525290,Active,-2320.74,2949,5999,Partnership,Other Retail,2024-07-19 00:00:00,0,0,6197525290,0,0,-2320.74,0,1,2949,0,0,0,0,1
MCH2950,"Rastogi, Bhavsar and Varghese",5942,Stationery,private_limited,BLR,Karnataka,26-Nov-2024,6783380146,A,"INR 2,370.66",MCH2950,5942,Private Limited,Books & Stationery,2024-11-26 00:00:00,0,0,6783380146,0,0,2370.66,0,0,2950,0,0,0,0,1
2951,"THAKUR, SUBRAMANIAM AND AGRAWAL",7011.0,Hotel,Partnership,MUMBAI,Maharashtra,06/02/2026,0506591392,A,-3115.69,2951,7011,Partnership,Hotels & Hospitality,2026-02-06 00:00:00,0,0,0506591392,0,0,-3115.69,0,1,2951,0,0,0,0,1
MCH2954,"  Keer, Borra and Hayre  ",7011,Hotels,private_limited,LDH,Punjab,23/12/2025,,Live,-1556.07,MCH2954,7011,Private Limited,Hotels & Hospitality,2025-12-23 00:00:00,0,0,,1,0,-1556.07,0,1,2954,1,1,1,3,2
MCH2956,"wali, khatri and mistry",4814,Mobile Recharge,Sole Proprietor,Lucknow,Uttar Pradesh,02/06/2025,3651063150,INACTIVE,"INR 4,934.63",MCH2956,4814,Sole Proprietor,Telecom,2025-06-02 00:00:00,0,0,3651063150,0,0,4934.63,0,0,2956,1,1,1,3,2
MCH2959,Kanda LLC,5812.0,Food,PRIVATE_LIMITED,Kolkata,West Bengal,08/10/2023,,Live,"INR 6,588.76",MCH2959,5812,Private Limited,Food & Restaurants,2023-10-08 00:00:00,0,0,,1,0,6588.76,0,0,2959,0,0,0,0,1
MCH2960,Malhotra-Buch,4131,Bus/Taxi,PRIVATE_LIMITED,chennai,Tamil Nadu,01-06-2023,XXXX6660,A,"INR 2,348.07",MCH2960,4131,Private Limited,Transportation,2023-01-06 00:00:00,0,0,XXXX6660,0,1,2348.07,0,0,2960,0,0,0,0,1
MCH 2962,"Naik, Ranganathan and Sahota",4814,Telecom,PARTNERSHIP,Pune,Maharashtra,08-23-2024,XXXX5665,Active,INR 174.64,MCH2962,4814,Partnership,Telecom,2024-08-23 00:00:00,0,0,XXXX5665,0,1,174.64,0,0,2962,1,0,1,2,2
MCH2964,Bala-Sarkar,4814,phone service,INDIVIDUAL,Jalandar,Punjab,20-Jun-2025,4343067882,Active,1298.45,MCH2964,4814,Individual,Telecom,2025-06-20 00:00:00,0,0,4343067882,0,0,1298.45,0,0,2964,1,1,1,3,2
MCH2965,shroff-prabhakar,5411,groceries,Partnership,Amritsar,Punjab,,FISH8890557164281,A,"Rs. 2,028",MCH2965,5411,Partnership,Grocery,,1,0,FISH8890557164281,0,0,2028.0,0,0,2965,0,0,0,0,1
mch2969,Randhawa-Karnik,7011.0,Hotel,SOLE-PROPRIETOR,bengaluru,Karnataka,2023/07/27,,Live,₹310.59,MCH2969,7011,Sole Proprietor,Hotels & Hospitality,2023-07-27 00:00:00,0,0,,1,0,310.59,0,0,2969,0,0,0,0,1
MCH2970,GOLLA-VORA,5699,Apparel,individual,Calcutta,West Bengal,01-Feb-2025,,ACTIVE,326.25,MCH2970,5699,Individual,Clothing,2025-02-01 00:00:00,0,0,,1,0,326.25,0,0,2970,0,0,0,0,1
MCH2971,"Garg, Merchant and Kuruvilla",05699,Fashion,INDIVIDUAL,Ludhiana,Punjab,28/08/2024,,ACTIVE,-205.16,MCH2971,5699,Individual,Clothing,2024-08-28 00:00:00,0,0,,1,0,-205.16,0,1,2971,0,0,0,0,1
MCH-2973,"Bhargava, Dani and Krishnamurthy",4131,transprt,PARTNERSHIP,ludhiana,Punjab,08-30-2023,,Active,3748.31,MCH2973,4131,Partnership,Transportation,2023-08-30 00:00:00,0,0,,1,0,3748.31,0,0,2973,0,0,0,0,1
mch2975,"Bora, Mander and Dalal",5942,Books,SOLE_PROPRIETOR,chennai,Tamil Nadu,2023/09/05,,INACTIVE,3477.51,MCH2975,5942,Sole Proprietor,Books & Stationery,2023-09-05 00:00:00,0,0,,1,0,3477.51,0,0,2975,0,0,0,0,1
mch2978,Deshpande LLC,7011,Hospitality,private_limited,Lucknow,Uttar Pradesh,1675295851,XXXX0228,A,194.6,MCH2978,7011,Private Limited,Hotels & Hospitality,2023-02-01 23:57:31,0,0,XXXX0228,0,1,194.6,0,0,2978,0,0,0,0,1
MCH2979,"Kurian, Guha and Gaba",5999,Miscellaneous,INDIVIDUAL,Chennai,Tamil Nadu,1678542496,XXXX6692,Enabled,"INR 7,883.21",MCH2979,5999,Individual,Other Retail,2023-03-11 13:48:16,0,0,XXXX6692,0,1,7883.21,0,0,2979,0,0,0,0,1
MCH2980,Mander and Sons,5411,groceries,Sole Proprietor,Calcutta,West Bengal,03-Apr-2023,,A,1129.72,MCH2980,5411,Sole Proprietor,Grocery,2023-04-03 00:00:00,0,0,,1,0,1129.72,0,0,2980,0,0,0,0,1
MCH 2981,"PAREKH, ANAND AND NAGI",4131,TRAVEL,INDIVIDUAL,Amritsar,Punjab,,4706473579,Active,"₹2,350.58",MCH2981,4131,Individual,Transportation,,1,0,4706473579,0,0,2350.58,0,0,2981,1,1,1,3,5
MCH2986,  Kade-Anne  ,4131,TRAVEL,PARTNERSHIP,amritsar,Punjab,29/11/2025,,Blocked,736.81,MCH2986,4131,Partnership,Transportation,2025-11-29 00:00:00,0,0,,1,0,736.81,0,0,2986,0,0,0,0,1
mch2988,"Mangal, Gokhale and Malhotra",5812,FOOD_SERVICES,SOLE-PROPRIETOR,Mumbay,Maharashtra,1696932665,,ACTIVE,"₹3,595.96",MCH2988,5812,Sole Proprietor,Food & Restaurants,2023-10-10 10:11:05,0,0,,1,0,3595.96,0,0,2988,0,0,0,0,1
MCH2990,Nazareth Ltd,04814,TELECOM,individual,New Delhi,Delhi,,NNKA9590521959789,A,"Rs. 1,043",MCH2990,4814,Individual,Telecom,,1,0,NNKA9590521959789,0,0,1043.0,0,0,2990,1,1,0,2,2
MCH2993,"Dube, Yadav and Konda",5942,Stationery,Individual,Jaipur,Rajasthan,14/07/2025,WWQW1736251351915,A,"INR 2,422.76",MCH2993,5942,Individual,Books & Stationery,2025-07-14 00:00:00,0,0,WWQW1736251351915,0,0,2422.76,0,0,2993,0,0,0,0,1
MCH2994,Kumar PLC,4814,Mobile Recharge,sole_proprietor,jalandhar,Punjab,11-13-2024,,A,653.34,MCH2994,4814,Sole Proprietor,Telecom,2024-11-13 00:00:00,0,0,,1,0,653.34,0,0,2994,1,1,1,3,2
mch2995,  Patil Ltd  ,7011,Hotel,PRIVATE-LIMITED,amritsar,Punjab,25-Dec-2025,2612684538,Enabled,492.36,MCH2995,7011,Private Limited,Hotels & Hospitality,2025-12-25 00:00:00,0,0,2612684538,0,0,492.36,0,0,2995,1,1,1,3,2
MCH2996,Rege-Khanna,5411,Grocery,INDIVIDUAL,lucknow,Uttar Pradesh,2023/10/15,,Closed,-745.45,MCH2996,5411,Individual,Grocery,2023-10-15 00:00:00,0,0,,1,0,-745.45,0,1,2996,0,0,0,0,1
MCH2997,Nadkarni Inc,,groceries,PRIVATE-LIMITED,Hyderabad,Telangana,08/10/2025 11:15 PM,,A,INR 761.67,MCH2997,,Private Limited,Unknown,2025-10-08 23:15:00,0,0,,1,0,761.67,0,0,2997,1,1,1,3,3
MCH3002,"Dey, Chopra and Vig",5699.0,Clothing,INDIVIDUAL,Ludhiana,Punjab,27-Oct-2024,7833308029,Live,761.12,MCH3002,5699,Individual,Clothing,2024-10-27 00:00:00,0,0,7833308029,0,0,761.12,0,0,3002,0,0,0,0,1
MCH3005,"Saxena, Narain and Mander",5699,Apparel,private_limited,kolkata,West Bengal,2024/03/25,RIGO9314848159457,Inactive,1149.79,MCH3005,5699,Private Limited,Clothing,2024-03-25 00:00:00,0,0,RIGO9314848159457,0,0,1149.79,0,0,3005,0,0,0,0,1
MCH3006,BISWAS-RAM,5999,Miscellaneous,INDIVIDUAL,lucknow,Uttar Pradesh,14/08/2023,XXXX8226,Enabled,Rs. 638,MCH3006,5999,Individual,Other Retail,2023-08-14 00:00:00,0,0,XXXX8226,0,1,638.0,0,0,3006,0,0,0,0,1
MCH3008,"Datta, Sarkar and Nori",5311,Department Store,Partnership,LDH,Punjab,11-Nov-2024,,Enabled,-522.31,MCH3008,5311,Partnership,Department Stores,2024-11-11 00:00:00,0,0,,1,0,-522.31,0,1,3008,0,0,0,0,1
MCH3011,"Ahluwalia, Contractor and Comar",5311,Department Stores,SOLE-PROPRIETOR,Dilli,Delhi,11-30-2023,XXXX1217,Closed,"INR 2,626.62",MCH3011,5311,Sole Proprietor,Department Stores,2023-11-30 00:00:00,0,0,XXXX1217,0,1,2626.62,0,0,3011,0,0,0,0,1
MCH3012,Sathe LLC,misc,groceries,PRIVATE-LIMITED,Chennai,Tamil Nadu,23/10/2024 02:09 AM,,Hold,INR 448.76,MCH3012,,Private Limited,Unknown,2024-10-23 02:09:00,0,0,,1,0,448.76,0,0,3012,0,0,0,0,1
MCH3014,Nagarajan-Bandi,5311,Retail,individual,Delhi,Delhi,09/06/2025,XXXX4761,Active,3013.17,MCH3014,5311,Individual,Department Stores,2025-06-09 00:00:00,0,0,XXXX4761,0,1,3013.17,0,0,3014,0,0,0,0,1
MCH-3017,Ramanathan and Sons,05311,Department Stores,PARTNERSHIP,DELHI,Delhi,06/07/2024,,ACTIVE,-3967.02,MCH3017,5311,Partnership,Department Stores,2024-07-06 00:00:00,0,0,,1,0,-3967.02,0,1,3017,0,0,0,0,1
mch3021,"Gupta, Mukherjee and Setty",4131,Bus/Taxi,sole_proprietor,Mumbai,Maharashtra,14-Feb-2026,XXXX2366,ACTIVE,INR 614.86,MCH3021,4131,Sole Proprietor,Transportation,2026-02-14 00:00:00,0,0,XXXX2366,0,1,614.86,0,0,3021,1,1,0,2,2
3023,Arora LLC,7011,hospitality,individual,bengaluru,Karnataka,03/02/2025,,Suspended,"INR 1,722.88",3023,7011,Individual,Hotels & Hospitality,2025-02-03 00:00:00,0,0,,1,0,1722.88,0,0,3023,1,1,1,3,3
MCH 3024,Kade-Bhatia,5812.0,eating place,Partnership,New Delhi,Delhi,2025-09-22 17:31:43,,A,"Rs. 2,093",MCH3024,5812,Partnership,Food & Restaurants,2025-09-22 17:31:43,0,0,,1,0,2093.0,0,0,3024,0,0,0,0,1
MCH3025,"Sachdeva, Bora and Hegde",04131,Transport,Private Limited,pune,Maharashtra,15/08/2024,3805315664,A,611.84,MCH3025,4131,Private Limited,Transportation,2024-08-15 00:00:00,0,0,3805315664,0,0,611.84,0,0,3025,0,0,0,0,1
MCH3029,Sarma PLC,4131,transprt,SOLE_PROPRIETOR,Bombay,Maharashtra,15/06/2024,1403660080,A,163.28,MCH3029,4131,Sole Proprietor,Transportation,2024-06-15 00:00:00,0,0,1403660080,0,0,163.28,0,0,3029,1,1,0,2,2
MCH3030,"Sengupta, Bhagat and Kota",5942,Stationery,Private Limited,chennai,Tamil Nadu,09-07-2025,,Enabled,INR 194.19,MCH3030,5942,Private Limited,Books & Stationery,2025-09-07 00:00:00,0,0,,1,0,194.19,0,0,3030,0,0,0,0,1
MCH 3031,Morar and Sons,5411,groceries,Individual,Pune,Maharashtra,23/04/2025,,Enabled,"₹4,053.43",MCH3031,5411,Individual,Grocery,2025-04-23 00:00:00,0,0,,1,0,4053.43,0,0,3031,0,0,0,0,1
MCH3037,Wagle Ltd,5411,Grocery Stores,individual,Hyderabad,Telangana,30-Jan-2026,XXXX1382,ACTIVE,2391.24,MCH3037,5411,Individual,Grocery,2026-01-30 00:00:00,0,0,XXXX1382,0,1,2391.24,0,0,3037,0,1,1,2,3
MCH3039,Murty Inc,5411.0,Grocery Stores,INDIVIDUAL,Dilli,Delhi,1701592461,SVKA2268543185915,Enabled,1465.47,MCH3039,5411,Individual,Grocery,2023-12-03 08:34:21,0,0,SVKA2268543185915,0,0,1465.47,0,0,3039,0,0,0,0,1
mch3040,"Dhar, Kunda and Desai",05411,GROCERY_STORE,partnership,jaipur,Rajasthan,2025/03/05,,ACTIVE,Rs. 267,MCH3040,5411,Partnership,Grocery,2025-03-05 00:00:00,0,0,,1,0,267.0,0,0,3040,0,0,0,0,1
mch3044,Gupta PLC,5942,Stationery,sole_proprietor,BLR,Karnataka,27/04/2023,,Inactive,INR 582.54,MCH3044,5942,Sole Proprietor,Books & Stationery,2023-04-27 00:00:00,0,0,,1,0,582.54,0,0,3044,0,0,0,0,1
MCH3046,Walla PLC,5942,Book Store,Private Limited,Jalandhar,Punjab,12-03-2023,DJCZ8193007555479,Hold,6756.54,MCH3046,5942,Private Limited,Books & Stationery,2023-12-03 00:00:00,0,0,DJCZ8193007555479,0,0,6756.54,0,0,3046,0,0,0,0,1
MCH-3048,Kala Group,7011,Hotels,PRIVATE_LIMITED,jaipur,Rajasthan,11-11-2023,,Enabled,₹613.58,MCH3048,7011,Private Limited,Hotels & Hospitality,2023-11-11 00:00:00,0,0,,1,0,613.58,0,0,3048,0,0,0,0,1
MCH3051,Hora-Mahajan,5699.0,garments,Private Limited,Jaipur,Rajasthan,04/03/2023,,Live,"3,699.21",MCH3051,5699,Private Limited,Clothing,2023-03-04 00:00:00,0,0,,1,0,3699.21,0,0,3051,0,0,0,0,1
MCH-3055,"Batta, Sha and Dugar",7011,Hotel,private_limited,Madras,Tamil Nadu,18/08/2025 05:51 PM,XXXX2455,Enabled,₹262.10,MCH3055,7011,Private Limited,Hotels & Hospitality,2025-08-18 17:51:00,0,0,XXXX2455,0,1,262.1,0,0,3055,0,0,0,0,1
MCH3057,Nagy-Banik,05311,Department Stores,PARTNERSHIP,kolkata,West Bengal,2024/03/15,PCQH3034924487610,ACTIVE,764.15,MCH3057,5311,Partnership,Department Stores,2024-03-15 00:00:00,0,0,PCQH3034924487610,0,0,764.15,0,0,3057,0,0,0,0,1
MCH 3058,Patla-Padmanabhan,5942,Books,individual,Pune,Maharashtra,2024/10/18,OBXD4944464643223,Enabled,974.77,MCH3058,5942,Individual,Books & Stationery,2024-10-18 00:00:00,0,0,OBXD4944464643223,0,1,974.77,0,0,3058,0,0,0,0,1
MCH3060,Deep-Tata,5311,DEPT_STORE,INDIVIDUAL,ASR,Punjab,17-Apr-2023,,Enabled,-2601.81,MCH3060,5311,Individual,Department Stores,2023-04-17 00:00:00,0,0,,1,0,-2601.81,0,1,3060,0,0,0,0,1
MCH3061,Viswanathan Ltd,05942,BOOKS_STATIONERY,PRIVATE_LIMITED,Lucknow,Uttar Pradesh,25/04/2025,,I,574.59,MCH3061,5942,Private Limited,Books & Stationery,2025-04-25 00:00:00,0,0,,1,0,574.59,0,0,3061,1,1,1,3,3
MCH3063,Bansal Inc,04131,Transport,INDIVIDUAL,JPR,Rajasthan,2025/07/02,,I,282.67,MCH3063,4131,Individual,Transportation,2025-07-02 00:00:00,0,0,,1,0,282.67,0,0,3063,0,0,0,0,1
MCH3069,MAGAR INC,5699,Fashion,Individual,Mumbay,Maharashtra,10-18-2024,,Enabled,"5,346.85",MCH3069,5699,Individual,Clothing,2024-10-18 00:00:00,0,0,,1,0,5346.85,0,0,3069,0,0,0,0,1
MCH3070,"Patel, Sandal and Sinha",4814.0,TELECOM,Individual,Hyderabad,Telangana,09-18-2025,XXXX6846,Live,"₹1,706.27",MCH3070,4814,Individual,Telecom,2025-09-18 00:00:00,0,0,XXXX6846,0,1,1706.27,0,0,3070,1,1,1,3,2
MCH3071,Misra-Padmanabhan,MCC-5812,Restaurants,SOLE_PROPRIETOR,ludhiana,Punjab,2024-07-24 08:52:44,IJYT4830685989652,Live,,MCH3071,5812,Sole Proprietor,Food & Restaurants,2024-07-24 08:52:44,0,0,IJYT4830685989652,0,0,,1,0,3071,0,0,0,0,1
MCH3072,Vora-Soman,5699,Clothing,individual,ASR,Punjab,1770955459,DNMO7101498768595,Live,1993.93,MCH3072,5699,Individual,Clothing,2026-02-13 04:04:19,0,0,DNMO7101498768595,0,0,1993.93,0,0,3072,1,1,1,3,3
MCH-3075,Setty Ltd,5411,Grocery Stores,Private Limited,Mumbay,Maharashtra,,,Active,1370.51,MCH3075,5411,Private Limited,Grocery,,1,0,,1,0,1370.51,0,0,3075,1,1,0,2,2
MCH3077,  Warrior Ltd  ,4131.0,transprt,PARTNERSHIP,Kolkata,West Bengal,04-02-2023,,Active,1448.69,MCH3077,4131,Partnership,Transportation,2023-04-02 00:00:00,0,0,,1,0,1448.69,0,0,3077,0,0,0,0,1
MCH3078,"gandhi, rout and sankaran",7011,Hotel,SOLE-PROPRIETOR,Bengaluru,Karnataka,2023-07-10 04:10:18,,Live,₹752.09,MCH3078,7011,Sole Proprietor,Hotels & Hospitality,2023-07-10 04:10:18,0,0,,1,0,752.09,0,0,3078,0,0,0,0,1
MCH3079,"Bobal, Balay and Batra",7011,Hotel,Private Limited,Bengaluru,Karnataka,,XXXX1002,Enabled,486.3,MCH3079,7011,Private Limited,Hotels & Hospitality,,1,0,XXXX1002,0,1,486.3,0,0,3079,1,1,0,2,2
MCH-3080,lad-soman,05411,groceries,SOLE_PROPRIETOR,jalandhar,Punjab,1733059372,,Live,-152.69,MCH3080,5411,Sole Proprietor,Grocery,2024-12-01 13:22:52,0,0,,1,0,-152.69,0,1,3080,0,0,0,0,1
mch3081,"Anne, Choudhry and Nanda",5912,MEDICAL_STORE,Partnership,Hyderabad,Telangana,23/12/2024,4317690840,Active,Rs. 590,MCH3081,5912,Partnership,Pharmacy & Medical,2024-12-23 00:00:00,0,0,4317690840,0,0,590.0,0,0,3081,0,0,0,0,1
MCH3084,Mani-Chowdhury,5699.0,CLOTHS,PARTNERSHIP,Hyd,Telangana,27/09/2023 01:37 AM,,A,1594.62,MCH3084,5699,Partnership,Clothing,2023-09-27 01:37:00,0,0,,1,0,1594.62,0,0,3084,0,0,0,0,1
MCH3085,"SARKAR, MEMON AND MAND",,Bus/Taxi,individual,Poona,Maharashtra,16-Jul-2025,,Enabled,-1826.45,MCH3085,,Individual,Unknown,2025-07-16 00:00:00,0,0,,1,0,-1826.45,0,1,3085,1,1,1,3,4
MCH 3086,Pant Inc,5812,Food,PRIVATE-LIMITED,chennai,Tamil Nadu,2023-10-13 11:54:24,XXXX6152,Active,287.52,MCH3086,5812,Private Limited,Food & Restaurants,2023-10-13 11:54:24,0,0,XXXX6152,0,1,287.52,0,0,3086,1,1,1,3,2
MCH3088,Suresh LLC,5411,Grocery,partnership,chennai,Tamil Nadu,2024/03/08,,Enabled,"INR 4,739.60",MCH3088,5411,Partnership,Grocery,2024-03-08 00:00:00,0,0,,1,0,4739.6,0,0,3088,0,0,0,0,1
MCH3089,Tata PLC,5942,Stationery,SOLE_PROPRIETOR,Jalandhar,Punjab,30/08/2025,XXXX2474,Active,-2328.32,MCH3089,5942,Sole Proprietor,Books & Stationery,2025-08-30 00:00:00,0,0,XXXX2474,0,1,-2328.32,0,1,3089,0,0,0,0,1
MCH3092,"Dutta, Vasa and Jayaraman",5999,Miscellaneous,Private Limited,Amritsar,Punjab,,4110907056,Active,"₹1,605.55",MCH3092,5999,Private Limited,Other Retail,,1,0,4110907056,0,0,1605.55,0,0,3092,0,0,0,0,1
MCH-3093,Keer Inc,4814,Mobile Recharge,Individual,Jalandhar,Punjab,,5623610175,INACTIVE,-881.76,MCH3093,4814,Individual,Telecom,,1,0,5623610175,0,0,-881.76,0,1,3093,1,1,1,3,3
MCH3094,Bali Inc,4814,Mobile Recharge,sole_proprietor,Jalandhar,Punjab,,REUR1699185299963,Enabled,,MCH3094,4814,Sole Proprietor,Telecom,,1,0,REUR1699185299963,0,0,,1,0,3094,1,1,1,3,2
MCH3095,HANS-SHAN,5999,Misc Retail,Partnership,Calcutta,West Bengal,05-28-2024,9222512011,Live,"1,208.82",MCH3095,5999,Partnership,Other Retail,2024-05-28 00:00:00,0,0,9222512011,0,0,1208.82,0,0,3095,0,0,0,0,1
MCH3096,"Pradhan, Anne and Dhillon",5812,Food,INDIVIDUAL,kolkata,West Bengal,25-Feb-2025,XXXX9447,A,,MCH3096,5812,Individual,Food & Restaurants,2025-02-25 00:00:00,0,0,XXXX9447,0,1,,1,0,3096,0,0,0,0,1
MCH3099,Peri-Parmer,05699,garments,PARTNERSHIP,DELHI,Delhi,22/06/2024,,Live,"2,046.10",MCH3099,5699,Partnership,Clothing,2024-06-22 00:00:00,0,0,,1,0,2046.1,0,0,3099,0,0,0,0,1
MCH3105,Bandi PLC,5311.0,Department Stores,sole_proprietor,Mumbay,Maharashtra,1767597204,1280850023,ACTIVE,1578.41,MCH3105,5311,Sole Proprietor,Department Stores,2026-01-05 07:13:24,0,0,1280850023,0,0,1578.41,0,0,3105,0,0,0,0,1
MCH3107,KAPOOR INC,,Medical,partnership,pune,Maharashtra,10-28-2023,7807494643,Live,-1009.16,MCH3107,,Partnership,Unknown,2023-10-28 00:00:00,0,0,7807494643,0,0,-1009.16,0,1,3107,0,0,0,0,1
mch3111,Cherian-G0swami,,Telecom,PRIVATE_LIMITED,Bengaluru,Karnataka,,,Live,1311.29,MCH3111,,Private Limited,Unknown,,1,0,,1,0,1311.29,0,0,3111,0,0,0,0,1
MCH3119,CHANA-DESHMUKH,05311,Department Stores,PRIVATE_LIMITED,Hyderabad,Telangana,02/12/2024,,Live,"Rs. 4,993",MCH3119,5311,Private Limited,Department Stores,2024-12-02 00:00:00,0,0,,1,0,4993.0,0,0,3119,0,0,0,0,1
MCH3122,"TOOR, KUNDA AND MUNSHI",5942,Stationery,partnership,Mumbay,Maharashtra,14/04/2025 09:07 PM,3432360123,Active,₹797.24,MCH3122,5942,Partnership,Books & Stationery,2025-04-14 21:07:00,0,0,3432360123,0,0,797.24,0,0,3122,1,1,1,3,3
MCH3123,"Hegde, Bahl and Comar",,TRAVEL,Private Limited,New Delhi,Delhi,01-Jun-2023,0540867962,A,2133.64,MCH3123,,Private Limited,Unknown,2023-06-01 00:00:00,0,0,0540867962,0,0,2133.64,0,0,3123,0,0,0,0,1
MCH3125,Din-Dara,05699,CLOTHS,partnership,delhi,Delhi,15/11/2025,NBXZ1237892442741,Active,"INR 3,672.47",MCH3125,5699,Partnership,Clothing,2025-11-15 00:00:00,0,0,NBXZ1237892442741,0,1,3672.47,0,0,3125,0,0,0,0,1
MCH3129,"Ghose,HariandGarde",5411,GROCERY_STORE,SOLE_PROPRIETOR,Ludhiana,Punjab,27/06/2025 03:24 AM,GWXI4589298577824,Live,"1,908.27",MCH3129,5411,Sole Proprietor,Grocery,2025-06-27 03:24:00,0,0,GWXI4589298577824,0,1,1908.27,0,0,3129,0,0,0,0,1
MCH3130,"arora, karnik and sarraf",5942,Book Store,SOLE-PROPRIETOR,Calcutta,West Bengal,2023-07-10 21:24:05,,INACTIVE,1573.29,MCH3130,5942,Sole Proprietor,Books & Stationery,2023-07-10 21:24:05,0,0,,1,0,1573.29,0,0,3130,0,0,0,0,1
MCH-3134,Rajan PLC,5311,DEPT_STORE,Individual,Jaipur,Rajasthan,1727657360,YYBA4456378455566,Active,Rs. 993,MCH3134,5311,Individual,Department Stores,2024-09-30 00:49:20,0,0,YYBA4456378455566,0,0,993.0,0,0,3134,0,0,0,0,1
mch3139,"Dhar, Kumar and Sawhney",5699,garments,PARTNERSHIP,Pune,Maharashtra,24/01/2025,XXXX0682,Disabled,"₹2,338.90",MCH3139,5699,Partnership,Clothing,2025-01-24 00:00:00,0,0,XXXX0682,0,1,2338.9,0,0,3139,1,1,1,3,3
MCH3140,"Zachariah,RajagopalandSamra",4814,TELECOM,private_limited,amritsar,Punjab,2023-09-04 17:37:45,,ACTIVE,363.21,MCH3140,4814,Private Limited,Telecom,2023-09-04 17:37:45,0,0,,1,0,363.21,0,0,3140,1,1,1,3,2
MCH3142,"dugar, merchant and kala",5942,Books,private_limited,JPR,Rajasthan,1704098807,CUQS1241290775925,Live,619.08,MCH3142,5942,Private Limited,Books & Stationery,2024-01-01 08:46:47,0,0,CUQS1241290775925,0,0,619.08,0,0,3142,0,0,0,0,1
MCH3143,"ZACHARIA, BUCH AND YADAV",05311,DEPT_STORE,PARTNERSHIP,Hyderabad,Telangana,13/03/2023,UMIZ4082572641807,Live,"Rs. 4,822",MCH3143,5311,Partnership,Department Stores,2023-03-13 00:00:00,0,0,UMIZ4082572641807,0,0,4822.0,0,0,3143,0,0,0,0,1
MCH3144,raval-korpal,MCC-7011,Hotels,PARTNERSHIP,New Delhi,Delhi,,,Live,1879.74,MCH3144,7011,Partnership,Hotels & Hospitality,,1,0,,1,0,1879.74,0,0,3144,0,0,0,0,1
MCH3145,Chaudry and Sons,5311.0,Department Store,individual,bengaluru,Karnataka,01-29-2026,,Enabled,,MCH3145,5311,Individual,Department Stores,2026-01-29 00:00:00,0,0,,1,0,,1,0,3145,0,0,0,0,1
MCH3146,Batta-Sharaf,4131,Transport,individual,Poona,Maharashtra,02/10/2024,MHGR0082109008102,Live,₹898.04,MCH3146,4131,Individual,Transportation,2024-10-02 00:00:00,0,0,MHGR0082109008102,0,0,898.04,0,0,3146,0,0,0,0,1
MCH3147,Acharya-Uppal,4131,TRAVEL,individual,Madras,Tamil Nadu,10/02/2024 02:28 AM,1420771239,ACTIVE,Rs. 343,MCH3147,4131,Individual,Transportation,2024-02-10 02:28:00,0,0,1420771239,0,0,343.0,0,0,3147,0,0,1,1,2
MCH3148,RaoLtd,4814.0,Telecom,Individual,DELHI,Delhi,16-Jan-2023,,Live,"₹1,684.65",MCH3148,4814,Individual,Telecom,2023-01-16 00:00:00,0,0,,1,0,1684.65,0,0,3148,0,0,0,0,1
MCH3154,Bhardwaj Ltd,MCC-4131,Transport,individual,Bombay,Maharashtra,1730099731,XXXX9089,Inactive,633.37,MCH3154,4131,Individual,Transportation,2024-10-28 07:15:31,0,0,XXXX9089,0,1,633.37,0,0,3154,0,0,0,0,1
MCH 3155,Agarwal Ltd,5311,DEPT_STORE,PARTNERSHIP,Madras,Tamil Nadu,2023-11-23 15:28:55,,Enabled,1414.89,MCH3155,5311,Partnership,Department Stores,2023-11-23 15:28:55,0,0,,1,0,1414.89,0,0,3155,0,0,0,0,1
MCH3156,"Bal, Deo and Kala",5999,Miscellaneous,partnership,lucknow,Uttar Pradesh,,8908434715,ACTIVE,"Rs. 2,486",MCH3156,5999,Partnership,Other Retail,,1,0,8908434715,0,0,2486.0,0,0,3156,0,0,0,0,1
MCH3161,Mittal-Bawa,5999.0,Other,private_limited,Jalandar,Punjab,1680361598,,A,"₹2,703.14",MCH3161,5999,Private Limited,Other Retail,2023-04-01 15:06:38,0,0,,1,0,2703.14,0,0,3161,0,0,0,0,1
MCH3163,Dada-Kalita,05912,chemist,PARTNERSHIP,Hyd,Telangana,16-Jan-2026,,Live,963.91,MCH3163,5912,Partnership,Pharmacy & Medical,2026-01-16 00:00:00,0,0,,1,0,963.91,0,0,3163,1,1,1,3,3
MCH3167,"grewal, biswas and naidu",5411,Grocery Stores,SOLE_PROPRIETOR,JPR,Rajasthan,02-19-2024,,Active,2704.22,MCH3167,5411,Sole Proprietor,Grocery,2024-02-19 00:00:00,0,0,,1,0,2704.22,0,0,3167,0,0,0,0,1
MCH-3172,KumarandSons,5311.0,Department Store,partnership,Amritsar,Punjab,2026/01/14,,Live,3144.22,MCH3172,5311,Partnership,Department Stores,2026-01-14 00:00:00,0,0,,1,0,3144.22,0,0,3172,1,1,1,3,2
3176,Gera Inc,4814.0,phone service,private_limited,Lucknow,Uttar Pradesh,10/03/2024,RGRY9601657474373,ACTIVE,1047.58,3176,4814,Private Limited,Telecom,2024-03-10 00:00:00,0,0,RGRY9601657474373,0,0,1047.58,0,0,3176,0,0,0,0,1
mch3177,"Ping1e, Ra0 and Varty",4131,TRAVEL,individual,Calcutta,West Bengal,2025-04-19 12:39:17,XXXX0077,S,"₹1,840.14",MCH3177,4131,Individual,Transportation,2025-04-19 12:39:17,0,0,XXXX0077,0,1,1840.14,0,0,3177,1,1,1,3,2
MCH3178,GanesanGroup,5699,Clothing,Individual,New Delhi,Delhi,01-Dec-2025,,A,Rs. 136,MCH3178,5699,Individual,Clothing,2025-12-01 00:00:00,0,0,,1,0,136.0,0,0,3178,0,0,0,0,1
mch3179,"Sarma, Singh and Char",5311,DEPT_STORE,INDIVIDUAL,Hyderabad,Telangana,,,Active,1817.49,MCH3179,5311,Individual,Department Stores,,1,0,,1,0,1817.49,0,0,3179,1,1,1,3,2
MCH3180,Sanghvi and S0ns,5912,chemist,PRIVATE_LIMITED,Dilli,Delhi,06-03-2023,XXXX6774,Enabled,"Rs. 2,608",MCH3180,5912,Private Limited,Pharmacy & Medical,2023-06-03 00:00:00,0,0,XXXX6774,0,1,2608.0,0,0,3180,0,0,0,0,1
3181,"Kothari, Sengupta and Sandal",4131,Bus/Taxi,PRIVATE_LIMITED,Lucknow,Uttar Pradesh,06/12/2025 11:52 PM,,Live,"₹9,001.75",3181,4131,Private Limited,Transportation,2025-12-06 23:52:00,0,0,,1,0,9001.75,0,0,3181,0,0,0,0,1
MCH3184,"Sane, Dhawan and Prabhakar",4814,Telecom,INDIVIDUAL,MUMBAI,Maharashtra,09/12/2023,,Active,1192.54,MCH3184,4814,Individual,Telecom,2023-12-09 00:00:00,0,0,,1,0,1192.54,0,0,3184,0,0,0,0,1
MCH3187,"Mand, Singhal and Raman",5912,Pharmacy,Sole Proprietor,Calcutta,West Bengal,1689059422,ZOEN9168175383897,ACTIVE,"4,276.66",MCH3187,5912,Sole Proprietor,Pharmacy & Medical,2023-07-11 07:10:22,0,0,ZOEN9168175383897,0,0,4276.66,0,0,3187,0,0,0,0,1
MCH3189,Prasad Inc,4814,Telecom,individual,Lucknow,Uttar Pradesh,30/07/2025,,Live,"₹2,516.09",MCH3189,4814,Individual,Telecom,2025-07-30 00:00:00,0,0,,1,0,2516.09,0,0,3189,1,1,1,3,4
MCH 3191,Dhawan-Warrior,4131,Bus/Taxi,SOLE-PROPRIETOR,HYDERABAD,Telangana,1726103358,,Active,"1,885.90",MCH3191,4131,Sole Proprietor,Transportation,2024-09-12 01:09:18,0,0,,1,0,1885.9,0,0,3191,0,0,0,0,1
3199,deshmukh-karnik,5311,Department Stores,PARTNERSHIP,Jaipur,Rajasthan,2023/08/10,GHWA0359999214011,Active,2251.19,3199,5311,Partnership,Department Stores,2023-08-10 00:00:00,0,0,GHWA0359999214011,0,0,2251.19,0,0,3199,0,0,0,0,1
mch3201,BAHL AND SONS,05942,Book Store,sole_proprietor,ASR,Punjab,05-27-2024,4264935431,A,576.96,MCH3201,5942,Sole Proprietor,Books & Stationery,2024-05-27 00:00:00,0,0,4264935431,0,0,576.96,0,0,3201,0,0,0,0,1
MCH3203,Randhawa-Pant,5311,Retail,PARTNERSHIP,jaipur,Rajasthan,2024-12-16 07:20:41,XXXX9443,ACTIVE,,MCH3203,5311,Partnership,Department Stores,2024-12-16 07:20:41,0,0,XXXX9443,0,1,,1,0,3203,0,0,0,0,1
mch3206,Ahuja-Din,5311,Retail,sole_proprietor,Hyderabad,Telangana,1768139454,XXXX4117,Active,"Rs. 1,244",MCH3206,5311,Sole Proprietor,Department Stores,2026-01-11 13:50:54,0,0,XXXX4117,0,1,1244.0,0,0,3206,1,1,1,3,2
MCH3207,"Gala, Khatri and Khalsa",5912,chemist,partnership,amritsar,Punjab,2024/04/23,7398854821,A,INR 929.51,MCH3207,5912,Partnership,Pharmacy & Medical,2024-04-23 00:00:00,0,0,7398854821,0,0,929.51,0,0,3207,0,0,0,0,1
MCH3211,"Mani, Hora and Hayer",5912.0,Pharmacy,private_limited,bengaluru,Karnataka,2026/01/31,SYDI3812560844687,Active,3678.27,MCH3211,5912,Private Limited,Pharmacy & Medical,2026-01-31 00:00:00,0,0,SYDI3812560844687,0,0,3678.27,0,0,3211,0,0,0,0,1
MCH3212,Merchant LLC,5999,Miscellaneous,Private Limited,bengaluru,Karnataka,2023-07-06 11:16:53,9377229545,A,980.37,MCH3212,5999,Private Limited,Other Retail,2023-07-06 11:16:53,0,0,9377229545,0,0,980.37,0,0,3212,0,0,0,0,1
MCH3214,Dubey Inc,4131,transprt,INDIVIDUAL,Bangalore,Karnataka,24/07/2024 12:45 AM,1238686450,ACTIVE,"Rs. 2,052",MCH3214,4131,Individual,Transportation,2024-07-24 00:45:00,0,0,1238686450,0,0,2052.0,0,0,3214,0,0,0,0,1
3216,K0thari-Bhatia,05411,Grocery Stores,SOLE-PROPRIETOR,HYDERABAD,Telangana,28/01/2025 12:09 PM,3754349166,ACTIVE,"INR 1,987.15",3216,5411,Sole Proprietor,Grocery,2025-01-28 12:09:00,0,0,3754349166,0,0,1987.15,0,0,3216,0,0,0,0,1
MCH3218,"KEER, SONI AND DESHPANDE",5912,chemist,sole_proprietor,Bombay,Maharashtra,03-10-2024,8214766650,Enabled,3727.56,MCH3218,5912,Sole Proprietor,Pharmacy & Medical,2024-03-10 00:00:00,0,0,8214766650,0,0,3727.56,0,0,3218,0,0,0,0,1
mch3219,Aggarwal Group,5311,Department Store,PARTNERSHIP,LKO,Uttar Pradesh,08-29-2025,RNPG2912069741191,Active,1058.64,MCH3219,5311,Partnership,Department Stores,2025-08-29 00:00:00,0,0,RNPG2912069741191,0,0,1058.64,0,0,3219,0,0,0,0,1
MCH3221,Baria-Dube,7011,Hotels,Sole Proprietor,Kolkata,West Bengal,,CKDG4069954350716,Disabled,338.34,MCH3221,7011,Sole Proprietor,Hotels & Hospitality,,1,0,CKDG4069954350716,0,0,338.34,0,0,3221,0,0,0,0,1
MCH3229,Keer-Kale,5912,Pharmacy,sole_proprietor,Mumbay,Maharashtra,1709156400,UDDZ7214972649948,Active,276.23,MCH3229,5912,Sole Proprietor,Pharmacy & Medical,2024-02-28 21:40:00,0,0,UDDZ7214972649948,0,0,276.23,0,0,3229,0,0,0,0,1
MCH3231,Gokhale Group,5411,Grocery,INDIVIDUAL,Jalandhar,Punjab,,,Enabled,Rs. 205,MCH3231,5411,Individual,Grocery,,1,0,,1,0,205.0,0,0,3231,0,0,0,0,1
MCH 3232,"Sarraf,ChaudhuriandAcharya",5812,FOOD_SERVICES,SOLE_PROPRIETOR,kolkata,West Bengal,29-May-2024,,ACTIVE,,MCH3232,5812,Sole Proprietor,Food & Restaurants,2024-05-29 00:00:00,0,0,,1,0,,1,0,3232,0,1,1,2,2
MCH 3233,"Dada, Pingle and Date",5699,Fashion,INDIVIDUAL,Poona,Maharashtra,23/11/2025,,Disabled,"5,434.84",MCH3233,5699,Individual,Clothing,2025-11-23 00:00:00,0,0,,1,0,5434.84,0,0,3233,0,0,0,0,1
MCH 3234,Lad Inc,,Mobile Recharge,individual,Calcutta,West Bengal,2024/02/21,LTGH4419649542857,Enabled,-9763.29,MCH3234,,Individual,Unknown,2024-02-21 00:00:00,0,0,LTGH4419649542857,0,0,-9763.29,0,1,3234,0,0,0,0,1
MCH3237,Gaba Inc,5999,Miscellaneous,SOLE-PROPRIETOR,Delhi,Delhi,06/03/2023 03:03 PM,YPVB7296650386869,A,,MCH3237,5999,Sole Proprietor,Other Retail,2023-03-06 15:03:00,0,0,YPVB7296650386869,0,0,,1,0,3237,0,0,1,1,2
mch3240,"roy, dash and bobal",5411,GROCERY_STORE,Partnership,Pune,Maharashtra,13-Nov-2023,CMDO7903517998811,Live,1077.02,MCH3240,5411,Partnership,Grocery,2023-11-13 00:00:00,0,0,CMDO7903517998811,0,0,1077.02,0,0,3240,0,0,0,0,1
3242,"upadhyay, dash and vaidya",5999.0,Misc Retail,PARTNERSHIP,JPR,Rajasthan,,,Live,"₹1,731.73",3242,5999,Partnership,Other Retail,,1,0,,1,0,1731.73,0,0,3242,0,0,0,0,1
MCH3244,Murthy Group,5912,MEDICAL_STORE,PRIVATE_LIMITED,Jalandar,Punjab,2025-03-07 05:29:26,,Active,"INR 3,366.47",MCH3244,5912,Private Limited,Pharmacy & Medical,2025-03-07 05:29:26,0,0,,1,0,3366.47,0,0,3244,0,0,0,0,1
MCH3247,  Nagarajan-Shan  ,,Pharmacy,INDIVIDUAL,Chennai,Tamil Nadu,07/04/2025 09:55 PM,5730507447,Disabled,"2,666.23",MCH3247,,Individual,Unknown,2025-04-07 21:55:00,0,0,5730507447,0,0,2666.23,0,0,3247,0,0,0,0,1
MCH3250,Bose-Kalita,5311,Department Stores,Sole Proprietor,MUMBAI,Maharashtra,,,I,"1,514.47",MCH3250,5311,Sole Proprietor,Department Stores,,1,0,,1,0,1514.47,0,0,3250,0,0,0,0,1
MCH3251,BALAN-KUNDA,5411,Grocery,INDIVIDUAL,LDH,Punjab,14/12/2024,,Enabled,"₹3,266.06",MCH3251,5411,Individual,Grocery,2024-12-14 00:00:00,0,0,,1,0,3266.06,0,0,3251,0,0,0,0,1
MCH 3252,"Patel, Saran and Bala",5699,garments,Individual,Poona,Maharashtra,06-18-2023,4243165999,Enabled,1917.91,MCH3252,5699,Individual,Clothing,2023-06-18 00:00:00,0,0,4243165999,0,0,1917.91,0,0,3252,0,0,0,0,1
mch3253,Khatri-Krishnamurthy,5942.0,Books,partnership,LKO,Uttar Pradesh,1702976322,,Enabled,"₹2,086.58",MCH3253,5942,Partnership,Books & Stationery,2023-12-19 08:58:42,0,0,,1,0,2086.58,0,0,3253,0,0,0,0,1
mch3254,"Chanda, Maharaj and Chandra",4131,Transportation,Partnership,Hyd,Telangana,03-Nov-2025,TXWB1746078464859,Enabled,1842.04,MCH3254,4131,Partnership,Transportation,2025-11-03 00:00:00,0,0,TXWB1746078464859,0,1,1842.04,0,0,3254,1,0,1,2,2
MCH3255,"  Shah, Kala and Sarraf  ",7011,Hotels,PRIVATE-LIMITED,Jalandhar,Punjab,06-09-2024,XXXX8773,A,Rs. 807,MCH3255,7011,Private Limited,Hotels & Hospitality,2024-06-09 00:00:00,0,0,XXXX8773,0,1,807.0,0,0,3255,0,0,0,0,1
MCH3256,"Patil, Tripathi and Seshadri",5942,Books,partnership,ludhiana,Punjab,2025/02/11,0074721461,A,4035.32,MCH3256,5942,Partnership,Books & Stationery,2025-02-11 00:00:00,0,0,0074721461,0,0,4035.32,0,0,3256,0,0,0,0,1
MCH3259,Deep and Sons,05912,pharmacies,partnership,DELHI,Delhi,,7747336061,A,308.57,MCH3259,5912,Partnership,Pharmacy & Medical,,1,0,7747336061,0,0,308.57,0,0,3259,1,1,1,3,3
MCH3260,Viswanathan Inc,4131,Transport,Individual,ASR,Punjab,1758738791,,Disabled,"2,698.89",MCH3260,4131,Individual,Transportation,2025-09-24 18:33:11,0,0,,1,0,2698.89,0,0,3260,1,0,1,2,2
MCH3263,SARNA-CHAUHAN,5812,FOOD_SERVICES,sole_proprietor,LKO,Uttar Pradesh,05-18-2025,4897875203,Live,"₹2,348.10",MCH3263,5812,Sole Proprietor,Food & Restaurants,2025-05-18 00:00:00,0,0,4897875203,0,0,2348.1,0,0,3263,1,1,1,3,2
mch3264,"Narayanan, Krishnan and Bail",05411,Grocery Stores,SOLE-PROPRIETOR,JPR,Rajasthan,25-Mar-2025,XXXX4525,Active,"3,885.91",MCH3264,5411,Sole Proprietor,Grocery,2025-03-25 00:00:00,0,0,XXXX4525,0,1,3885.91,0,0,3264,1,0,0,1,2
MCH3265,"PRAKASH, WABLE AND GANESH",misc,TELECOM,INDIVIDUAL,Jaipur,Rajasthan,11-13-2025,,Inactive,"Rs. 1,446",MCH3265,,Individual,Unknown,2025-11-13 00:00:00,0,0,,1,0,1446.0,0,0,3265,1,1,1,3,3
mch3266,"Lalla, Baral and Pau",5311,Department Store,private_limited,Chennai,Tamil Nadu,17/09/2025 12:56 PM,ZAAY3109374136824,ACTIVE,"1,627.34",MCH3266,5311,Private Limited,Department Stores,2025-09-17 12:56:00,0,0,ZAAY3109374136824,0,0,1627.34,0,0,3266,0,0,0,0,1
MCH3267,  Balasubramanian-Butala  ,UNKNOWN,CLOTHS,INDIVIDUAL,Chennai,Tamil Nadu,20/10/2025,XXXX4438,A,1843.39,MCH3267,,Individual,Unknown,2025-10-20 00:00:00,0,0,XXXX4438,0,1,1843.39,0,0,3267,1,1,1,3,2
MCH3268,Kadakia-Rajan,5699,Clothing,SOLE-PROPRIETOR,Pune,Maharashtra,1731767063,,ACTIVE,2055.32,MCH3268,5699,Sole Proprietor,Clothing,2024-11-16 14:24:23,0,0,,1,0,2055.32,0,0,3268,0,0,0,0,1
MCH3269,Kara-Ramaswamy,,eating place,Partnership,Poona,Maharashtra,07-Dec-2023,,Enabled,"₹1,481.00",MCH3269,,Partnership,Unknown,2023-12-07 00:00:00,0,0,,1,0,1481.0,0,0,3269,0,0,0,0,1
mch3270,"CHOKSHI, DASH AND SRIVASTAVA",4131,Transport,PARTNERSHIP,Chennai,Tamil Nadu,2024/10/07,,Active,"₹1,910.46",MCH3270,4131,Partnership,Transportation,2024-10-07 00:00:00,0,0,,1,0,1910.46,0,0,3270,0,0,0,0,1
MCH3272,Gera Group,5699.0,CLOTHS,sole_proprietor,chennai,Tamil Nadu,04/03/2023 12:44 PM,EMXM6349169987807,Enabled,"2,272.01",MCH3272,5699,Sole Proprietor,Clothing,2023-03-04 12:44:00,0,0,EMXM6349169987807,0,1,2272.01,0,0,3272,0,0,0,0,1
mch3274,Sen-Chawla,5311,DEPT_STORE,PRIVATE-LIMITED,Chennai,Tamil Nadu,02-25-2023,8919947096,Active,-1472.57,MCH3274,5311,Private Limited,Department Stores,2023-02-25 00:00:00,0,0,8919947096,0,0,-1472.57,0,1,3274,0,0,0,0,1
MCH 3275,Sridhar and Sons,5699.0,garments,Partnership,New Delhi,Delhi,2024-04-15 07:33:51,,Hold,,MCH3275,5699,Partnership,Clothing,2024-04-15 07:33:51,0,0,,1,0,,1,0,3275,0,0,0,0,1
MCH3277,Issac-Lata,,phone service,PARTNERSHIP,Dilli,Delhi,22/09/2025,RPRG9004987881265,Enabled,"INR 1,571.63",MCH3277,,Partnership,Unknown,2025-09-22 00:00:00,0,0,RPRG9004987881265,0,0,1571.63,0,0,3277,0,0,0,0,1
MCH3279,"Zachariah, Gill and Palla",5812,Restaurants,Individual,Pune,Maharashtra,25/12/2025,,Active,,MCH3279,5812,Individual,Food & Restaurants,2025-12-25 00:00:00,0,0,,1,0,,1,0,3279,0,0,0,0,1
3280,"Vohra, Bora and Vasa",5411.0,GROCERY_STORE,PRIVATE_LIMITED,pune,Maharashtra,16/10/2023 04:01 PM,,Suspended,412.76,3280,5411,Private Limited,Grocery,2023-10-16 16:01:00,0,0,,1,0,412.76,0,0,3280,0,0,0,0,1
MCH3281,Thakur-Gade,5912,Pharmacy,SOLE-PROPRIETOR,Dilli,Delhi,,XXXX4216,Closed,432.42,MCH3281,5912,Sole Proprietor,Pharmacy & Medical,,1,0,XXXX4216,0,1,432.42,0,0,3281,1,1,1,3,2
MCH 3284,  Lal and Sons  ,,Mobile Recharge,Private Limited,ludhiana,Punjab,02-18-2024,XXXX5805,Closed,"3,943.29",MCH3284,,Private Limited,Unknown,2024-02-18 00:00:00,0,0,XXXX5805,0,1,3943.29,0,0,3284,0,0,0,0,1
MCH-3285,"Prasad, Luthra and Suri",5311.0,Retail,partnership,Bangalore,Karnataka,22-Feb-2023,3068852550,Live,₹669.58,MCH3285,5311,Partnership,Department Stores,2023-02-22 00:00:00,0,0,3068852550,0,0,669.58,0,0,3285,0,0,0,0,1
MCH3287,"dave, ganesan and biswas",5311,Retail,Individual,Bengaluru,Karnataka,,7925995111,ACTIVE,"Rs. 1,007",MCH3287,5311,Individual,Department Stores,,1,0,7925995111,0,0,1007.0,0,0,3287,0,0,0,0,1
MCH3288,"Bains, Arya and Sanghvi",7011,Hotels,partnership,Mumbai,Maharashtra,2025/11/26,ZNEZ2979868781030,Hold,-3587.5,MCH3288,7011,Partnership,Hotels & Hospitality,2025-11-26 00:00:00,0,0,ZNEZ2979868781030,0,0,-3587.5,0,1,3288,1,0,1,2,2
MCH3289,Rajagopalan-Master,5912,Medical,private_limited,MUMBAI,Maharashtra,05-17-2025,UTKH3152831159971,ACTIVE,,MCH3289,5912,Private Limited,Pharmacy & Medical,2025-05-17 00:00:00,0,0,UTKH3152831159971,0,0,,1,0,3289,1,1,0,2,2
mch3291,Sanghvi-Nair,7011,HOTEL_LODGING,private_limited,Bangalore,Karnataka,2023/09/25,,A,"Rs. 3,917",MCH3291,7011,Private Limited,Hotels & Hospitality,2023-09-25 00:00:00,0,0,,1,0,3917.0,0,0,3291,0,0,0,0,1
MCH-3292,Sehgal-Kapur,5912,Medical,PRIVATE_LIMITED,Jalandhar,Punjab,03-06-2025,,Live,751.44,MCH3292,5912,Private Limited,Pharmacy & Medical,2025-03-06 00:00:00,0,0,,1,0,751.44,0,0,3292,1,1,1,3,4
MCH3294,"Murty, Vala and Pall",04131,Transport,individual,ludhiana,Punjab,2024/12/10,7450449470,Enabled,822.03,MCH3294,4131,Individual,Transportation,2024-12-10 00:00:00,0,0,7450449470,0,0,822.03,0,0,3294,0,0,0,0,1
MCH3296,Sampath-Chopra,5999,Miscellaneous,INDIVIDUAL,Bangalore,Karnataka,18/11/2025,XXXX2813,A,"₹1,074.20",MCH3296,5999,Individual,Other Retail,2025-11-18 00:00:00,0,0,XXXX2813,0,1,1074.2,0,0,3296,0,0,0,0,1
MCH3298,"kurian, sheth and bains",5699.0,Fashion,INDIVIDUAL,delhi,Delhi,04-20-2025,XXXX3758,A,"Rs. 3,789",MCH3298,5699,Individual,Clothing,2025-04-20 00:00:00,0,0,XXXX3758,0,1,3789.0,0,0,3298,0,0,0,0,1
MCH3299,"Varghese, Tripathi and Ganesh",MCC-5999,Retail Other,SOLE_PROPRIETOR,Bengaluru,Karnataka,2023/07/12,,I,2177.34,MCH3299,5999,Sole Proprietor,Other Retail,2023-07-12 00:00:00,0,0,,1,0,2177.34,0,0,3299,0,0,0,0,1
MCH-3301,REDDY AND SONS,5942,Books,PARTNERSHIP,JPR,Rajasthan,25/06/2023 03:39 AM,5060880178,Enabled,"INR 2,571.65",MCH3301,5942,Partnership,Books & Stationery,2023-06-25 03:39:00,0,0,5060880178,0,0,2571.65,0,0,3301,0,0,0,0,1
3307,Uppal and Sons,7011,HOTEL_LODGING,PRIVATE-LIMITED,Poona,Maharashtra,03/07/2023 08:38 PM,WQAU2336118593269,Live,"INR 1,033.39",3307,7011,Private Limited,Hotels & Hospitality,2023-07-03 20:38:00,0,0,WQAU2336118593269,0,0,1033.39,0,0,3307,0,0,0,0,1
MCH-3308,Misra Inc,5311,Retail,SOLE_PROPRIETOR,LDH,Punjab,,2104958437,A,8756.33,MCH3308,5311,Sole Proprietor,Department Stores,,1,0,2104958437,0,0,8756.33,0,0,3308,1,1,1,3,3
mch3311,Sule Ltd,5942,BOOKS_STATIONERY,SOLE_PROPRIETOR,Pune,Maharashtra,2026-01-30 17:36:53,XXXX2539,Active,1079.15,MCH3311,5942,Sole Proprietor,Books & Stationery,2026-01-30 17:36:53,0,0,XXXX2539,0,1,1079.15,0,0,3311,1,1,0,2,2
MCH3313,Comar-Sidhu,5311,DEPT_STORE,SOLE-PROPRIETOR,lucknow,Uttar Pradesh,2023/07/30,GKCY1460435380907,Closed,408.55,MCH3313,5311,Sole Proprietor,Department Stores,2023-07-30 00:00:00,0,0,GKCY1460435380907,0,0,408.55,0,0,3313,0,0,0,0,1
3319,"Jani, Tailor and Radhakrishnan",5699,Apparel,SOLE_PROPRIETOR,Jalandar,Punjab,26/08/2024 05:30 AM,IUQF4655993827398,A,-516.88,3319,5699,Sole Proprietor,Clothing,2024-08-26 05:30:00,0,0,IUQF4655993827398,0,0,-516.88,0,1,3319,0,0,0,0,1
MCH3321,Barad-Trivedi,,transprt,Sole Proprietor,amritsar,Punjab,19/09/2025 04:50 AM,,A,"2,096.60",MCH3321,,Sole Proprietor,Unknown,2025-09-19 04:50:00,0,0,,1,0,2096.6,0,0,3321,0,0,0,0,1
mch3323,Dey PLC,4814,Telecom,SOLE-PROPRIETOR,JPR,Rajasthan,2024-12-24 05:37:48,XXXX2284,I,559.08,MCH3323,4814,Sole Proprietor,Telecom,2024-12-24 05:37:48,0,0,XXXX2284,0,1,559.08,0,0,3323,0,0,0,0,1
MCH3324,Char-Gera,5699.0,garments,PARTNERSHIP,pune,Maharashtra,2026/02/20,DLMI3626046968894,SUSPENDED,2076.73,MCH3324,5699,Partnership,Clothing,2026-02-20 00:00:00,0,0,DLMI3626046968894,0,0,2076.73,0,0,3324,1,1,1,3,3
MCH3325,Varty-Vig,5912,pharmacy,PARTNERSHIP,kolkata,West Bengal,2023/10/29,XXXX1753,Suspended,"Rs. 4,212",MCH3325,5912,Partnership,Pharmacy & Medical,2023-10-29 00:00:00,0,0,XXXX1753,0,1,4212.0,0,0,3325,0,0,1,1,2
MCH3327,Balay Ltd,5912,Medical,PARTNERSHIP,ASR,Punjab,10/06/2024,4132109142,Enabled,799.92,MCH3327,5912,Partnership,Pharmacy & Medical,2024-06-10 00:00:00,0,0,4132109142,0,0,799.92,0,0,3327,0,0,0,0,1
MCH3328,Singh-Comar,5912,MEDICAL_STORE,sole_proprietor,pune,Maharashtra,12-14-2025,XXXX6840,Active,-3993.96,MCH3328,5912,Sole Proprietor,Pharmacy & Medical,2025-12-14 00:00:00,0,0,XXXX6840,0,1,-3993.96,0,1,3328,1,1,1,3,4
MCH3330,"Keer, Gupta and Som",5311,Department Stores,private_limited,Jalandhar,Punjab,26-Nov-2025,LOCM5644673929837,Enabled,3134.69,MCH3330,5311,Private Limited,Department Stores,2025-11-26 00:00:00,0,0,LOCM5644673929837,0,0,3134.69,0,0,3330,0,0,0,0,1
MCH3331,"Shukla, Kadakia and Kata",MCC-5699,garments,private_limited,Ludhiana,Punjab,2025/03/18,,Enabled,1008.43,MCH3331,5699,Private Limited,Clothing,2025-03-18 00:00:00,0,0,,1,0,1008.43,0,0,3331,0,0,0,0,1
MCH3333,Dada PLC,5999,Miscellaneous,PRIVATE_LIMITED,Mumbai,Maharashtra,18/03/2024,,Active,Rs. 668,MCH3333,5999,Private Limited,Other Retail,2024-03-18 00:00:00,0,0,,1,0,668.0,0,0,3333,0,0,0,0,1
MCH3334,Majumdar-Raja,4814,Mobile Recharge,private_limited,Hyd,Telangana,02/09/2023 04:50 AM,7204878806,A,2941.2,MCH3334,4814,Private Limited,Telecom,2023-09-02 04:50:00,0,0,7204878806,0,0,2941.2,0,0,3334,0,0,0,0,1
MCH3335,Choudhary Ltd,5699,Apparel,PARTNERSHIP,Lucknow,Uttar Pradesh,11/08/2025,,Live,413.6,MCH3335,5699,Partnership,Clothing,2025-08-11 00:00:00,0,0,,1,0,413.6,0,0,3335,0,0,0,0,1
mch3338,"Mistry, Majumdar and Ghosh",04814,Mobile Recharge,INDIVIDUAL,Ludhiana,Punjab,2024-04-26 08:50:51,KYYU5062619258958,Active,"Rs. 1,989",MCH3338,4814,Individual,Telecom,2024-04-26 08:50:51,0,0,KYYU5062619258958,0,0,1989.0,0,0,3338,0,0,0,0,1
MCH 3340,Bhargava LLC,5699,CLOTHS,sole_proprietor,Kolkata,West Bengal,2025-10-12 02:52:58,,Hold,-4266.92,MCH3340,5699,Sole Proprietor,Clothing,2025-10-12 02:52:58,0,0,,1,0,-4266.92,0,1,3340,1,1,1,3,2
MCH3341,Ramesh Inc,5912,Pharmacy,individual,Mumbay,Maharashtra,15/11/2024 02:33 AM,,A,1745.15,MCH3341,5912,Individual,Pharmacy & Medical,2024-11-15 02:33:00,0,0,,1,0,1745.15,0,0,3341,0,0,0,0,1
MCH 3348,"Chauhan, Chowdhury and Dhillon",5942,Stationery,INDIVIDUAL,Amritsar,Punjab,16-Dec-2023,MCSB8481417353125,Active,-3038.21,MCH3348,5942,Individual,Books & Stationery,2023-12-16 00:00:00,0,0,MCSB8481417353125,0,0,-3038.21,0,1,3348,0,0,0,0,1
MCH3351,"Loke, Narasimhan and Gandhi",5912,chemist,PARTNERSHIP,ASR,Punjab,2023/06/22,,Suspended,"₹1,029.99",MCH3351,5912,Partnership,Pharmacy & Medical,2023-06-22 00:00:00,0,0,,1,0,1029.99,0,0,3351,0,0,0,0,1
MCH3353,sachar ltd,5942,Book Store,private_limited,jalandhar,Punjab,2023/06/06,,I,Rs. 446,MCH3353,5942,Private Limited,Books & Stationery,2023-06-06 00:00:00,0,0,,1,0,446.0,0,0,3353,1,1,1,3,2
MCH3354,"Barad, Ahluwalia and Mahal",5942,BOOKS_STATIONERY,partnership,lucknow,Uttar Pradesh,1770369825,XXXX7924,A,906.14,MCH3354,5942,Partnership,Books & Stationery,2026-02-06 09:23:45,0,0,XXXX7924,0,1,906.14,0,0,3354,0,0,0,0,1
MCH3357,"Sundaram, Kara and Sibal",7011,Hospitality,partnership,ASR,Punjab,2025-11-14 12:11:27,XVJC4162540658234,Enabled,246.81,MCH3357,7011,Partnership,Hotels & Hospitality,2025-11-14 12:11:27,0,0,XVJC4162540658234,0,1,246.81,0,0,3357,1,0,1,2,2
3358,Suri-Dhillon,4131,TRAVEL,INDIVIDUAL,Kolkata,West Bengal,22-Sep-2023,3713072949,INACTIVE,665.29,3358,4131,Individual,Transportation,2023-09-22 00:00:00,0,0,3713072949,0,0,665.29,0,0,3358,0,0,0,0,1
mch3361,Sabharwal-Shah,misc,transprt,Partnership,Jalandhar,Punjab,2024/01/06,KQNB2621280715561,Closed,887.23,MCH3361,,Partnership,Unknown,2024-01-06 00:00:00,0,0,KQNB2621280715561,0,0,887.23,0,0,3361,0,0,0,0,1
MCH-3362,Chander-Sangha,5411.0,groceries,Private Limited,ASR,Punjab,26/02/2026 04:43 AM,,Suspended,12795.59,MCH3362,5411,Private Limited,Grocery,2026-02-26 04:43:00,0,0,,1,0,12795.59,0,0,3362,0,0,0,0,1
MCH 3369,Hans LLC,5942,Stationery,SOLE-PROPRIETOR,Mumbay,Maharashtra,,YCNF1081951553349,Live,"INR 3,188.62",MCH3369,5942,Sole Proprietor,Books & Stationery,,1,0,YCNF1081951553349,0,0,3188.62,0,0,3369,1,1,1,3,2
MCH3371,Raju Inc,4131.0,Transport,PARTNERSHIP,HYDERABAD,Telangana,19/04/2025 05:25 AM,ENEX5677212292143,Live,4057.11,MCH3371,4131,Partnership,Transportation,2025-04-19 05:25:00,0,0,ENEX5677212292143,0,1,4057.11,0,0,3371,1,1,1,3,3
MCH3376,Sama-Gaba,5411,kirana,individual,Hyderabad,Telangana,,XXXX4890,Active,₹732.24,MCH3376,5411,Individual,Grocery,,1,0,XXXX4890,0,1,732.24,0,0,3376,0,0,0,0,1
MCH3379,Sura Inc,5411,Grocery Stores,sole_proprietor,Madras,Tamil Nadu,28-Nov-2023,,A,851.53,MCH3379,5411,Sole Proprietor,Grocery,2023-11-28 00:00:00,0,0,,1,0,851.53,0,0,3379,0,0,0,0,1
MCH3382,Walla-Rau,5311,DEPT_STORE,INDIVIDUAL,Bombay,Maharashtra,,,Hold,2452.74,MCH3382,5311,Individual,Department Stores,,1,0,,1,0,2452.74,0,0,3382,1,1,1,3,2
MCH3383,  Muni Inc  ,5999,Other,SOLE_PROPRIETOR,delhi,Delhi,21/04/2023 10:36 PM,XXXX2845,A,"5,804.60",MCH3383,5999,Sole Proprietor,Other Retail,2023-04-21 22:36:00,0,0,XXXX2845,0,1,5804.6,0,0,3383,0,0,0,0,1
mch3384,BALA-DHALIWAL,5942,Book Store,INDIVIDUAL,Mumbai,Maharashtra,,,Active,635.55,MCH3384,5942,Individual,Books & Stationery,,1,0,,1,0,635.55,0,0,3384,1,1,1,3,2
MCH3386,"balay, chacko and dani",5311,Department Stores,private_limited,Jaipur,Rajasthan,2025-10-27 15:17:05,XXXX2339,ACTIVE,"₹2,775.53",MCH3386,5311,Private Limited,Department Stores,2025-10-27 15:17:05,0,0,XXXX2339,0,1,2775.53,0,0,3386,0,1,1,2,2
MCH 3387,Boase Ltd,04814,Mobile Recharge,Sole Proprietor,Chennai,Tamil Nadu,20/10/2024,,A,4926.8,MCH3387,4814,Sole Proprietor,Telecom,2024-10-20 00:00:00,0,0,,1,0,4926.8,0,0,3387,0,0,0,0,1
MCH-3388,"Chaudhary, Patel and Bhatti",7011,Hotel,partnership,Dilli,Delhi,2026-02-10 03:56:14,,Inactive,2198.14,MCH3388,7011,Partnership,Hotels & Hospitality,2026-02-10 03:56:14,0,0,,1,0,2198.14,0,0,3388,1,1,1,3,3
mch3389,"Barad, Murthy and Muni",misc,chemist,INDIVIDUAL,Amritsar,Punjab,2025/03/19,,Enabled,₹234.09,MCH3389,,Individual,Unknown,2025-03-19 00:00:00,0,0,,1,0,234.09,0,0,3389,0,0,1,1,2
MCH3391,Dass Inc,4131,transprt,PARTNERSHIP,Lucknow,Uttar Pradesh,,XXXX1148,A,"Rs. 1,298",MCH3391,4131,Partnership,Transportation,,1,0,XXXX1148,0,1,1298.0,0,0,3391,0,0,0,0,1
MCH3393,"PANCHAL, MISTRY AND SAWHNEY",,Grocery,SOLE-PROPRIETOR,Amritsar,Punjab,,,ACTIVE,Rs. 612,MCH3393,,Sole Proprietor,Unknown,,1,0,,1,0,612.0,0,0,3393,0,0,0,0,1
MCH-3395,Merchant-Johal,4131,Bus/Taxi,individual,lucknow,Uttar Pradesh,,MDBK0638673035972,Active,"₹2,176.33",MCH3395,4131,Individual,Transportation,,1,0,MDBK0638673035972,0,0,2176.33,0,0,3395,1,1,1,3,2
MCH3398,Chaudhary Ltd,5699,Apparel,SOLE_PROPRIETOR,Chennai,Tamil Nadu,1700296303,5865246306,Disabled,"₹1,864.25",MCH3398,5699,Sole Proprietor,Clothing,2023-11-18 08:31:43,0,0,5865246306,0,0,1864.25,0,0,3398,0,0,0,0,1
MCH3399,MUNI AND SONS,5699.0,garments,Private Limited,amritsar,Punjab,04/07/2024,2117257070,ACTIVE,-3737.76,MCH3399,5699,Private Limited,Clothing,2024-07-04 00:00:00,0,0,2117257070,0,0,-3737.76,0,1,3399,1,0,0,1,2
MCH3401,chana llc,5411,Grocery Stores,INDIVIDUAL,Chennai,Tamil Nadu,,XXXX4048,ACTIVE,3703.23,MCH3401,5411,Individual,Grocery,,1,0,XXXX4048,0,1,3703.23,0,0,3401,0,0,0,0,1
3402,"Lala, Loyal and Trivedi",5999,Miscellaneous,PARTNERSHIP,Poona,Maharashtra,14/12/2025,4812392751,Closed,1152.61,3402,5999,Partnership,Other Retail,2025-12-14 00:00:00,0,0,4812392751,0,0,1152.61,0,0,3402,0,0,0,0,1
3404,"parekh, lad and soman",MCC-5311,DEPT_STORE,Individual,Mumbai,Maharashtra,2023/02/16,PSMJ2500672647390,ACTIVE,-1405.46,3404,5311,Individual,Department Stores,2023-02-16 00:00:00,0,0,PSMJ2500672647390,0,0,-1405.46,0,1,3404,0,0,0,0,1
MCH3405,"DARA, BOASE AND CHADA",5999.0,Misc Retail,Partnership,pune,Maharashtra,06/03/2024,XXXX5690,ACTIVE,210.2,MCH3405,5999,Partnership,Other Retail,2024-03-06 00:00:00,0,0,XXXX5690,0,1,210.2,0,0,3405,0,0,0,0,1
MCH3406,"Swamy, Borah and Sampath",5311,Retail,Individual,MUMBAI,Maharashtra,2024-05-22 03:05:47,XXXX9630,Inactive,438.79,MCH3406,5311,Individual,Department Stores,2024-05-22 03:05:47,0,0,XXXX9630,0,1,438.79,0,0,3406,0,0,0,0,1
MCH3407,Lal LLC,UNKNOWN,Other,private_limited,Jalandar,Punjab,2023/09/27,XXXX9006,ACTIVE,3232.78,MCH3407,,Private Limited,Unknown,2023-09-27 00:00:00,0,0,XXXX9006,0,1,3232.78,0,0,3407,0,0,0,0,1
MCH-3409,BADAMI AND SONS,7011,Hotel,SOLE_PROPRIETOR,bengaluru,Karnataka,2024/05/31,,Enabled,"₹1,179.18",MCH3409,7011,Sole Proprietor,Hotels & Hospitality,2024-05-31 00:00:00,0,0,,1,0,1179.18,0,0,3409,0,0,0,0,1
MCH3410,Mutti PLC,MCC-7011,Hotel,SOLE_PROPRIETOR,chennai,Tamil Nadu,2023/05/23,5994810528,A,4042.64,MCH3410,7011,Sole Proprietor,Hotels & Hospitality,2023-05-23 00:00:00,0,0,5994810528,0,0,4042.64,0,0,3410,0,0,0,0,1
MCH3412,Tak and Sons,7011.0,HOTEL_LODGING,sole_proprietor,JPR,Rajasthan,31/10/2024,XXXX3873,Enabled,"INR 4,884.39",MCH3412,7011,Sole Proprietor,Hotels & Hospitality,2024-10-31 00:00:00,0,0,XXXX3873,0,1,4884.39,0,0,3412,0,0,0,0,1
MCH3414,Sahota Ltd,4814,Telecom,PRIVATE-LIMITED,Amritsar,Punjab,29/12/2025,4026065439,ACTIVE,"₹1,607.54",MCH3414,4814,Private Limited,Telecom,2025-12-29 00:00:00,0,0,4026065439,0,0,1607.54,0,0,3414,0,0,0,0,1
MCH3415,Keer Inc,5812,Restaurant,SOLE_PROPRIETOR,Chennai,Tamil Nadu,2025-06-05 05:53:37,XXXX8129,ACTIVE,-184.25,MCH3415,5812,Sole Proprietor,Food & Restaurants,2025-06-05 05:53:37,0,0,XXXX8129,0,1,-184.25,0,1,3415,0,0,0,0,1
MCH3416,"Rau, Baral and Karan",4814.0,phone service,PRIVATE_LIMITED,Ludhiana,Punjab,2024/02/02,,Live,Rs. 894,MCH3416,4814,Private Limited,Telecom,2024-02-02 00:00:00,0,0,,1,0,894.0,0,0,3416,0,0,0,0,1
MCH 3418,Parsa-Parikh,5912,chemist,PARTNERSHIP,Hyderabad,Telangana,07-15-2024,CWGO5653761986608,Enabled,8725.31,MCH3418,5912,Partnership,Pharmacy & Medical,2024-07-15 00:00:00,0,0,CWGO5653761986608,0,0,8725.31,0,0,3418,0,0,0,0,1
MCH3419,"bansal, naidu and baria",5912,Pharmacies,Private Limited,pune,Maharashtra,26-Mar-2024,,Enabled,357.64,MCH3419,5912,Private Limited,Pharmacy & Medical,2024-03-26 00:00:00,0,0,,1,0,357.64,0,0,3419,0,0,0,0,1
mch3420,"Mani, Kota and Deol",4131,TRAVEL,Individual,JPR,Rajasthan,18/01/2024 11:43 AM,,Inactive,453.43,MCH3420,4131,Individual,Transportation,2024-01-18 11:43:00,0,0,,1,0,453.43,0,0,3420,0,0,0,0,1
MCH3421,"Sandhu, Saxena and Talwar",5942,Stationery,Sole Proprietor,Delhi,Delhi,,XXXX6543,Suspended,"1,117.58",MCH3421,5942,Sole Proprietor,Books & Stationery,,1,0,XXXX6543,0,1,1117.58,0,0,3421,0,0,0,0,1
mch3423,Sant-Singh,07011,HOTEL_LODGING,partnership,Delhi,Delhi,2023-01-01 09:47:09,9051549967,Live,"11,283.23",MCH3423,7011,Partnership,Hotels & Hospitality,2023-01-01 09:47:09,0,0,9051549967,0,0,11283.23,0,0,3423,0,0,0,0,1
MCH3424,Tandon-Raja,5411,Grocery Stores,PRIVATE-LIMITED,Pune,Maharashtra,08-09-2023,LJDU7390595746498,Closed,"INR 1,643.97",MCH3424,5411,Private Limited,Grocery,2023-08-09 00:00:00,0,0,LJDU7390595746498,0,0,1643.97,0,0,3424,0,0,0,0,1
MCH3426,"Morar, Dar and Raja",5311,DEPT_STORE,INDIVIDUAL,Jalandar,Punjab,25/10/2023,XXXX0393,I,"Rs. 1,252",MCH3426,5311,Individual,Department Stores,2023-10-25 00:00:00,0,0,XXXX0393,0,1,1252.0,0,0,3426,0,0,0,0,1
mch3431,Ghosh and Sons,,eating place,Sole Proprietor,MUMBAI,Maharashtra,11-24-2025,LTDQ5015892785519,Suspended,"₹1,904.92",MCH3431,,Sole Proprietor,Unknown,2025-11-24 00:00:00,0,0,LTDQ5015892785519,0,0,1904.92,0,0,3431,0,0,0,0,1
MCH3433,"  Pathak, Sathe and Rama  ",5411,GROCERY_STORE,PRIVATE-LIMITED,kolkata,West Bengal,2025/12/22,XXXX0746,I,"Rs. 3,697",MCH3433,5411,Private Limited,Grocery,2025-12-22 00:00:00,0,0,XXXX0746,0,1,3697.0,0,0,3433,0,0,0,0,1
MCH3435,"MITTER, CHAKRABARTI AND SWAMINATHAN",5812,Food,individual,ludhiana,Punjab,23-Apr-2023,XXXX3745,Enabled,"INR 1,050.63",MCH3435,5812,Individual,Food & Restaurants,2023-04-23 00:00:00,0,0,XXXX3745,0,1,1050.63,0,0,3435,0,0,0,0,1
MCH3438,Kapur-Mangat,4131,Transport,partnership,HYDERABAD,Telangana,,XXXX6916,Live,"INR 1,153.19",MCH3438,4131,Partnership,Transportation,,1,0,XXXX6916,0,1,1153.19,0,0,3438,1,1,1,3,3
MCH3439,"Grewal, Kar and Krishnan",4814,phone service,Partnership,LDH,Punjab,2025/08/08,,I,Rs. 761,MCH3439,4814,Partnership,Telecom,2025-08-08 00:00:00,0,0,,1,0,761.0,0,0,3439,1,1,1,3,2
MCH-3440,"  Sahni, Thakur and Kale  ",5411,GROCERY_STORE,partnership,Hyderabad,Telangana,14/10/2024 11:53 AM,SWXL8005196412661,Enabled,Rs. 797,MCH3440,5411,Partnership,Grocery,2024-10-14 11:53:00,0,0,SWXL8005196412661,0,1,797.0,0,0,3440,0,0,0,0,1
MCH3441,"Naidu, Nayar and Chand",05942,Books,partnership,LDH,Punjab,29/05/2023,1623488849,Live,Rs. 817,MCH3441,5942,Partnership,Books & Stationery,2023-05-29 00:00:00,0,0,1623488849,0,0,817.0,0,0,3441,0,0,0,0,1
MCH3442,Choudhry-Ravi,05699,Clothing,partnership,Bombay,Maharashtra,2025/09/09,XXXX0565,A,"Rs. 3,189",MCH3442,5699,Partnership,Clothing,2025-09-09 00:00:00,0,0,XXXX0565,0,1,3189.0,0,0,3442,1,1,1,3,4
MCH3445,"Madan, Naidu and Andra",7011,Hotels,Private Limited,jaipur,Rajasthan,09-Jul-2023,2270103966,Enabled,983.3,MCH3445,7011,Private Limited,Hotels & Hospitality,2023-07-09 00:00:00,0,0,2270103966,0,0,983.3,0,0,3445,0,0,0,0,1
mch3446,Ganesan-Contractor,5411.0,GROCERY_STORE,SOLE-PROPRIETOR,Lucknow,Uttar Pradesh,2026-01-24 03:27:14,7922786735,INACTIVE,INR 348.14,MCH3446,5411,Sole Proprietor,Grocery,2026-01-24 03:27:14,0,0,7922786735,0,0,348.14,0,0,3446,0,0,0,0,1
MCH3447,ANDRA-EDWIN,5699,Fashion,INDIVIDUAL,Hyd,Telangana,2023-10-09 13:58:47,XXXX8236,Live,1619.69,MCH3447,5699,Individual,Clothing,2023-10-09 13:58:47,0,0,XXXX8236,0,1,1619.69,0,0,3447,0,0,0,0,1
MCH3449,NIGAM-AGATE,05999,Miscellaneous,partnership,Bombay,Maharashtra,1770954212,UOSM0726239882457,Enabled,236.02,MCH3449,5999,Partnership,Other Retail,2026-02-13 03:43:32,0,0,UOSM0726239882457,0,0,236.02,0,0,3449,0,1,1,2,2
MCH3451,AMBLE-NAIR,5912,Pharmacy,SOLE-PROPRIETOR,Amritsar,Punjab,10-06-2025,XXXX8569,SUSPENDED,,MCH3451,5912,Sole Proprietor,Pharmacy & Medical,2025-10-06 00:00:00,0,0,XXXX8569,0,1,,1,0,3451,0,0,0,0,1
mch3452,"Tandon, Oza and Sharma",5411,Grocery Stores,SOLE-PROPRIETOR,Poona,Maharashtra,04-08-2025,,Closed,-186.45,MCH3452,5411,Sole Proprietor,Grocery,2025-04-08 00:00:00,0,0,,1,0,-186.45,0,1,3452,0,0,0,0,1
MCH3453,"Sangha, Minhas and Patil",7011,Hospitality,PRIVATE_LIMITED,jaipur,Rajasthan,15-Nov-2023,5047749653,A,-1768.03,MCH3453,7011,Private Limited,Hotels & Hospitality,2023-11-15 00:00:00,0,0,5047749653,0,0,-1768.03,0,1,3453,0,0,0,0,1
MCH 3454,Rajagopal-Wason,5812,Restaurant,partnership,Hyderabad,Telangana,22/08/2024 03:32 PM,XXXX7731,ACTIVE,-1479.06,MCH3454,5812,Partnership,Food & Restaurants,2024-08-22 15:32:00,0,0,XXXX7731,0,1,-1479.06,0,1,3454,0,0,0,0,1
MCH 3455,Singhal LLC,05311,Department Store,INDIVIDUAL,Jalandar,Punjab,06/01/2026 05:10 AM,,Active,11222.95,MCH3455,5311,Individual,Department Stores,2026-01-06 05:10:00,0,0,,1,0,11222.95,0,0,3455,0,0,0,0,1
MCH3459,  Nagi-Saini  ,4814,TELECOM,sole_proprietor,HYDERABAD,Telangana,2023/09/03,CIPH7138178222112,Enabled,2617.26,MCH3459,4814,Sole Proprietor,Telecom,2023-09-03 00:00:00,0,0,CIPH7138178222112,0,0,2617.26,0,0,3459,0,0,0,0,1
MCH3460,CHAND-BORA,5411,Grocery Stores,INDIVIDUAL,Calcutta,West Bengal,2025-02-05 10:51:56,,A,,MCH3460,5411,Individual,Grocery,2025-02-05 10:51:56,0,0,,1,0,,1,0,3460,0,0,0,0,1
MCH 3461,"  Balakrishnan, Sachdeva and Sekhon  ",MCC-5999,Miscellaneous,individual,Mumbai,Maharashtra,2025-09-23 02:42:23,QTCR6301966166012,A,1049.37,MCH3461,5999,Individual,Other Retail,2025-09-23 02:42:23,0,0,QTCR6301966166012,0,0,1049.37,0,0,3461,0,0,0,0,1
MCH3465,"Patla, Tiwari and Bobal",4814,Mobile Recharge,PRIVATE-LIMITED,amritsar,Punjab,10/09/2024 10:44 PM,BMXM3313589371926,ACTIVE,Rs. 662,MCH3465,4814,Private Limited,Telecom,2024-09-10 22:44:00,0,0,BMXM3313589371926,0,1,662.0,0,0,3465,0,0,0,0,1
mch3468,Aurora-Ben,,Hospitality,private_limited,Hyd,Telangana,16-Mar-2025,,Enabled,Rs. 199,MCH3468,,Private Limited,Unknown,2025-03-16 00:00:00,0,0,,1,0,199.0,0,0,3468,0,0,0,0,1
mch3469,Ha1der-Bains,,Telecom,Private Limited,Ludhiana,Punjab,,AHBB0158183764134,ACTIVE,943.76,MCH3469,,Private Limited,Unknown,,1,0,AHBB0158183764134,0,0,943.76,0,0,3469,0,0,0,0,1
MCH3470,CHOPRA-GARDE,MCC-4814,Telecom,Individual,Bangalore,Karnataka,03-02-2025,,ACTIVE,509.62,MCH3470,4814,Individual,Telecom,2025-03-02 00:00:00,0,0,,1,0,509.62,0,0,3470,0,0,0,0,1
MCH-3473,"Mahal, Butala and Shenoy",4131,TRAVEL,Individual,Amritsar,Punjab,20/11/2025 11:26 PM,9906876351,INACTIVE,456.80,MCH3473,4131,Individual,Transportation,2025-11-20 23:26:00,0,0,9906876351,0,0,456.8,0,0,3473,0,0,0,0,1
MCH3475,"  Wadhwa, Banik and Prakash  ",5812,Restaurant,private_limited,jaipur,Rajasthan,01-16-2025,4792307270,A,335.53,MCH3475,5812,Private Limited,Food & Restaurants,2025-01-16 00:00:00,0,0,4792307270,0,0,335.53,0,0,3475,0,0,0,0,1
MCH3477,"Mangal, Comar and Krish",5311,Department Store,SOLE_PROPRIETOR,mumbai,Maharashtra,2025-03-30 09:40:40,,ACTIVE,"13,897.21",MCH3477,5311,Sole Proprietor,Department Stores,2025-03-30 09:40:40,0,0,,1,0,13897.21,0,0,3477,0,0,0,0,1
MCH3481,"RAJA, BRAR AND NAGAR",,Grocery Stores,PRIVATE_LIMITED,New Delhi,Delhi,03-13-2023,XXXX8620,ACTIVE,"1,791.83",MCH3481,,Private Limited,Unknown,2023-03-13 00:00:00,0,0,XXXX8620,0,1,1791.83,0,0,3481,0,0,0,0,1
MCH3483,"Puri, Sachdeva and Jhaveri",5812,Restaurants,private_limited,jaipur,Rajasthan,15/08/2025,XXXX0583,Closed,"1,128.90",MCH3483,5812,Private Limited,Food & Restaurants,2025-08-15 00:00:00,0,0,XXXX0583,0,1,1128.9,0,0,3483,0,0,0,0,1
MCH3484,Sidhu LLC,5999,Misc Retail,INDIVIDUAL,ludhiana,Punjab,,,A,-876.31,MCH3484,5999,Individual,Other Retail,,1,0,,1,0,-876.31,0,1,3484,0,0,0,0,1
MCH3487,Subramanian Inc,5812.0,Restaurant,individual,Poona,Maharashtra,26/07/2025,,Live,"₹1,612.87",MCH3487,5812,Individual,Food & Restaurants,2025-07-26 00:00:00,0,0,,1,0,1612.87,0,0,3487,1,1,1,3,3
MCH-3488,  Sarna-Ramaswamy  ,5699,Clothing,Private Limited,Kolkata,West Bengal,2025-12-10 17:02:29,XXXX7182,Enabled,"₹1,118.60",MCH3488,5699,Private Limited,Clothing,2025-12-10 17:02:29,0,0,XXXX7182,0,1,1118.6,0,0,3488,0,0,0,0,1
MCH3489,Bahl-Bhavsar,MCC-4131,Transportation,PARTNERSHIP,DELHI,Delhi,,XXXX6898,A,908.03,MCH3489,4131,Partnership,Transportation,,1,0,XXXX6898,0,1,908.03,0,0,3489,0,0,0,0,1
MCH3490,Sachdev-Din,5411,kirana,INDIVIDUAL,DELHI,Delhi,2023/02/21,VNMY8994386086089,Blocked,570.00,MCH3490,5411,Individual,Grocery,2023-02-21 00:00:00,0,0,VNMY8994386086089,0,0,570.0,0,0,3490,0,0,0,0,1
MCH-3491,"  Chawla, Tella and Madan  ",,Mobile Recharge,Sole Proprietor,LKO,Uttar Pradesh,2025/05/23,,Live,1044.7,MCH3491,,Sole Proprietor,Unknown,2025-05-23 00:00:00,0,0,,1,0,1044.7,0,0,3491,0,0,0,0,1
mch3497,"Gokhale, Parmer and Contractor",,Transport,INDIVIDUAL,jalandhar,Punjab,1699047591,,ACTIVE,-403.24,MCH3497,,Individual,Unknown,2023-11-03 21:39:51,0,0,,1,0,-403.24,0,1,3497,0,0,0,0,1
MCH3498,AGATE AND SONS,4814,TELECOM,INDIVIDUAL,chennai,Tamil Nadu,,,Active,1499.04,MCH3498,4814,Individual,Telecom,,1,0,,1,0,1499.04,0,0,3498,0,0,0,0,1
MCH3499,"Mand, Munshi and Bali",5311,Retail,Sole Proprietor,Chennai,Tamil Nadu,2026/02/01,,Enabled,"INR 1,115.88",MCH3499,5311,Sole Proprietor,Department Stores,2026-02-01 00:00:00,0,0,,1,0,1115.88,0,0,3499,1,1,1,3,3
MCH3501,Chandran-Tripathi,5999,Miscellaneous,PRIVATE_LIMITED,MUMBAI,Maharashtra,,1873775978,ACTIVE,"₹1,658.21",MCH3501,5999,Private Limited,Other Retail,,1,0,1873775978,0,0,1658.21,0,0,3501,0,0,0,0,1
MCH-3502,"  Bail, Sawhney and Majumdar  ",,eating place,INDIVIDUAL,Hyd,Telangana,1707151059,,Enabled,4792.39,MCH3502,,Individual,Unknown,2024-02-05 16:37:39,0,0,,1,0,4792.39,0,0,3502,0,0,0,0,1
mch3504,"Ram, Dora and Bhatti",5942.0,Book Store,individual,pune,Maharashtra,08-May-2025,OOSJ0277155475198,Inactive,520.17,MCH3504,5942,Individual,Books & Stationery,2025-05-08 00:00:00,0,0,OOSJ0277155475198,0,0,520.17,0,0,3504,0,0,0,0,1
mch3506,Peri Group,07011,Hospitality,individual,bengaluru,Karnataka,,PINF7358781184682,Enabled,3808.09,MCH3506,7011,Individual,Hotels & Hospitality,,1,0,PINF7358781184682,0,0,3808.09,0,0,3506,0,0,0,0,1
mch3507,"Sundaram, Shan and Subramanian",7011,HOTEL_LODGING,Individual,amritsar,Punjab,01-28-2023,7115308153,Live,INR 950.31,MCH3507,7011,Individual,Hotels & Hospitality,2023-01-28 00:00:00,0,0,7115308153,0,0,950.31,0,0,3507,0,0,0,0,1
MCH 3508,  Prabhu and Sons  ,4131.0,TRAVEL,PRIVATE_LIMITED,DELHI,Delhi,26-Jul-2024,,Enabled,"Rs. 1,850",MCH3508,4131,Private Limited,Transportation,2024-07-26 00:00:00,0,0,,1,0,1850.0,0,0,3508,0,0,0,0,1
MCH-3509,Tandon-Thakur,5999.0,Other,Private Limited,Poona,Maharashtra,1711568512,TBRS8526244076916,Enabled,₹253.70,MCH3509,5999,Private Limited,Other Retail,2024-03-27 19:41:52,0,0,TBRS8526244076916,0,0,253.7,0,0,3509,1,1,1,3,2
MCH3510,  Sankaran Inc  ,5699,Apparel,individual,Hyderabad,Telangana,2026/02/18,9848495819,INACTIVE,"Rs. 2,317",MCH3510,5699,Individual,Clothing,2026-02-18 00:00:00,0,0,9848495819,0,0,2317.0,0,0,3510,0,0,0,0,1
MCH3511,"Konda, Venkatesh and Jha",5411,Grocery,individual,Lucknow,Uttar Pradesh,2025/06/28,BGWP5416829581598,Active,,MCH3511,5411,Individual,Grocery,2025-06-28 00:00:00,0,0,BGWP5416829581598,0,0,,1,0,3511,0,0,0,0,1
MCH3512,"  Bhatti, Khosla and Chhabra  ",,phone service,PRIVATE_LIMITED,Amritsar,Punjab,1683243379,,Active,"Rs. 1,112",MCH3512,,Private Limited,Unknown,2023-05-04 23:36:19,0,0,,1,0,1112.0,0,0,3512,0,0,0,0,1
MCH3513,"Gade, Raghavan and Ben",5942,Stationery,Individual,Chennai,Tamil Nadu,21/07/2024 08:51 AM,EGJQ8131249829529,INACTIVE,"₹1,116.95",MCH3513,5942,Individual,Books & Stationery,2024-07-21 08:51:00,0,0,EGJQ8131249829529,0,0,1116.95,0,0,3513,0,0,0,0,1
MCH 3518,Borah and Sons,4131,Transportation,SOLE_PROPRIETOR,Mumbay,Maharashtra,06/02/2026 03:51 PM,GCBI5958315675126,Live,INR 451.33,MCH3518,4131,Sole Proprietor,Transportation,2026-02-06 15:51:00,0,0,GCBI5958315675126,0,0,451.33,0,0,3518,0,0,0,0,1
MCH3520,"Kannan, Bail and Sundaram",5699.0,CLOTHS,sole_proprietor,LDH,Punjab,16/09/2024 08:13 AM,XXXX2156,Active,-383.3,MCH3520,5699,Sole Proprietor,Clothing,2024-09-16 08:13:00,0,0,XXXX2156,0,1,-383.3,0,1,3520,1,1,1,3,2
MCH3523,"Khare, Radhakrishnan and Gala",5812,Food,INDIVIDUAL,JPR,Rajasthan,12-04-2025,,Active,-577.79,MCH3523,5812,Individual,Food & Restaurants,2025-12-04 00:00:00,0,0,,1,0,-577.79,0,1,3523,0,0,0,0,1
MCH3530,DUGAR PLC,5699,garments,Individual,LDH,Punjab,08/10/2024 01:53 AM,,A,,MCH3530,5699,Individual,Clothing,2024-10-08 01:53:00,0,0,,1,0,,1,0,3530,0,0,0,0,1
MCH3533,Tiwari-Gulati,7011,HOTEL_LODGING,Private Limited,Mumbai,Maharashtra,2025/10/07,SWEX6777199199579,Live,₹709.41,MCH3533,7011,Private Limited,Hotels & Hospitality,2025-10-07 00:00:00,0,0,SWEX6777199199579,0,1,709.41,0,0,3533,0,0,0,0,1
MCH 3535,"Mammen, Patla and Kala",4131,TRAVEL,SOLE_PROPRIETOR,jaipur,Rajasthan,2025/08/08,,Enabled,1091.98,MCH3535,4131,Sole Proprietor,Transportation,2025-08-08 00:00:00,0,0,,1,0,1091.98,0,0,3535,1,1,0,2,2
mch3536,Shankar Group,05942,Books,Partnership,Kolkata,West Bengal,2024-11-03 17:18:07,,Active,"1,640.82",MCH3536,5942,Partnership,Books & Stationery,2024-11-03 17:18:07,0,0,,1,0,1640.82,0,0,3536,1,0,1,2,2
MCH3539,"Korpal, Nair and Chana",MCC-5699,Apparel,SOLE-PROPRIETOR,mumbai,Maharashtra,29-May-2024,QRQK3185986773369,Closed,2681.05,MCH3539,5699,Sole Proprietor,Clothing,2024-05-29 00:00:00,0,0,QRQK3185986773369,0,0,2681.05,0,0,3539,0,0,0,0,1
MCH 3541,"SRIVASTAVA, TELLA AND KONDA",4814,mobile recharge,PRIVATE-LIMITED,DELHI,Delhi,10-31-2024,XXXX6960,Inactive,"₹2,341.43",MCH3541,4814,Private Limited,Telecom,2024-10-31 00:00:00,0,0,XXXX6960,0,1,2341.43,0,0,3541,0,0,1,1,2
MCH3545,"CHACKO, OZA AND JAGGI",7011,Hotels,Sole Proprietor,Hyd,Telangana,2023/09/30,,Enabled,867.82,MCH3545,7011,Sole Proprietor,Hotels & Hospitality,2023-09-30 00:00:00,0,0,,1,0,867.82,0,0,3545,0,0,0,0,1
MCH3547,RAMANATHAN-DADA,5812,Food,PRIVATE_LIMITED,Dilli,Delhi,2025/02/03,,Active,"5,262.60",MCH3547,5812,Private Limited,Food & Restaurants,2025-02-03 00:00:00,0,0,,1,0,5262.6,0,0,3547,0,0,0,0,1
MCH3548,"Bhakta, Dhaliwal and Comar",4814,phone service,INDIVIDUAL,JPR,Rajasthan,,VZDR7391504338268,Live,1931.09,MCH3548,4814,Individual,Telecom,,1,0,VZDR7391504338268,0,0,1931.09,0,0,3548,0,0,0,0,1
MCH-3549,Khalsa and Sons,5812,Food,INDIVIDUAL,amritsar,Punjab,07/01/2025,AXNC2296857054867,Active,1756.73,MCH3549,5812,Individual,Food & Restaurants,2025-01-07 00:00:00,0,0,AXNC2296857054867,0,1,1756.73,0,0,3549,0,0,0,0,1
MCH3551,"Chaudry, Toor and Lala",4814,phone service,SOLE_PROPRIETOR,bengaluru,Karnataka,2023-12-15 17:19:51,,Enabled,941.64,MCH3551,4814,Sole Proprietor,Telecom,2023-12-15 17:19:51,0,0,,1,0,941.64,0,0,3551,0,0,0,0,1
MCH3552,"morar, ahuja and ravel",5942,Stationery,sole_proprietor,pune,Maharashtra,08-03-2024,4264827743,ACTIVE,"Rs. 8,846",MCH3552,5942,Sole Proprietor,Books & Stationery,2024-08-03 00:00:00,0,0,4264827743,0,0,8846.0,0,0,3552,0,0,0,0,1
mch3553,"Goda, Padmanabhan and Goswami",4131,Transportation,Individual,Jaipur,Rajasthan,,,Hold,"Rs. 1,035",MCH3553,4131,Individual,Transportation,,1,0,,1,0,1035.0,0,0,3553,1,1,1,3,2
mch3554,"Chowdhury, Mann and Mitter",4131,Transportation,INDIVIDUAL,Jalandhar,Punjab,2025-04-27 19:48:07,XXXX2146,Active,893.92,MCH3554,4131,Individual,Transportation,2025-04-27 19:48:07,0,0,XXXX2146,0,1,893.92,0,0,3554,0,0,0,0,1
3555,Chaudhari-Dutta,5311,DEPT_STORE,PARTNERSHIP,Calcutta,West Bengal,31/03/2023,FYRB6292482908836,Live,712.21,3555,5311,Partnership,Department Stores,2023-03-31 00:00:00,0,0,FYRB6292482908836,0,0,712.21,0,0,3555,0,0,0,0,1
MCH3556,Andra-Nagar,5999,Misc Retail,Sole Proprietor,pune,Maharashtra,2025-05-04 18:43:19,,ACTIVE,"1,107.13",MCH3556,5999,Sole Proprietor,Other Retail,2025-05-04 18:43:19,0,0,,1,0,1107.13,0,0,3556,1,1,0,2,2
MCH 3558,BRAHMBHATT-PERI,7011,Hotels,SOLE-PROPRIETOR,Poona,Maharashtra,2025-10-14 11:56:55,VGYH0383362932637,Enabled,,MCH3558,7011,Sole Proprietor,Hotels & Hospitality,2025-10-14 11:56:55,0,0,VGYH0383362932637,0,0,,1,0,3558,1,1,1,3,3
MCH3559,Chokshi Inc,5812.0,food,private_limited,bengaluru,Karnataka,23/12/2024,XXXX5330,Active,-535.7,MCH3559,5812,Private Limited,Food & Restaurants,2024-12-23 00:00:00,0,0,XXXX5330,0,1,-535.7,0,1,3559,0,0,1,1,2
MCH3561,Kumar LLC,05812,Food,Partnership,Madras,Tamil Nadu,18-Oct-2025,9204267445,Active,Rs. 715,MCH3561,5812,Partnership,Food & Restaurants,2025-10-18 00:00:00,0,0,9204267445,0,0,715.0,0,0,3561,1,1,1,3,2
MCH3563,  Shan Inc  ,05912,chemist,SOLE-PROPRIETOR,bengaluru,Karnataka,2024-04-01 06:07:35,XXXX8095,A,335.55,MCH3563,5912,Sole Proprietor,Pharmacy & Medical,2024-04-01 06:07:35,0,0,XXXX8095,0,1,335.55,0,0,3563,1,1,1,3,3
MCH3564,"  Konda, Natarajan and Chawla  ",5999.0,Misc Retail,PRIVATE_LIMITED,amritsar,Punjab,2025/10/08,,ACTIVE,982.65,MCH3564,5999,Private Limited,Other Retail,2025-10-08 00:00:00,0,0,,1,0,982.65,0,0,3564,1,1,0,2,2
MCH3567,"Ahuja, Mody and Radhakrishnan",5411,Grocery Stores,SOLE_PROPRIETOR,LKO,Uttar Pradesh,2023-09-24 03:33:54,,A,1060.67,MCH3567,5411,Sole Proprietor,Grocery,2023-09-24 03:33:54,0,0,,1,0,1060.67,0,0,3567,1,0,1,2,3
MCH3568,"CHOUDHURY, TRIVEDI AND BHATNAGAR",5311,Department Stores,Private Limited,Ludhiana,Punjab,10/04/2025,XXXX4927,Enabled,1208.3,MCH3568,5311,Private Limited,Department Stores,2025-04-10 00:00:00,0,0,XXXX4927,0,1,1208.3,0,0,3568,0,0,0,0,1
MCH3569,Choudhury-Prashad,05942,Stationery,sole_proprietor,LKO,Uttar Pradesh,17/02/2025,,Live,"Rs. 1,411",MCH3569,5942,Sole Proprietor,Books & Stationery,2025-02-17 00:00:00,0,0,,1,0,1411.0,0,0,3569,0,0,0,0,1
MCH3570,sura-barman,5999.0,Other,Private Limited,Jalandhar,Punjab,2023-05-22 22:03:03,5640847872,Closed,"Rs. 1,099",MCH3570,5999,Private Limited,Other Retail,2023-05-22 22:03:03,0,0,5640847872,0,0,1099.0,0,0,3570,0,0,0,0,1
MCH3571,"Aurora, Kamdar and Vasa",5411,kirana,Private Limited,LKO,Uttar Pradesh,03-Feb-2023,,A,583.65,MCH3571,5411,Private Limited,Grocery,2023-02-03 00:00:00,0,0,,1,0,583.65,0,0,3571,0,0,0,0,1
MCH3572,Kohli PLC,,TRAVEL,sole_proprietor,DELHI,Delhi,20-Nov-2025,XXXX5864,ACTIVE,-1042.66,MCH3572,,Sole Proprietor,Unknown,2025-11-20 00:00:00,0,0,XXXX5864,0,1,-1042.66,0,1,3572,1,0,1,2,2
MCH3574,Sodhi-Shan,4131,Transport,partnership,Poona,Maharashtra,31-May-2025,YFPD1472473488670,INACTIVE,"Rs. 4,407",MCH3574,4131,Partnership,Transportation,2025-05-31 00:00:00,0,0,YFPD1472473488670,0,0,4407.0,0,0,3574,0,0,0,0,1
MCH3577,"Ratta, Mane and Kapadia",5812.0,Restaurant,Individual,Amritsar,Punjab,,XXXX9384,Enabled,1820.36,MCH3577,5812,Individual,Food & Restaurants,,1,0,XXXX9384,0,1,1820.36,0,0,3577,1,1,1,3,2
MCH3578,"badal, gopal and walla",MCC-4131,Transportation,Individual,amritsar,Punjab,19/05/2024 08:33 PM,CBPY2495238962575,Live,"Rs. 14,795",MCH3578,4131,Individual,Transportation,2024-05-19 20:33:00,0,0,CBPY2495238962575,0,0,14795.0,0,0,3578,0,0,0,0,1
MCH3581,"Chadha, Sankaran and Pau",05699,Clothing,Partnership,Kolkata,West Bengal,07/05/2024,,ACTIVE,,MCH3581,5699,Partnership,Clothing,2024-05-07 00:00:00,0,0,,1,0,,1,0,3581,0,0,0,0,1
MCH3586,Dayal-Nagar,misc,Pharmacies,partnership,Hyd,Telangana,28-Jan-2026,1143347480,ACTIVE,"₹2,093.13",MCH3586,,Partnership,Unknown,2026-01-28 00:00:00,0,0,1143347480,0,0,2093.13,0,0,3586,1,1,1,3,2
MCH3587,  Sagar-Raval  ,7011,hotel_lodging,partnership,Jalandar,Punjab,31/07/2024,,Suspended,"INR 1,064.25",MCH3587,7011,Partnership,Hotels & Hospitality,2024-07-31 00:00:00,0,0,,1,0,1064.25,0,0,3587,0,0,1,1,2
MCH3591,"Panchal, Balasubramanian and Dey",05942,Stationery,private_limited,kolkata,West Bengal,15/03/2025,9832386733,Active,"2,193.61",MCH3591,5942,Private Limited,Books & Stationery,2025-03-15 00:00:00,0,0,9832386733,0,0,2193.61,0,0,3591,0,0,0,0,1
MCH 3592,"Sem, Chandran and Dara",5999,Other,SOLE-PROPRIETOR,Dilli,Delhi,15/11/2023 09:32 AM,8281028913,I,-1166.62,MCH3592,5999,Sole Proprietor,Other Retail,2023-11-15 09:32:00,0,0,8281028913,0,0,-1166.62,0,1,3592,0,0,0,0,1
MCH3593,"Kara,BrarandApte",4814,phone service,private_limited,MUMBAI,Maharashtra,2023-12-04 15:44:19,,Suspended,474.6,MCH3593,4814,Private Limited,Telecom,2023-12-04 15:44:19,0,0,,1,0,474.6,0,0,3593,0,0,1,1,2
mch3594,Khalsa Inc,5999,Misc Retail,Partnership,Chennai,Tamil Nadu,,7162144056,Enabled,Rs. 381,MCH3594,5999,Partnership,Other Retail,,1,0,7162144056,0,0,381.0,0,0,3594,1,0,1,2,2
mch3595,"SRIVASTAVA, MERCHANT AND KOTA",5311,Retail,PRIVATE-LIMITED,ludhiana,Punjab,03/01/2025 01:32 PM,3018831600,Disabled,"Rs. 1,153",MCH3595,5311,Private Limited,Department Stores,2025-01-03 13:32:00,0,0,3018831600,0,0,1153.0,0,0,3595,0,0,0,0,1
MCH3596,CHOUDHRY LTD,4131.0,Transport,PRIVATE-LIMITED,lucknow,Uttar Pradesh,11/11/2024,NDFD6315987877623,ACTIVE,311.69,MCH3596,4131,Private Limited,Transportation,2024-11-11 00:00:00,0,0,NDFD6315987877623,0,0,311.69,0,0,3596,1,1,1,3,2
MCH3598,Kapur-Sahni,04814,phone service,Private Limited,Bangalore,Karnataka,2024-12-07 15:58:25,0759983753,Active,"₹7,252.05",MCH3598,4814,Private Limited,Telecom,2024-12-07 15:58:25,0,0,0759983753,0,0,7252.05,0,0,3598,0,0,0,0,1
MCH3600,Bhat-Naik,5999,Retail Other,PRIVATE-LIMITED,ASR,Punjab,,0307550331,A,"3,889.22",MCH3600,5999,Private Limited,Other Retail,,1,0,0307550331,0,0,3889.22,0,0,3600,1,1,1,3,2
MCH3601,Lanka Inc,5942,Book Store,Individual,pune,Maharashtra,1747207579,,Live,4672.85,MCH3601,5942,Individual,Books & Stationery,2025-05-14 07:26:19,0,0,,1,0,4672.85,0,0,3601,1,1,1,3,2
MCH-3602,"Panchal, Karpe and Bhatti",7011,Hotels,PARTNERSHIP,ASR,Punjab,08-29-2023,NJWF8221387776765,Live,754.95,MCH3602,7011,Partnership,Hotels & Hospitality,2023-08-29 00:00:00,0,0,NJWF8221387776765,0,0,754.95,0,0,3602,0,0,0,0,1
MCH3604,Dara-Borde,5942,Stationery,SOLE-PROPRIETOR,LDH,Punjab,03/10/2025,,ACTIVE,,MCH3604,5942,Sole Proprietor,Books & Stationery,2025-10-03 00:00:00,0,0,,1,0,,1,0,3604,1,1,1,3,3
MCH3605,Bhasin Ltd,04131,TRAVEL,PARTNERSHIP,LDH,Punjab,15/11/2023,,A,"₹1,858.98",MCH3605,4131,Partnership,Transportation,2023-11-15 00:00:00,0,0,,1,0,1858.98,0,0,3605,0,0,0,0,1
MCH 3607,Va1a-D0ra,5812,eating place,individual,LDH,Punjab,09-Nov-2024,,A,1953.09,MCH3607,5812,Individual,Food & Restaurants,2024-11-09 00:00:00,0,0,,1,0,1953.09,0,0,3607,0,0,0,0,1
MCH3608,"  Raj, Sarin and Sibal  ",4814,Telecom,Partnership,JPR,Rajasthan,08-Dec-2024,XXXX8045,Disabled,1956.65,MCH3608,4814,Partnership,Telecom,2024-12-08 00:00:00,0,0,XXXX8045,0,1,1956.65,0,0,3608,0,0,0,0,1
MCH3610,"Deo, Krish and Lanka",05699,Apparel,PRIVATE_LIMITED,Madras,Tamil Nadu,1736248689,3505089399,A,,MCH3610,5699,Private Limited,Clothing,2025-01-07 11:18:09,0,0,3505089399,0,0,,1,0,3610,1,1,1,3,2
MCH-3611,"ratti, sunder and kapoor",4131,TRAVEL,PRIVATE-LIMITED,BLR,Karnataka,,XXXX2260,Enabled,787.19,MCH3611,4131,Private Limited,Transportation,,1,0,XXXX2260,0,1,787.19,0,0,3611,0,0,0,0,1
MCH3612,Kala Inc,5812,Restaurant,SOLE-PROPRIETOR,MUMBAI,Maharashtra,17/08/2025 02:43 AM,GCWT7054433892701,Enabled,Rs. 577,MCH3612,5812,Sole Proprietor,Food & Restaurants,2025-08-17 02:43:00,0,0,GCWT7054433892701,0,0,577.0,0,0,3612,1,1,1,3,5
mch3613,LAD-CHACKO,4814,Mobile Recharge,PRIVATE_LIMITED,jaipur,Rajasthan,04-02-2025,XXXX9897,A,466.16,MCH3613,4814,Private Limited,Telecom,2025-04-02 00:00:00,0,0,XXXX9897,0,1,466.16,0,0,3613,0,0,0,0,1
MCH 3614,Morar-Sundaram,5812,Food,Individual,Mumbai,Maharashtra,2023/08/09,XXXX5060,ACTIVE,"₹1,484.85",MCH3614,5812,Individual,Food & Restaurants,2023-08-09 00:00:00,0,0,XXXX5060,0,1,1484.85,0,0,3614,0,0,0,0,1
MCH3616,DUA GROUP,5942,Book Store,PRIVATE-LIMITED,LKO,Uttar Pradesh,24/02/2026 08:51 PM,CYIZ1339742109891,Active,,MCH3616,5942,Private Limited,Books & Stationery,2026-02-24 20:51:00,0,0,CYIZ1339742109891,0,0,,1,0,3616,1,1,1,3,4
MCH3618,"Narang, Atwal and Merchant",UNKNOWN,medical,SOLE_PROPRIETOR,Mumbai,Maharashtra,25-Jul-2023,LZII0053942814377,Active,"₹1,728.22",MCH3618,,Sole Proprietor,Unknown,2023-07-25 00:00:00,0,0,LZII0053942814377,0,0,1728.22,0,0,3618,0,0,0,0,2
MCH3619,"MODY, SAMI AND BATTA",5999,Retail Other,sole_proprietor,Kolkata,West Bengal,27/01/2026 07:14 AM,7469875023,Inactive,3456.23,MCH3619,5999,Sole Proprietor,Other Retail,2026-01-27 07:14:00,0,0,7469875023,0,0,3456.23,0,0,3619,0,0,0,0,1
MCH3625,Singhal Ltd,5812,Restaurants,sole_proprietor,MUMBAI,Maharashtra,2025-10-28 12:02:57,XXXX0908,A,"INR 10,079.36",MCH3625,5812,Sole Proprietor,Food & Restaurants,2025-10-28 12:02:57,0,0,XXXX0908,0,1,10079.36,0,0,3625,1,1,1,3,2
MCH3627,"CHANDRA, VENKATARAMAN AND PALLA",5912,Medical,Sole Proprietor,JPR,Rajasthan,09/10/2025,1981451941,Enabled,379.66,MCH3627,5912,Sole Proprietor,Pharmacy & Medical,2025-10-09 00:00:00,0,0,1981451941,0,0,379.66,0,0,3627,0,0,0,0,1
MCH3628,MITRA LTD,MCC-5699,garments,SOLE_PROPRIETOR,delhi,Delhi,2023/08/05,,ACTIVE,3214.64,MCH3628,5699,Sole Proprietor,Clothing,2023-08-05 00:00:00,0,0,,1,0,3214.64,0,0,3628,0,0,0,0,1
MCH3630,Chacko Ltd,5812,Restaurant,PARTNERSHIP,Mumbai,Maharashtra,11-Jun-2023,,INACTIVE,"₹2,433.39",MCH3630,5812,Partnership,Food & Restaurants,2023-06-11 00:00:00,0,0,,1,0,2433.39,0,0,3630,0,0,0,0,1
MCH3637,Pai-Parikh,05812,eating place,SOLE_PROPRIETOR,HYDERABAD,Telangana,2024/06/26,,Active,"3,420.81",MCH3637,5812,Sole Proprietor,Food & Restaurants,2024-06-26 00:00:00,0,0,,1,0,3420.81,0,0,3637,1,1,1,3,2
mch3640,Parikh-Raghavan,7011.0,Hotel,SOLE_PROPRIETOR,Hyderabad,Telangana,11/04/2023 10:07 PM,0058678829,Enabled,400.1,MCH3640,7011,Sole Proprietor,Hotels & Hospitality,2023-04-11 22:07:00,0,0,0058678829,0,0,400.1,0,0,3640,0,0,0,0,1
MCH3641,"khurana, barman and suresh",5699,Fashion,INDIVIDUAL,delhi,Delhi,06/08/2025 08:41 AM,XXXX0826,Enabled,"INR 2,224.44",MCH3641,5699,Individual,Clothing,2025-08-06 08:41:00,0,0,XXXX0826,0,1,2224.44,0,0,3641,0,0,0,0,1
MCH3642,Prabhu-Pai,5411,groceries,SOLE_PROPRIETOR,Calcutta,West Bengal,11-24-2025,,Enabled,3223.63,MCH3642,5411,Sole Proprietor,Grocery,2025-11-24 00:00:00,0,0,,1,0,3223.63,0,0,3642,0,0,0,0,1
MCH-3649,"  Jain, Sama and Sarma  ",05999,Miscellaneous,PARTNERSHIP,mumbai,Maharashtra,08/06/2025 09:51 PM,XXXX8840,A,₹671.85,MCH3649,5999,Partnership,Other Retail,2025-06-08 21:51:00,0,0,XXXX8840,0,1,671.85,0,0,3649,0,0,0,0,1
MCH3652,Varghese PLC,,Other,Partnership,LDH,Punjab,,,Active,"Rs. 2,254",MCH3652,,Partnership,Unknown,,1,0,,1,0,2254.0,0,0,3652,0,0,0,0,1
MCH-3654,Ganesan Ltd,5812,Restaurants,sole_proprietor,jalandhar,Punjab,2024/02/11,XXXX6762,A,286.1,MCH3654,5812,Sole Proprietor,Food & Restaurants,2024-02-11 00:00:00,0,0,XXXX6762,0,1,286.1,0,0,3654,0,0,0,0,1
MCH-3655,Batra LLC,5912,MEDICAL_STORE,SOLE_PROPRIETOR,Poona,Maharashtra,2024/08/17,,Live,-528.59,MCH3655,5912,Sole Proprietor,Pharmacy & Medical,2024-08-17 00:00:00,0,0,,1,0,-528.59,0,1,3655,0,0,0,0,1
MCH3656,kurian-chad,,Restaurant,Individual,Calcutta,West Bengal,18/12/2024 12:21 AM,,A,,MCH3656,,Individual,Unknown,2024-12-18 00:21:00,0,0,,1,0,,1,0,3656,1,1,1,3,3
MCH3659,Kashyap LLC,4131,Bus/Taxi,PARTNERSHIP,Poona,Maharashtra,06-Jul-2025,,Active,403.54,MCH3659,4131,Partnership,Transportation,2025-07-06 00:00:00,0,0,,1,0,403.54,0,0,3659,1,1,1,3,5
MCH3661,"Deshmukh, Patla and Goel",4131.0,Transportation,Individual,Ludhiana,Punjab,17/11/2023,XXXX0412,Suspended,"Rs. 1,439",MCH3661,4131,Individual,Transportation,2023-11-17 00:00:00,0,0,XXXX0412,0,1,1439.0,0,0,3661,1,0,1,2,2
mch3662,Dalal-Arora,UNKNOWN,Telecom,SOLE-PROPRIETOR,kolkata,West Bengal,09-01-2024,,ACTIVE,"₹4,799.31",MCH3662,,Sole Proprietor,Unknown,2024-09-01 00:00:00,0,0,,1,0,4799.31,0,0,3662,1,1,1,3,4
MCH3663,Saini-Gaba,5699,Clothing,SOLE_PROPRIETOR,jaipur,Rajasthan,03-Feb-2025,,ACTIVE,₹377.05,MCH3663,5699,Sole Proprietor,Clothing,2025-02-03 00:00:00,0,0,,1,0,377.05,0,0,3663,1,1,1,3,2
mch3666,Gera-Ranganathan,MCC-4131,Transport,PARTNERSHIP,Jaipur,Rajasthan,2023/04/12,,A,243.55,MCH3666,4131,Partnership,Transportation,2023-04-12 00:00:00,0,0,,1,0,243.55,0,0,3666,0,0,0,0,1
MCH3668,Pandey-Uppal,MCC-4131,Transportation,SOLE-PROPRIETOR,pune,Maharashtra,1725386991,XXXX9816,Enabled,795.26,MCH3668,4131,Sole Proprietor,Transportation,2024-09-03 18:09:51,0,0,XXXX9816,0,1,795.26,0,0,3668,0,0,0,0,1
MCH3669,"  Dutta, Banerjee and Saini  ",5999,Misc Retail,Private Limited,lucknow,Uttar Pradesh,03-Sep-2024,9041253658,Live,"2,883.40",MCH3669,5999,Private Limited,Other Retail,2024-09-03 00:00:00,0,0,9041253658,0,0,2883.4,0,0,3669,0,0,0,0,1
MCH3671,"VALA, DHAR AND WASON",5912,Medical,INDIVIDUAL,chennai,Tamil Nadu,,,ACTIVE,"Rs. 2,167",MCH3671,5912,Individual,Pharmacy & Medical,,1,0,,1,0,2167.0,0,0,3671,0,0,0,0,1
mch3672,Ramaswamy PLC,UNKNOWN,Books,PRIVATE-LIMITED,Calcutta,West Bengal,24/01/2025,XXXX8500,Enabled,"9,848.33",MCH3672,,Private Limited,Unknown,2025-01-24 00:00:00,0,0,XXXX8500,0,1,9848.33,0,0,3672,1,0,1,2,2
MCH3674,Wason and Sons,5812,Restaurant,individual,delhi,Delhi,1752959485,6823891084,A,-582.77,MCH3674,5812,Individual,Food & Restaurants,2025-07-19 21:11:25,0,0,6823891084,0,0,-582.77,0,1,3674,0,0,0,0,1
MCH3675,Soman LLC,5999,Miscellaneous,individual,Hyderabad,Telangana,13/02/2026,,Disabled,Rs. 223,MCH3675,5999,Individual,Other Retail,2026-02-13 00:00:00,0,0,,1,0,223.0,0,0,3675,1,1,1,3,2
MCH3677,Toor and Sons,5912,MEDICAL_STORE,SOLE_PROPRIETOR,amritsar,Punjab,2025-03-03 06:28:03,XXXX6857,Active,"₹4,703.03",MCH3677,5912,Sole Proprietor,Pharmacy & Medical,2025-03-03 06:28:03,0,0,XXXX6857,0,1,4703.03,0,0,3677,1,1,1,3,2
3678,"Ramanathan, Oza and Aggarwal",5699.0,Fashion,PARTNERSHIP,Jalandhar,Punjab,03/04/2023 10:00 AM,9191196267,Live,"₹1,617.86",3678,5699,Partnership,Clothing,2023-04-03 10:00:00,0,0,9191196267,0,0,1617.86,0,0,3678,0,0,0,0,1
MCH3679,Kumer LLC,4814,Telecom,PRIVATE-LIMITED,Hyd,Telangana,2025/12/15,1741377762,Active,587.47,MCH3679,4814,Private Limited,Telecom,2025-12-15 00:00:00,0,0,1741377762,0,0,587.47,0,0,3679,0,0,0,0,1
MCH3680,Pradhan Ltd,4131,TRAVEL,PRIVATE-LIMITED,HYDERABAD,Telangana,22/11/2025,HAKD1990878179577,A,₹519.26,MCH3680,4131,Private Limited,Transportation,2025-11-22 00:00:00,0,0,HAKD1990878179577,0,0,519.26,0,0,3680,0,1,1,2,2
MCH3682,"Dash, Kashyap and Goda",5311,Department Stores,private_limited,Amritsar,Punjab,01/12/2025 06:10 PM,UMOT0203540180050,I,"Rs. 1,702",MCH3682,5311,Private Limited,Department Stores,2025-12-01 18:10:00,0,0,UMOT0203540180050,0,0,1702.0,0,0,3682,1,1,1,3,2
MCH3683,Mander Group,5411,Grocery Stores,Individual,Mumbai,Maharashtra,09/10/2023,3019047562,Active,4247.99,MCH3683,5411,Individual,Grocery,2023-10-09 00:00:00,0,0,3019047562,0,0,4247.99,0,0,3683,0,0,0,0,1
MCH3684,Chahal-Reddy,misc,GROCERY_STORE,partnership,Delhi,Delhi,,,A,629.48,MCH3684,,Partnership,Unknown,,1,0,,1,0,629.48,0,0,3684,0,0,0,0,1
MCH3686,Prasad Inc,5812,Restaurants,SOLE-PROPRIETOR,mumbai,Maharashtra,04/09/2024 03:46 AM,GHWB3739951927219,Active,"1,179.14",MCH3686,5812,Sole Proprietor,Food & Restaurants,2024-09-04 03:46:00,0,0,GHWB3739951927219,0,0,1179.14,0,0,3686,0,0,0,0,1
MCH3688,"  Nayak, Brar and Sahni  ",4814,Mobile Recharge,Individual,Madras,Tamil Nadu,20-Aug-2025,,Hold,2787.88,MCH3688,4814,Individual,Telecom,2025-08-20 00:00:00,0,0,,1,0,2787.88,0,0,3688,0,0,0,0,1
MCH3689,"Palla, Gara and Malhotra",5942,Stationery,PARTNERSHIP,Bengaluru,Karnataka,2025/02/04,JSVI9099789537273,Disabled,"1,319.27",MCH3689,5942,Partnership,Books & Stationery,2025-02-04 00:00:00,0,0,JSVI9099789537273,0,0,1319.27,0,0,3689,0,0,0,0,1
MCH-3690,Aurora Inc,4131,TRAVEL,PARTNERSHIP,BLR,Karnataka,26-Apr-2025,XXXX3060,A,915.55,MCH3690,4131,Partnership,Transportation,2025-04-26 00:00:00,0,0,XXXX3060,0,1,915.55,0,0,3690,0,0,0,0,1
MCH3693,"Rajagopal, Savant and Ganesan",4814,Mobile Recharge,Individual,Jalandhar,Punjab,02-26-2025,XXXX6831,Active,893.17,MCH3693,4814,Individual,Telecom,2025-02-26 00:00:00,0,0,XXXX6831,0,1,893.17,0,0,3693,0,0,0,0,1
MCH3694,"Date, Naidu and Raja",5912,Pharmacies,partnership,Jalandhar,Punjab,2024-11-22 04:13:38,GPTO7610757270352,Active,"4,933.54",MCH3694,5912,Partnership,Pharmacy & Medical,2024-11-22 04:13:38,0,0,GPTO7610757270352,0,0,4933.54,0,0,3694,0,0,0,0,1
MCH 3696,"pandya, maharaj and sundaram",5942.0,Book Store,INDIVIDUAL,Poona,Maharashtra,07/08/2025,,Hold,₹416.04,MCH3696,5942,Individual,Books & Stationery,2025-08-07 00:00:00,0,0,,1,0,416.04,0,0,3696,0,0,0,0,1
MCH-3697,Cherian LLC,7011,Hotel,individual,Madras,Tamil Nadu,04/11/2023 01:30 PM,,Live,"INR 2,525.65",MCH3697,7011,Individual,Hotels & Hospitality,2023-11-04 13:30:00,0,0,,1,0,2525.65,0,0,3697,0,0,0,0,1
mch3698,"Prashad, Viswanathan and Sama",5311,Retail,PARTNERSHIP,amritsar,Punjab,02-09-2026,,Enabled,Rs. 514,MCH3698,5311,Partnership,Department Stores,2026-02-09 00:00:00,0,0,,1,0,514.0,0,0,3698,1,0,0,1,2
MCH3699,borra and sons,5942,Stationery,Private Limited,Poona,Maharashtra,1766010666,,I,790.7,MCH3699,5942,Private Limited,Books & Stationery,2025-12-17 22:31:06,0,0,,1,0,790.7,0,0,3699,1,0,1,2,2
MCH 3700,"Sinha, Purohit and Shetty",5912,chemist,INDIVIDUAL,Bengaluru,Karnataka,01/04/2025,2727095091,Disabled,"INR 1,238.03",MCH3700,5912,Individual,Pharmacy & Medical,2025-04-01 00:00:00,0,0,2727095091,0,0,1238.03,0,0,3700,1,1,1,3,2
MCH3701,Mand-Bhat,MCC-5999,Retail Other,SOLE-PROPRIETOR,LKO,Uttar Pradesh,2024/05/07,3078444164,Closed,₹231.29,MCH3701,5999,Sole Proprietor,Other Retail,2024-05-07 00:00:00,0,0,3078444164,0,0,231.29,0,0,3701,0,0,0,0,1
MCH3703,Khatri-Shuk1a,5812,FOOD_SERVICES,private_limited,Jalandar,Punjab,,,S,"₹3,523.05",MCH3703,5812,Private Limited,Food & Restaurants,,1,0,,1,0,3523.05,0,0,3703,0,0,0,0,1
MCH3705,Vig Ltd,5942,Stationery,INDIVIDUAL,Chennai,Tamil Nadu,,,A,1102.78,MCH3705,5942,Individual,Books & Stationery,,1,0,,1,0,1102.78,0,0,3705,1,1,0,2,2
MCH3712,  Narain-Vaidya  ,7011,Hotels,INDIVIDUAL,HYDERABAD,Telangana,05/07/2025 12:23 AM,PUJI3728932216325,A,Rs. 333,MCH3712,7011,Individual,Hotels & Hospitality,2025-07-05 00:23:00,0,0,PUJI3728932216325,0,0,333.0,0,0,3712,0,0,0,0,1
MCH3715,BANSAL INC,5942,Books,INDIVIDUAL,Lucknow,Uttar Pradesh,27-Nov-2024,,SUSPENDED,"2,025.81",MCH3715,5942,Individual,Books & Stationery,2024-11-27 00:00:00,0,0,,1,0,2025.81,0,0,3715,0,0,0,0,1
MCH3718,"S0m, Barman and Bhavsar",5411,kirana,SOLE_PROPRIETOR,Pune,Maharashtra,,2345441898,Live,312.19,MCH3718,5411,Sole Proprietor,Grocery,,1,0,2345441898,0,0,312.19,0,0,3718,0,0,0,0,1
MCH3720,"Bedi, Sanghvi and Balakrishnan",5411,groceries,INDIVIDUAL,New Delhi,Delhi,2024-04-14 08:30:13,ECCR6940813795514,ACTIVE,Rs. 610,MCH3720,5411,Individual,Grocery,2024-04-14 08:30:13,0,0,ECCR6940813795514,0,0,610.0,0,0,3720,0,0,0,0,1
MCH3722,"BEN, DHINGRA AND GARDE",5942,Books,PRIVATE_LIMITED,delhi,Delhi,01-28-2025,,Inactive,₹163.22,MCH3722,5942,Private Limited,Books & Stationery,2025-01-28 00:00:00,0,0,,1,0,163.22,0,0,3722,1,0,1,2,3
MCH3723,wagle-dugar,5411,Grocery,INDIVIDUAL,bengaluru,Karnataka,05-31-2023,0970612973,Active,"₹1,906.51",MCH3723,5411,Individual,Grocery,2023-05-31 00:00:00,0,0,0970612973,0,0,1906.51,0,0,3723,0,0,0,0,1
MCH3725,Balan Inc,5912,Medical,sole_proprietor,Calcutta,West Bengal,04/10/2024 06:42 PM,XXXX4682,Enabled,2579.6,MCH3725,5912,Sole Proprietor,Pharmacy & Medical,2024-10-04 18:42:00,0,0,XXXX4682,0,1,2579.6,0,0,3725,1,0,1,2,2
MCH3726,Varughese PLC,4814,phone service,INDIVIDUAL,Lucknow,Uttar Pradesh,1731487219,,Active,3572.06,MCH3726,4814,Individual,Telecom,2024-11-13 08:40:19,0,0,,1,0,3572.06,0,0,3726,0,0,0,0,1
MCH3732,"Bhat, Sarin and Wag1e",,Hotel,SOLE-PROPRIETOR,lucknow,Uttar Pradesh,2025-06-23 19:32:43,,A,Rs. 604,MCH3732,,Sole Proprietor,Unknown,2025-06-23 19:32:43,0,0,,1,0,604.0,0,0,3732,0,0,0,0,1
MCH 3733,Ramakrishnan-Chaudhuri,7011,Hotels,SOLE_PROPRIETOR,Amritsar,Punjab,15-Mar-2025,,Enabled,1213.25,MCH3733,7011,Sole Proprietor,Hotels & Hospitality,2025-03-15 00:00:00,0,0,,1,0,1213.25,0,0,3733,0,0,0,0,1
MCH3736,Goyal-Thakur,5411,kirana,Individual,Bangalore,Karnataka,08-Dec-2023,,Active,1865.39,MCH3736,5411,Individual,Grocery,2023-12-08 00:00:00,0,0,,1,0,1865.39,0,0,3736,1,1,1,3,4
MCH3737,Raval-Kurian,5812,Restaurants,Individual,Bombay,Maharashtra,2026/01/23,,Live,-352.99,MCH3737,5812,Individual,Food & Restaurants,2026-01-23 00:00:00,0,0,,1,0,-352.99,0,1,3737,0,0,0,0,1
MCH3739,Murty Ltd,5311,Department Store,PRIVATE_LIMITED,Madras,Tamil Nadu,15-Sep-2025,XXXX2052,Enabled,571.15,MCH3739,5311,Private Limited,Department Stores,2025-09-15 00:00:00,0,0,XXXX2052,0,1,571.15,0,0,3739,0,0,0,0,1
mch3742,"Mall, Sarma and Merchant",5999,Miscellaneous,Partnership,jalandhar,Punjab,19/06/2025 08:34 AM,,ACTIVE,INR 330.87,MCH3742,5999,Partnership,Other Retail,2025-06-19 08:34:00,0,0,,1,0,330.87,0,0,3742,0,0,0,0,1
MCH3743,doctor ltd,05912,Pharmacy,sole_proprietor,Hyd,Telangana,16/01/2023 08:06 PM,BRVO9557812490695,Enabled,"12,417.30",MCH3743,5912,Sole Proprietor,Pharmacy & Medical,2023-01-16 20:06:00,0,0,BRVO9557812490695,0,0,12417.3,0,0,3743,0,0,0,0,1
MCH3748,Bedi-Cherian,5311,Retail,Individual,Mumbay,Maharashtra,03-19-2025,XXXX2002,Hold,"₹1,343.58",MCH3748,5311,Individual,Department Stores,2025-03-19 00:00:00,0,0,XXXX2002,0,1,1343.58,0,0,3748,0,0,0,0,1
MCH 3753,vohra-din,5699,Clothing,Private Limited,Calcutta,West Bengal,03-30-2025,8109513390,Live,754.9,MCH3753,5699,Private Limited,Clothing,2025-03-30 00:00:00,0,0,8109513390,0,0,754.9,0,0,3753,1,1,1,3,3
3754,Dugal-Chawla,5812,FOOD_SERVICES,PARTNERSHIP,Calcutta,West Bengal,01-18-2025,MIWY6996336112119,Live,-581.93,3754,5812,Partnership,Food & Restaurants,2025-01-18 00:00:00,0,0,MIWY6996336112119,0,0,-581.93,0,1,3754,0,0,0,0,1
MCH3755,Hayer and Sons,5812,FOOD_SERVICES,PRIVATE_LIMITED,Poona,Maharashtra,2025-08-02 17:59:03,1710186455,Live,1098.64,MCH3755,5812,Private Limited,Food & Restaurants,2025-08-02 17:59:03,0,0,1710186455,0,0,1098.64,0,0,3755,0,0,0,0,1
MCH3757,Chokshi PLC,04814,TELECOM,Private Limited,Jaipur,Rajasthan,23/10/2025 10:04 AM,KUIQ2748561079701,ACTIVE,2492.69,MCH3757,4814,Private Limited,Telecom,2025-10-23 10:04:00,0,0,KUIQ2748561079701,0,0,2492.69,0,0,3757,0,0,0,0,1
MCH3758,  Dube Ltd  ,5999,Misc Retail,Sole Proprietor,delhi,Delhi,2023-09-10 22:18:52,7052831071,Active,1607.42,MCH3758,5999,Sole Proprietor,Other Retail,2023-09-10 22:18:52,0,0,7052831071,0,0,1607.42,0,0,3758,0,0,0,0,1
MCH-3760,Das-Ahuja,5812,eating place,SOLE_PROPRIETOR,Lucknow,Uttar Pradesh,13-Jan-2023,QOFI2681256583657,Active,₹755.00,MCH3760,5812,Sole Proprietor,Food & Restaurants,2023-01-13 00:00:00,0,0,QOFI2681256583657,0,0,755.0,0,0,3760,0,0,0,0,1
MCH3761,"Bal,MittalandPrabhakar",5999,Other,private_limited,Poona,Maharashtra,11-Jun-2025,,Enabled,6900.33,MCH3761,5999,Private Limited,Other Retail,2025-06-11 00:00:00,0,0,,1,0,6900.33,0,0,3761,0,0,0,0,1
MCH3764,Tandon and Sons,5912,Medical,Partnership,mumbai,Maharashtra,2025/12/30,,Active,"Rs. 3,428",MCH3764,5912,Partnership,Pharmacy & Medical,2025-12-30 00:00:00,0,0,,1,0,3428.0,0,0,3764,0,0,0,0,1
MCH3765,Mohanty LLC,5311,Department Store,Partnership,Hyderabad,Telangana,1687237880,0770998127,Active,"INR 1,911.75",MCH3765,5311,Partnership,Department Stores,2023-06-20 05:11:20,0,0,0770998127,0,0,1911.75,0,0,3765,0,0,0,0,1
MCH3771,Bumb Inc,5999,Retail Other,partnership,LKO,Uttar Pradesh,11-06-2024,,A,2602.75,MCH3771,5999,Partnership,Other Retail,2024-11-06 00:00:00,0,0,,1,0,2602.75,0,0,3771,0,0,0,0,1
MCH3776,"Kapadia, Sathe and Shenoy",5311,DEPT_STORE,Partnership,Delhi,Delhi,,2896927884,Active,"₹1,854.99",MCH3776,5311,Partnership,Department Stores,,1,0,2896927884,0,0,1854.99,0,0,3776,0,0,0,0,1
MCH3778,Karnik Inc,MCC-5912,Pharmacies,sole_proprietor,Jaipur,Rajasthan,,2560479060,I,"Rs. 1,211",MCH3778,5912,Sole Proprietor,Pharmacy & Medical,,1,0,2560479060,0,0,1211.0,0,0,3778,1,1,0,2,2
MCH3779,aggarwal-hans,05311,Department Stores,PRIVATE_LIMITED,Calcutta,West Bengal,2024-12-04 08:30:32,VKLU5024337304270,Live,-1502.01,MCH3779,5311,Private Limited,Department Stores,2024-12-04 08:30:32,0,0,VKLU5024337304270,0,0,-1502.01,0,1,3779,0,0,0,0,1
MCH3780,HEGDE GROUP,5311,DEPT_STORE,PRIVATE_LIMITED,lucknow,Uttar Pradesh,27/02/2026 08:38 PM,XXXX3079,ACTIVE,315.62,MCH3780,5311,Private Limited,Department Stores,2026-02-27 20:38:00,0,0,XXXX3079,0,1,315.62,0,0,3780,0,1,1,2,3
MCH3786,Ratta-Bhasin,05999,Misc Retail,PARTNERSHIP,bengaluru,Karnataka,08-22-2023,,A,1037.97,MCH3786,5999,Partnership,Other Retail,2023-08-22 00:00:00,0,0,,1,0,1037.97,0,0,3786,0,0,0,0,1
MCH3787,"Boase, Mand and Khatri",5411,kirana,partnership,Pune,Maharashtra,21/03/2025 12:49 AM,4292433603,ACTIVE,1436.68,MCH3787,5411,Partnership,Grocery,2025-03-21 00:49:00,0,0,4292433603,0,0,1436.68,0,0,3787,1,1,1,3,2
MCH3788,BHARGAVA AND SONS,4131,Bus/Taxi,partnership,Bengaluru,Karnataka,18-Dec-2025,SFPS7075877461991,Active,"₹2,495.65",MCH3788,4131,Partnership,Transportation,2025-12-18 00:00:00,0,0,SFPS7075877461991,0,0,2495.65,0,0,3788,1,1,1,3,4
MCH-3793,"Sankar, Parsa and Shere",7011,Hospitality,SOLE_PROPRIETOR,Ludhiana,Punjab,03-30-2025,3431564371,Live,6906.85,MCH3793,7011,Sole Proprietor,Hotels & Hospitality,2025-03-30 00:00:00,0,0,3431564371,0,0,6906.85,0,0,3793,0,0,0,0,1
MCH3795,Sinha-Ramesh,4814,TELECOM,Partnership,Hyderabad,Telangana,2024/06/19,XXXX9092,Live,1083.1,MCH3795,4814,Partnership,Telecom,2024-06-19 00:00:00,0,0,XXXX9092,0,1,1083.1,0,0,3795,0,0,0,0,1
MCH3796,Mani-Saha,,Food,individual,chennai,Tamil Nadu,06-Aug-2023,GQAE5409560780073,Active,860.72,MCH3796,,Individual,Unknown,2023-08-06 00:00:00,0,0,GQAE5409560780073,0,0,860.72,0,0,3796,1,1,1,3,2
MCH3797,"Dhaliwal, Parekh and Dey",7011,HOTEL_LODGING,Partnership,Jalandhar,Punjab,2024/11/02,XXXX1096,SUSPENDED,,MCH3797,7011,Partnership,Hotels & Hospitality,2024-11-02 00:00:00,0,0,XXXX1096,0,1,,1,0,3797,0,0,0,0,1
MCH3801,"Arya, Sachar and Khanna",5912,Pharmacy,Partnership,BLR,Karnataka,2024-01-03 13:59:47,XXXX2457,SUSPENDED,639.86,MCH3801,5912,Partnership,Pharmacy & Medical,2024-01-03 13:59:47,0,0,XXXX2457,0,1,639.86,0,0,3801,0,0,0,0,1
MCH3803,"  Tara, Wali and Sachdev  ",5942,Book Store,INDIVIDUAL,lucknow,Uttar Pradesh,14/10/2025 11:06 PM,,A,"₹2,461.72",MCH3803,5942,Individual,Books & Stationery,2025-10-14 23:06:00,0,0,,1,0,2461.72,0,0,3803,0,0,0,0,1
MCH3804,"Pingle, Choudhry and Sastry",05942,Stationery,SOLE_PROPRIETOR,Delhi,Delhi,10-13-2025,,A,₹729.50,MCH3804,5942,Sole Proprietor,Books & Stationery,2025-10-13 00:00:00,0,0,,1,0,729.5,0,0,3804,0,0,0,0,1
MCH3805,Issac-Munshi,5999,Misc Retail,Private Limited,bengaluru,Karnataka,02-19-2023,2364539164,ACTIVE,"Rs. 7,651",MCH3805,5999,Private Limited,Other Retail,2023-02-19 00:00:00,0,0,2364539164,0,0,7651.0,0,0,3805,0,0,0,0,1
MCH3806,ParmerLLC,5411,kirana,sole_proprietor,JPR,Rajasthan,04-Nov-2024,6810844450,Active,"Rs. 1,939",MCH3806,5411,Sole Proprietor,Grocery,2024-11-04 00:00:00,0,0,6810844450,0,0,1939.0,0,0,3806,1,0,1,2,2
MCH3810,Mallick-Lall,5411,kirana,Private Limited,lucknow,Uttar Pradesh,07/12/2025,XXXX7137,S,630.92,MCH3810,5411,Private Limited,Grocery,2025-12-07 00:00:00,0,0,XXXX7137,0,1,630.92,0,0,3810,0,0,0,0,1
3811,"bhat, anand and bakshi",,Hotels,individual,Bengaluru,Karnataka,,4680162216,Enabled,₹563.14,3811,,Individual,Unknown,,1,0,4680162216,0,0,563.14,0,0,3811,0,0,0,0,1
mch3817,Subramanian Group,5311,DEPT_STORE,Sole Proprietor,Ludhiana,Punjab,,XXXX6376,A,3916.72,MCH3817,5311,Sole Proprietor,Department Stores,,1,0,XXXX6376,0,1,3916.72,0,0,3817,0,0,0,0,1
MCH3818,Gopal-Khalsa,4814,TELECOM,PARTNERSHIP,ASR,Punjab,,,A,200.35,MCH3818,4814,Partnership,Telecom,,1,0,,1,0,200.35,0,0,3818,0,0,0,0,1
MCH3819,Butala-Patla,5999,Misc Retail,INDIVIDUAL,Delhi,Delhi,08-Apr-2023,XXXX5729,ACTIVE,2466.12,MCH3819,5999,Individual,Other Retail,2023-04-08 00:00:00,0,0,XXXX5729,0,1,2466.12,0,0,3819,0,0,0,0,1
MCH3820,Behl LLC,5311,Department Stores,Partnership,Jalandar,Punjab,2023/05/30,8600214749,I,983.06,MCH3820,5311,Partnership,Department Stores,2023-05-30 00:00:00,0,0,8600214749,0,0,983.06,0,0,3820,0,0,0,0,1
MCH-3822,Anne and Sons,5411,Grocery,private_limited,Amritsar,Punjab,2026-01-21 20:10:57,,A,2115.91,MCH3822,5411,Private Limited,Grocery,2026-01-21 20:10:57,0,0,,1,0,2115.91,0,0,3822,0,0,0,0,1
MCH3824,Chand-Sarna,5812,FOOD_SERVICES,sole_proprietor,Calcutta,West Bengal,2025/08/24,,Active,733.85,MCH3824,5812,Sole Proprietor,Food & Restaurants,2025-08-24 00:00:00,0,0,,1,0,733.85,0,0,3824,0,0,0,0,1
MCH3829,Bansal Ltd,7011,Hotels,PRIVATE_LIMITED,pune,Maharashtra,04/12/2024,XXXX7846,A,"INR 2,565.33",MCH3829,7011,Private Limited,Hotels & Hospitality,2024-12-04 00:00:00,0,0,XXXX7846,0,1,2565.33,0,0,3829,1,1,1,3,2
MCH-3835,"Pillai, Ratti and Chaudhuri",4814,Mobile Recharge,PARTNERSHIP,ludhiana,Punjab,15/01/2023 10:05 AM,4590776710,INACTIVE,"6,901.65",MCH3835,4814,Partnership,Telecom,2023-01-15 10:05:00,0,0,4590776710,0,0,6901.65,0,0,3835,0,0,0,0,1
MCH3837,"Char, Naik and Sachdev",5999,Other,private_limited,New Delhi,Delhi,25-Jan-2026,XXXX8517,Enabled,"Rs. 5,233",MCH3837,5999,Private Limited,Other Retail,2026-01-25 00:00:00,0,0,XXXX8517,0,1,5233.0,0,0,3837,1,1,1,3,5
MCH3841,"SANDHU, KHOSLA AND GUHA",5999,miscellaneous,Partnership,Bangalore,Karnataka,16/09/2024,7616513593,Active,2207.18,MCH3841,5999,Partnership,Other Retail,2024-09-16 00:00:00,0,0,7616513593,0,0,2207.18,0,0,3841,0,0,1,1,2
MCH 3842,"Rao, Rajagopal and Ratti",4131,Bus/Taxi,PRIVATE-LIMITED,Jaipur,Rajasthan,27-Jan-2024,,Live,₹444.10,MCH3842,4131,Private Limited,Transportation,2024-01-27 00:00:00,0,0,,1,0,444.1,0,0,3842,0,1,1,2,2
MCH3845,Barad-Hayre,5999,Retail Other,private_limited,HYDERABAD,Telangana,,7981739720,Inactive,-1429.41,MCH3845,5999,Private Limited,Other Retail,,1,0,7981739720,0,0,-1429.41,0,1,3845,1,1,1,3,2
MCH-3846,  Khanna-Badal  ,5311,Retail,Private Limited,delhi,Delhi,18/04/2025 09:01 PM,9124984839,A,3521.78,MCH3846,5311,Private Limited,Department Stores,2025-04-18 21:01:00,0,0,9124984839,0,0,3521.78,0,0,3846,1,0,1,2,2
MCH-3847,  Nair PLC  ,5311,Retail,SOLE-PROPRIETOR,Poona,Maharashtra,,,Enabled,660.47,MCH3847,5311,Sole Proprietor,Department Stores,,1,0,,1,0,660.47,0,0,3847,0,0,0,0,1
MCH 3849,Das-Ratta,4814.0,phone service,INDIVIDUAL,Chennai,Tamil Nadu,13/06/2024 12:11 AM,MLDH2446114366761,Active,"Rs. 4,368",MCH3849,4814,Individual,Telecom,2024-06-13 00:11:00,0,0,MLDH2446114366761,0,0,4368.0,0,0,3849,0,0,0,0,1
MCH3853,Bhat-Dutt,5411,Grocery,Sole Proprietor,HYDERABAD,Telangana,2023/03/05,,ACTIVE,,MCH3853,5411,Sole Proprietor,Grocery,2023-03-05 00:00:00,0,0,,1,0,,1,0,3853,0,0,0,0,1
MCH3854,"Was0n, Chauhan and Gh0se",5812,FOOD_SERVICES,Private Limited,Hyderabad,Telangana,01-Sep-2025,FZNK7723155067265,ACTIVE,Rs. 528,MCH3854,5812,Private Limited,Food & Restaurants,2025-09-01 00:00:00,0,0,FZNK7723155067265,0,0,528.0,0,0,3854,0,0,0,0,1
MCH3856,"Pandit, Karnik and Kurian",5912,Medical,INDIVIDUAL,Ludhiana,Punjab,07-07-2025,,A,₹755.40,MCH3856,5912,Individual,Pharmacy & Medical,2025-07-07 00:00:00,0,0,,1,0,755.4,0,0,3856,1,1,1,3,3
MCH3859,"mall, bassi and seshadri",05411,groceries,partnership,Mumbay,Maharashtra,,,Active,Rs. 610,MCH3859,5411,Partnership,Grocery,,1,0,,1,0,610.0,0,0,3859,0,0,0,0,1
MCH3860,sama group,MCC-5699,Clothing,SOLE-PROPRIETOR,chennai,Tamil Nadu,03-Oct-2023,,Active,448.66,MCH3860,5699,Sole Proprietor,Clothing,2023-10-03 00:00:00,0,0,,1,0,448.66,0,0,3860,0,0,0,0,1
MCH3869,HEGDE LTD,,Department Store,partnership,Pune,Maharashtra,2026-01-28 22:35:06,,ACTIVE,-342.59,MCH3869,,Partnership,Unknown,2026-01-28 22:35:06,0,0,,1,0,-342.59,0,1,3869,0,0,0,0,1
MCH3872,Krish Group,5699,CLOTHS,Partnership,ASR,Punjab,03-14-2024,,A,3660.6,MCH3872,5699,Partnership,Clothing,2024-03-14 00:00:00,0,0,,1,0,3660.6,0,0,3872,0,0,0,0,1
MCH3873,"DUGAL, THAKUR AND PURI",7011,Hotels,PRIVATE-LIMITED,Jalandar,Punjab,02/07/2023,,ACTIVE,"1,499.22",MCH3873,7011,Private Limited,Hotels & Hospitality,2023-07-02 00:00:00,0,0,,1,0,1499.22,0,0,3873,0,0,0,0,1
MCH3874,"Dora,DeshpandeandSeth",,phone service,private_limited,Jalandar,Punjab,18/05/2024 12:12 AM,XXXX2093,ACTIVE,"INR 1,119.69",MCH3874,,Private Limited,Unknown,2024-05-18 00:12:00,0,0,XXXX2093,0,1,1119.69,0,0,3874,0,0,0,0,1
3875,natt ltd,5812,Food,PRIVATE-LIMITED,jalandhar,Punjab,07/04/2025,,Enabled,4372.03,3875,5812,Private Limited,Food & Restaurants,2025-04-07 00:00:00,0,0,,1,0,4372.03,0,0,3875,1,0,1,2,2
MCH3880,Raja and Sons,05912,Medical,private_limited,JPR,Rajasthan,,,Live,641.53,MCH3880,5912,Private Limited,Pharmacy & Medical,,1,0,,1,0,641.53,0,0,3880,1,1,1,3,3
mch3882,Kannan PLC,5912,Medical,INDIVIDUAL,Poona,Maharashtra,08/06/2024,4780136395,Enabled,"INR 1,470.90",MCH3882,5912,Individual,Pharmacy & Medical,2024-06-08 00:00:00,0,0,4780136395,0,0,1470.9,0,0,3882,0,0,0,0,1
MCH3883,Vohra and Sons,7011,Hotels,INDIVIDUAL,mumbai,Maharashtra,17-Nov-2023,1962011949,Active,-2320.22,MCH3883,7011,Individual,Hotels & Hospitality,2023-11-17 00:00:00,0,0,1962011949,0,0,-2320.22,0,1,3883,0,0,0,0,1
MCH3885,  Thakur Inc  ,4131,transprt,Private Limited,Madras,Tamil Nadu,,8680968188,ACTIVE,618.81,MCH3885,4131,Private Limited,Transportation,,1,0,8680968188,0,0,618.81,0,0,3885,0,0,0,0,1
MCH3886,Gandhi Inc,5812,eating place,Sole Proprietor,kolkata,West Bengal,18-Dec-2025,XXXX0009,Enabled,-3831.0,MCH3886,5812,Sole Proprietor,Food & Restaurants,2025-12-18 00:00:00,0,0,XXXX0009,0,1,-3831.0,0,1,3886,0,0,0,0,1
MCH3887,Pa11a-Sah0ta,7011,Hotel,PARTNERSHIP,Calcutta,West Bengal,2025-11-19 10:50:37,EUVX7549332799238,INACTIVE,1596.95,MCH3887,7011,Partnership,Hotels & Hospitality,2025-11-19 10:50:37,0,0,EUVX7549332799238,0,1,1596.95,0,0,3887,0,0,0,0,1
MCH-3888,"Gandhi, Cherian and Chhabra",4814,phone service,Partnership,Hyderabad,Telangana,27/02/2025,8744798624,Enabled,-1400.8,MCH3888,4814,Partnership,Telecom,2025-02-27 00:00:00,0,0,8744798624,0,0,-1400.8,0,1,3888,0,0,0,0,1
MCH 3889,upadhyay-chaudhry,4131,Bus/Taxi,Individual,ludhiana,Punjab,2026/01/16,5975404049,ACTIVE,,MCH3889,4131,Individual,Transportation,2026-01-16 00:00:00,0,0,5975404049,0,0,,1,0,3889,1,1,1,3,2
MCH3890,Tata-Bal,UNKNOWN,chemist,INDIVIDUAL,Poona,Maharashtra,22/02/2026,,Active,Rs. 668,MCH3890,,Individual,Unknown,2026-02-22 00:00:00,0,0,,1,0,668.0,0,0,3890,0,0,0,0,1
MCH3893,Dhingra-Chaudhuri,5912,MEDICAL_STORE,SOLE-PROPRIETOR,chennai,Tamil Nadu,2025/08/03,XXXX2466,Live,"2,445.50",MCH3893,5912,Sole Proprietor,Pharmacy & Medical,2025-08-03 00:00:00,0,0,XXXX2466,0,1,2445.5,0,0,3893,1,1,1,3,2
MCH3895,Wable-Sarna,,Hotels,PRIVATE_LIMITED,jaipur,Rajasthan,2024/06/20,,Closed,₹797.39,MCH3895,,Private Limited,Unknown,2024-06-20 00:00:00,0,0,,1,0,797.39,0,0,3895,0,0,0,0,1
MCH3896,"  Bansal, Thakkar and Dar  ",5942,Books,sole_proprietor,Bangalore,Karnataka,20/04/2023,HRLW3110428710394,ACTIVE,,MCH3896,5942,Sole Proprietor,Books & Stationery,2023-04-20 00:00:00,0,0,HRLW3110428710394,0,0,,1,0,3896,0,0,0,0,1
MCH3898,Wadhwa-Sahni,5699,Fashion,PRIVATE_LIMITED,LDH,Punjab,05-Aug-2025,,A,,MCH3898,5699,Private Limited,Clothing,2025-08-05 00:00:00,0,0,,1,0,,1,0,3898,0,0,0,0,1
mch3899,  Goswami-Bath  ,4131,Transportation,Sole Proprietor,Hyderabad,Telangana,14-Jan-2023,,ACTIVE,-1271.48,MCH3899,4131,Sole Proprietor,Transportation,2023-01-14 00:00:00,0,0,,1,0,-1271.48,0,1,3899,0,0,0,0,1
MCH3900,Mand-Bedi,5812,eating place,PRIVATE_LIMITED,Kolkata,West Bengal,2025/02/20,XXXX1674,Enabled,1036.74,MCH3900,5812,Private Limited,Food & Restaurants,2025-02-20 00:00:00,0,0,XXXX1674,0,1,1036.74,0,0,3900,0,0,0,0,1
MCH3903,"KHARE, BALASUBRAMANIAN AND MITAL",05942,BOOKS_STATIONERY,sole_proprietor,Jaipur,Rajasthan,2024-08-25 14:04:47,7400031518,Live,3531.21,MCH3903,5942,Sole Proprietor,Books & Stationery,2024-08-25 14:04:47,0,0,7400031518,0,0,3531.21,0,0,3903,0,0,0,0,1
MCH3907,"oza, sachdev and sarkar",5812.0,FOOD_SERVICES,PRIVATE_LIMITED,jalandhar,Punjab,,XXXX6224,ACTIVE,2184.56,MCH3907,5812,Private Limited,Food & Restaurants,,1,0,XXXX6224,0,1,2184.56,0,0,3907,1,1,1,3,3
MCH3908,Kanda LLC,5999,Retail Other,sole_proprietor,Pune,Maharashtra,07-05-2024,2653904246,Enabled,-7690.26,MCH3908,5999,Sole Proprietor,Other Retail,2024-07-05 00:00:00,0,0,2653904246,0,0,-7690.26,0,1,3908,0,0,0,0,1
MCH3911,"  Majumdar, Sane and Raval  ",5812.0,Restaurant,SOLE-PROPRIETOR,Poona,Maharashtra,1757107597,2993218520,Hold,"INR 2,093.32",MCH3911,5812,Sole Proprietor,Food & Restaurants,2025-09-05 21:26:37,0,0,2993218520,0,0,2093.32,0,0,3911,1,1,1,3,2
MCH-3913,Tank-Pathak,5311.0,Department Stores,INDIVIDUAL,jalandhar,Punjab,,,Enabled,"₹2,215.86",MCH3913,5311,Individual,Department Stores,,1,0,,1,0,2215.86,0,0,3913,0,0,0,0,1
MCH3916,"Parmer, Chakrabarti and Sibal",04131,Transport,individual,Jaipur,Rajasthan,03-Jan-2025,XXXX6443,Enabled,Rs. 794,MCH3916,4131,Individual,Transportation,2025-01-03 00:00:00,0,0,XXXX6443,0,1,794.0,0,0,3916,0,0,0,0,1
MCH 3917,CHOWDHURY-PANDIT,,fashion,PRIVATE_LIMITED,Hyd,Telangana,04-02-2023,XXXX2174,Inactive,-445.99,MCH3917,,Private Limited,Unknown,2023-04-02 00:00:00,0,0,XXXX2174,0,1,-445.99,0,1,3917,0,0,1,1,2
MCH3920,SharmaLLC,UNKNOWN,Book Store,PRIVATE-LIMITED,LKO,Uttar Pradesh,23/06/2024 09:51 PM,1753085069,S,1885.7,MCH3920,,Private Limited,Unknown,2024-06-23 21:51:00,0,0,1753085069,0,0,1885.7,0,0,3920,0,0,0,0,1
mch3925,Rana-Sehga1,5912,Pharmacy,INDIVIDUAL,Chennai,Tamil Nadu,,IFJH9817043350326,Hold,-1111.78,MCH3925,5912,Individual,Pharmacy & Medical,,1,0,IFJH9817043350326,0,0,-1111.78,0,1,3925,1,1,1,3,2
MCH3926,Master-Sarin,5999,Misc Retail,INDIVIDUAL,Hyderabad,Telangana,08/05/2025,,ACTIVE,"₹1,913.50",MCH3926,5999,Individual,Other Retail,2025-05-08 00:00:00,0,0,,1,0,1913.5,0,0,3926,0,0,0,0,1
MCH3927,Basak-Shukla,04814,Mobile Recharge,Private Limited,Jalandar,Punjab,2023/03/18,KBJY1537538735375,Closed,INR 980.64,MCH3927,4814,Private Limited,Telecom,2023-03-18 00:00:00,0,0,KBJY1537538735375,0,0,980.64,0,0,3927,0,0,0,0,1
mch3930,Kashyap-Rastogi,5699,Apparel,INDIVIDUAL,LKO,Uttar Pradesh,,XXXX4709,Live,510.04,MCH3930,5699,Individual,Clothing,,1,0,XXXX4709,0,1,510.04,0,0,3930,0,0,0,0,1
3935,Natarajan-Karnik,4814,Telecom,SOLE-PROPRIETOR,delhi,Delhi,1745367810,,Live,₹461.40,3935,4814,Sole Proprietor,Telecom,2025-04-23 00:23:30,0,0,,1,0,461.4,0,0,3935,1,1,1,3,2
3936,Bath Inc,5411,GROCERY_STORE,INDIVIDUAL,Lucknow,Uttar Pradesh,13-Jun-2023,,ACTIVE,879.38,3936,5411,Individual,Grocery,2023-06-13 00:00:00,0,0,,1,0,879.38,0,0,3936,0,0,0,0,1
MCH3938,Acharya Group,7011,Hotel,Sole Proprietor,Kolkata,West Bengal,10-17-2024,,Active,2349.37,MCH3938,7011,Sole Proprietor,Hotels & Hospitality,2024-10-17 00:00:00,0,0,,1,0,2349.37,0,0,3938,0,0,0,0,1
mch3940,Chad-Dara,,groceries,PARTNERSHIP,Madras,Tamil Nadu,09/11/2024,XXXX0176,ACTIVE,-3610.64,MCH3940,,Partnership,Unknown,2024-11-09 00:00:00,0,0,XXXX0176,0,1,-3610.64,0,1,3940,0,0,0,0,1
MCH3941,"Khanna, Sama and Korpal",,Retail Other,Sole Proprietor,pune,Maharashtra,,,Active,1016.43,MCH3941,,Sole Proprietor,Unknown,,1,0,,1,0,1016.43,0,0,3941,1,1,0,2,2
MCH3945,Mukhopadhyay-Raghavan,4131.0,transprt,Sole Proprietor,Bombay,Maharashtra,2023/03/05,XXXX6774,Enabled,INR 942.71,MCH3945,4131,Sole Proprietor,Transportation,2023-03-05 00:00:00,0,0,XXXX6774,0,1,942.71,0,0,3945,0,0,0,0,1
MCH3946,Dhar-Buch,5812,Food,PARTNERSHIP,DELHI,Delhi,1751437737,YGDI8437831559376,ACTIVE,"1,451.62",MCH3946,5812,Partnership,Food & Restaurants,2025-07-02 06:28:57,0,0,YGDI8437831559376,0,0,1451.62,0,0,3946,0,0,0,0,1
MCH 3953,"Ray, Minhas and Yohannan",5411,Grocery Stores,Sole Proprietor,kolkata,West Bengal,18-Mar-2023,XXXX6303,A,"INR 8,126.93",MCH3953,5411,Sole Proprietor,Grocery,2023-03-18 00:00:00,0,0,XXXX6303,0,1,8126.93,0,0,3953,0,0,0,0,1
MCH3955,"Dutta, Boase and Jha",5812,FOOD_SERVICES,PARTNERSHIP,Jaipur,Rajasthan,,7839475828,Inactive,935.24,MCH3955,5812,Partnership,Food & Restaurants,,1,0,7839475828,0,0,935.24,0,0,3955,1,1,1,3,3
MCH3956,Kota Ltd,5311,Department Store,PRIVATE_LIMITED,HYDERABAD,Telangana,2023/11/14,,Active,656.81,MCH3956,5311,Private Limited,Department Stores,2023-11-14 00:00:00,0,0,,1,0,656.81,0,0,3956,0,0,0,0,1
MCH 3959,"Kant, Goel and Pradhan",5999,Miscellaneous,individual,Hyd,Telangana,2025/03/19,XXXX9762,Live,"₹1,214.73",MCH3959,5999,Individual,Other Retail,2025-03-19 00:00:00,0,0,XXXX9762,0,1,1214.73,0,0,3959,0,0,0,0,1
MCH3964,"Bala, Chanda and Loyal",5942,books,partnership,JPR,Rajasthan,2023/09/05,CFOS0283411374388,Inactive,2002.33,MCH3964,5942,Partnership,Books & Stationery,2023-09-05 00:00:00,0,0,CFOS0283411374388,0,0,2002.33,0,0,3964,0,0,1,1,2
MCH3966,NATH-DIXIT,05411,kirana,partnership,Pune,Maharashtra,21-Aug-2023,XXXX2614,Active,1005.47,MCH3966,5411,Partnership,Grocery,2023-08-21 00:00:00,0,0,XXXX2614,0,1,1005.47,0,0,3966,0,0,0,0,1
3968,"Peri, Sane and Mohanty",5812,eating place,INDIVIDUAL,MUMBAI,Maharashtra,10/06/2024 04:21 AM,,A,"INR 1,174.15",3968,5812,Individual,Food & Restaurants,2024-06-10 04:21:00,0,0,,1,0,1174.15,0,0,3968,0,0,0,0,1
MCH3970,"Chawla, Sami and Mani",5942,BOOKS_STATIONERY,SOLE_PROPRIETOR,Poona,Maharashtra,25-Apr-2023,XXXX3871,A,2506.67,MCH3970,5942,Sole Proprietor,Books & Stationery,2023-04-25 00:00:00,0,0,XXXX3871,0,1,2506.67,0,0,3970,0,0,0,0,1
MCH3971,Sura PLC,7011,hotel_lodging,INDIVIDUAL,Dilli,Delhi,2024-04-17 13:25:57,,Inactive,₹748.82,MCH3971,7011,Individual,Hotels & Hospitality,2024-04-17 13:25:57,0,0,,1,0,748.82,0,0,3971,0,0,1,1,2
mch3974,"Mishra, Baral and Char",5942,Book Store,SOLE-PROPRIETOR,chennai,Tamil Nadu,22/02/2026,XXXX0042,Hold,"₹2,017.65",MCH3974,5942,Sole Proprietor,Books & Stationery,2026-02-22 00:00:00,0,0,XXXX0042,0,1,2017.65,0,0,3974,0,0,0,0,1
mch3980,Chadha-Raval,5699,Apparel,Partnership,Bengaluru,Karnataka,14/04/2023,XXXX9643,ACTIVE,1323.06,MCH3980,5699,Partnership,Clothing,2023-04-14 00:00:00,0,0,XXXX9643,0,1,1323.06,0,0,3980,0,0,0,0,1
MCH3983,"Magar, Tara and Gera",5912,Medical,SOLE-PROPRIETOR,Amritsar,Punjab,1734230664,XXXX1963,A,Rs. 511,MCH3983,5912,Sole Proprietor,Pharmacy & Medical,2024-12-15 02:44:24,0,0,XXXX1963,0,1,511.0,0,0,3983,1,1,1,3,2
MCH-3984,"wadhwa, sunder and bobal",7011,HOTEL_LODGING,PRIVATE_LIMITED,Chennai,Tamil Nadu,10/08/2023 04:06 PM,QUQR5120846966545,ACTIVE,"₹1,305.55",MCH3984,7011,Private Limited,Hotels & Hospitality,2023-08-10 16:06:00,0,0,QUQR5120846966545,0,0,1305.55,0,0,3984,0,0,0,0,1
MCH3987,Pandya Inc,,Pharmacy,Partnership,Amritsar,Punjab,10-14-2025,,Active,,MCH3987,,Partnership,Unknown,2025-10-14 00:00:00,0,0,,1,0,,1,0,3987,1,1,1,3,2
MCH3988,Barad-Bawa,7011,HOTEL_LODGING,Individual,amritsar,Punjab,20/11/2023,XXXX1285,Active,INR 602.31,MCH3988,7011,Individual,Hotels & Hospitality,2023-11-20 00:00:00,0,0,XXXX1285,0,1,602.31,0,0,3988,0,0,0,0,1
MCH3989,Madan LLC,5411,Grocery Stores,PARTNERSHIP,Jaipur,Rajasthan,18/09/2023 07:54 AM,9575202686,Active,238.33,MCH3989,5411,Partnership,Grocery,2023-09-18 07:54:00,0,0,9575202686,0,0,238.33,0,0,3989,0,0,0,0,1
mch3990,Dey-Chaudhari,5912,Pharmacy,individual,Chennai,Tamil Nadu,14/03/2025,IPYG2797181414167,A,-1780.37,MCH3990,5912,Individual,Pharmacy & Medical,2025-03-14 00:00:00,0,0,IPYG2797181414167,0,0,-1780.37,0,1,3990,0,0,0,0,1
MCH3993,VAIDYA LTD,5999,Other,PARTNERSHIP,chennai,Tamil Nadu,23/12/2023 03:28 AM,YBKO6037061844125,A,372.73,MCH3993,5999,Partnership,Other Retail,2023-12-23 03:28:00,0,0,YBKO6037061844125,0,0,372.73,0,0,3993,0,0,0,0,1
3997,Bhatia Inc,04814,phone service,PARTNERSHIP,Calcutta,West Bengal,1737298631,XXXX8184,INACTIVE,-702.23,3997,4814,Partnership,Telecom,2025-01-19 14:57:11,0,0,XXXX8184,0,1,-702.23,0,1,3997,1,1,1,3,2
3998,"krish, tak and peri",4814,TELECOM,PARTNERSHIP,ludhiana,Punjab,08-16-2023,,Live,"INR 1,019.25",3998,4814,Partnership,Telecom,2023-08-16 00:00:00,0,0,,1,0,1019.25,0,0,3998,0,0,0,0,1
MCH 4000,"Dewan, Sunder and Bhakta",5411,groceries,private_limited,Calcutta,West Bengal,2023-06-25 20:40:27,KUHA3646516215943,Enabled,-3205.97,MCH4000,5411,Private Limited,Grocery,2023-06-25 20:40:27,0,0,KUHA3646516215943,0,0,-3205.97,0,1,4000,0,0,0,0,1
MCH4002,"Bora, Kant and Chauhan",5411.0,GROCERY_STORE,INDIVIDUAL,bengaluru,Karnataka,1686919600,7171127147,Live,,MCH4002,5411,Individual,Grocery,2023-06-16 12:46:40,0,0,7171127147,0,0,,1,0,4002,0,0,0,0,1
MCH 4006,Thakur-Narayan,5411,kirana,PRIVATE-LIMITED,amritsar,Punjab,2024/06/23,0693723278,Closed,282.17,MCH4006,5411,Private Limited,Grocery,2024-06-23 00:00:00,0,0,0693723278,0,0,282.17,0,0,4006,1,1,1,3,2
MCH 4008,"deep, rajagopal and tandon",misc,phone service,PRIVATE_LIMITED,Hyd,Telangana,1717286584,,ACTIVE,"Rs. 1,196",MCH4008,,Private Limited,Unknown,2024-06-02 00:03:04,0,0,,1,0,1196.0,0,0,4008,0,0,0,0,1
mch4009,Deo PLC,04814,phone service,sole_proprietor,Kolkata,West Bengal,1760138090,,ACTIVE,"Rs. 1,937",MCH4009,4814,Sole Proprietor,Telecom,2025-10-10 23:14:50,0,0,,1,0,1937.0,0,0,4009,1,1,1,3,2
mch4010,"  Barad, Mukherjee and Joshi  ",05411,kirana,Sole Proprietor,ASR,Punjab,2024/01/28,,Enabled,₹992.35,MCH4010,5411,Sole Proprietor,Grocery,2024-01-28 00:00:00,0,0,,1,0,992.35,0,0,4010,0,0,0,0,1
MCH4021,"BALAKRISHNAN, MISTRY AND VIG",5912,Pharmacy,individual,Hyd,Telangana,12/04/2025,4335587264,Enabled,"₹1,395.91",MCH4021,5912,Individual,Pharmacy & Medical,2025-04-12 00:00:00,0,0,4335587264,0,0,1395.91,0,0,4021,0,0,0,0,1
MCH-4022,Varughese-Taneja,5699,Apparel,Individual,Bangalore,Karnataka,2025-12-12 06:48:08,SVSY3016666927119,S,₹724.48,MCH4022,5699,Individual,Clothing,2025-12-12 06:48:08,0,0,SVSY3016666927119,0,0,724.48,0,0,4022,1,1,1,3,2
MCH4023,"Dhaliwal, Dugar and Vasa",5942,Stationery,PARTNERSHIP,Chennai,Tamil Nadu,02-Jan-2023,7015726404,Enabled,-2123.31,MCH4023,5942,Partnership,Books & Stationery,2023-01-02 00:00:00,0,0,7015726404,0,0,-2123.31,0,1,4023,0,0,0,0,1
MCH 4024,Choudhury Ltd,5999,Misc Retail,Individual,Ludhiana,Punjab,28/03/2025,XSWD9540302475782,ACTIVE,-2449.8,MCH4024,5999,Individual,Other Retail,2025-03-28 00:00:00,0,0,XSWD9540302475782,0,1,-2449.8,0,1,4024,0,0,0,0,1
MCH4025,  Hegde-Sule  ,5311,Retail,Individual,HYDERABAD,Telangana,,XXXX6804,INACTIVE,"₹1,108.29",MCH4025,5311,Individual,Department Stores,,1,0,XXXX6804,0,1,1108.29,0,0,4025,0,0,0,0,1
MCH4026,NAGY LTD,5812,Restaurant,PRIVATE_LIMITED,Calcutta,West Bengal,,,Live,"Rs. 1,027",MCH4026,5812,Private Limited,Food & Restaurants,,1,0,,1,0,1027.0,0,0,4026,0,0,0,0,1
MCH-4027,"Hegde, Ratti and Gera",5411,GROCERY_STORE,PRIVATE-LIMITED,Hyd,Telangana,08-Feb-2025,,Live,-659.89,MCH4027,5411,Private Limited,Grocery,2025-02-08 00:00:00,0,0,,1,0,-659.89,0,1,4027,0,0,0,0,1
MCH4028,TANEJA-BHATTACHARYYA,4131,Transport,PARTNERSHIP,Lucknow,Uttar Pradesh,14-Jul-2023,,Live,"Rs. 2,673",MCH4028,4131,Partnership,Transportation,2023-07-14 00:00:00,0,0,,1,0,2673.0,0,0,4028,0,0,0,0,1
MCH4029,Kuruvilla and Sons,5411,Grocery Stores,PRIVATE-LIMITED,pune,Maharashtra,,DGMS6783095939908,A,INR 55.43,MCH4029,5411,Private Limited,Grocery,,1,0,DGMS6783095939908,0,0,55.43,0,0,4029,0,0,0,0,1
4030,Nayar PLC,,Books,private_limited,ASR,Punjab,02/08/2023 07:27 PM,,A,1079.32,4030,,Private Limited,Unknown,2023-08-02 19:27:00,0,0,,1,0,1079.32,0,0,4030,0,0,0,0,1
MCH4031,"Mitra, Bali and Rai",05942,BOOKS_STATIONERY,private_limited,lucknow,Uttar Pradesh,12/01/2026,,Enabled,"9,089.26",MCH4031,5942,Private Limited,Books & Stationery,2026-01-12 00:00:00,0,0,,1,0,9089.26,0,0,4031,0,0,0,0,1
MCH4033,Kota PLC,5699,Fashion,INDIVIDUAL,ludhiana,Punjab,2025-02-23 00:33:29,5691989399,Active,-1305.4,MCH4033,5699,Individual,Clothing,2025-02-23 00:33:29,0,0,5691989399,0,0,-1305.4,0,1,4033,0,0,0,0,1
MCH4034,Tiwari-Lad,5999,Other,individual,LDH,Punjab,13-Dec-2023,XXXX6100,SUSPENDED,"2,041.77",MCH4034,5999,Individual,Other Retail,2023-12-13 00:00:00,0,0,XXXX6100,0,1,2041.77,0,0,4034,0,0,0,0,1
MCH4037,chaudhuri llc,5311,DEPT_STORE,INDIVIDUAL,Hyd,Telangana,11-23-2024,0677487191,Enabled,-2168.76,MCH4037,5311,Individual,Department Stores,2024-11-23 00:00:00,0,0,0677487191,0,0,-2168.76,0,1,4037,0,0,0,0,1
mch4040,"Bahri, Solanki and Magar",5311,Department Stores,Private Limited,Chennai,Tamil Nadu,2025-01-28 03:48:23,DNQF3989342164675,Active,"Rs. 1,173",MCH4040,5311,Private Limited,Department Stores,2025-01-28 03:48:23,0,0,DNQF3989342164675,0,0,1173.0,0,0,4040,0,0,0,0,1
MCH4041,Salvi-Mishra,5812,Restaurants,sole_proprietor,ASR,Punjab,,IIMZ0020327103815,Disabled,"₹1,291.58",MCH4041,5812,Sole Proprietor,Food & Restaurants,,1,0,IIMZ0020327103815,0,0,1291.58,0,0,4041,0,0,0,0,1
MCH4042,ROUT-MAHARAJ,05999,Miscellaneous,PARTNERSHIP,amritsar,Punjab,01/12/2024 06:50 AM,LYKH2325135629245,ACTIVE,696.23,MCH4042,5999,Partnership,Other Retail,2024-12-01 06:50:00,0,0,LYKH2325135629245,0,0,696.23,0,0,4042,0,0,0,0,1
MCH4043,Sodhi Group,5942,BOOKS_STATIONERY,Partnership,ludhiana,Punjab,,QEIP6568462838668,Inactive,-524.55,MCH4043,5942,Partnership,Books & Stationery,,1,0,QEIP6568462838668,0,0,-524.55,0,1,4043,1,1,1,3,2
MCH-4047,KAUL-BARAD,5311,DEPT_STORE,Sole Proprietor,Mumbay,Maharashtra,13/05/2025,XXXX0729,Live,986.5,MCH4047,5311,Sole Proprietor,Department Stores,2025-05-13 00:00:00,0,0,XXXX0729,0,1,986.5,0,0,4047,0,0,0,0,1
MCH4048,"Lall, Kara and Uppal",05812,Food,PARTNERSHIP,Jalandar,Punjab,2024/06/14,,Closed,"INR 1,748.00",MCH4048,5812,Partnership,Food & Restaurants,2024-06-14 00:00:00,0,0,,1,0,1748.0,0,0,4048,0,0,0,0,1
mch4050,"ARYA, DYAL AND AURORA",5411,GROCERY_STORE,Partnership,kolkata,West Bengal,23/01/2026 02:54 AM,,A,980.29,MCH4050,5411,Partnership,Grocery,2026-01-23 02:54:00,0,0,,1,0,980.29,0,0,4050,1,1,0,2,2
MCH4051,Sharma-Viswanathan,4131,Transport,INDIVIDUAL,DELHI,Delhi,23/02/2025,,Live,"INR 1,135.12",MCH4051,4131,Individual,Transportation,2025-02-23 00:00:00,0,0,,1,0,1135.12,0,0,4051,1,1,1,3,3
MCH-4052,Bal-Choudhary,5812,Food,Partnership,jalandhar,Punjab,,XXXX5480,Enabled,"INR 2,217.99",MCH4052,5812,Partnership,Food & Restaurants,,1,0,XXXX5480,0,1,2217.99,0,0,4052,0,0,0,0,1
4055,Sinha-Sundaram,7011,Hotel,Individual,Chennai,Tamil Nadu,,BRZM1208408639064,SUSPENDED,₹978.27,4055,7011,Individual,Hotels & Hospitality,,1,0,BRZM1208408639064,0,0,978.27,0,0,4055,1,1,1,3,2
MCH4061,Mody-Vig,5999,Miscellaneous,individual,Amritsar,Punjab,1722147140,,ACTIVE,2007.74,MCH4061,5999,Individual,Other Retail,2024-07-28 06:12:20,0,0,,1,0,2007.74,0,0,4061,0,0,0,0,1
MCH4062,Rana Group,5999.0,Retail Other,INDIVIDUAL,Mumbay,Maharashtra,20-Sep-2023,XXXX3317,Disabled,1544.23,MCH4062,5999,Individual,Other Retail,2023-09-20 00:00:00,0,0,XXXX3317,0,1,1544.23,0,0,4062,0,0,0,0,1
MCH4064,"Sidhu, Kunda and Hayre",7011,HOTEL_LODGING,INDIVIDUAL,Pune,Maharashtra,05/02/2025,XXXX9354,Active,1462.39,MCH4064,7011,Individual,Hotels & Hospitality,2025-02-05 00:00:00,0,0,XXXX9354,0,1,1462.39,0,0,4064,1,1,1,3,2
mch4066,Swaminathan and Sons,5311,DEPT_STORE,PARTNERSHIP,HYDERABAD,Telangana,24/05/2025 02:56 PM,,A,972.63,MCH4066,5311,Partnership,Department Stores,2025-05-24 14:56:00,0,0,,1,0,972.63,0,0,4066,1,1,1,3,2
MCH4068,Balakrishnan Inc,4814,TELECOM,INDIVIDUAL,jalandhar,Punjab,11-23-2024,,A,1322.89,MCH4068,4814,Individual,Telecom,2024-11-23 00:00:00,0,0,,1,0,1322.89,0,0,4068,0,0,0,0,1
MCH4072,Singhal-Natarajan,5812,Restaurant,SOLE-PROPRIETOR,chennai,Tamil Nadu,,XXXX4620,ACTIVE,2593.54,MCH4072,5812,Sole Proprietor,Food & Restaurants,,1,0,XXXX4620,0,1,2593.54,0,0,4072,0,0,0,0,1
MCH4073,Gopal PLC,05812,Restaurants,individual,Jaipur,Rajasthan,1735332736,XXXX0031,Enabled,,MCH4073,5812,Individual,Food & Restaurants,2024-12-27 20:52:16,0,0,XXXX0031,0,1,,1,0,4073,0,0,0,0,1
mch4075,  Sankar-Mandal  ,5812,eating place,PARTNERSHIP,Ludhiana,Punjab,,XXXX6718,Active,1056.32,MCH4075,5812,Partnership,Food & Restaurants,,1,0,XXXX6718,0,1,1056.32,0,0,4075,0,0,0,0,1
MCH 4077,Din LLC,4131,transprt,SOLE-PROPRIETOR,Jaipur,Rajasthan,09-21-2024,,Live,INR 640.73,MCH4077,4131,Sole Proprietor,Transportation,2024-09-21 00:00:00,0,0,,1,0,640.73,0,0,4077,1,1,1,3,3
MCH4080,Shenoy-Kashyap,4814,Mobile Recharge,Private Limited,jaipur,Rajasthan,2025-10-04 03:56:06,YPYY3780350945436,Active,2043.03,MCH4080,4814,Private Limited,Telecom,2025-10-04 03:56:06,0,0,YPYY3780350945436,0,0,2043.03,0,0,4080,1,1,0,2,2
MCH4081,Srinivasan-Bahri,4814,Mobile Recharge,SOLE_PROPRIETOR,delhi,Delhi,07-Jun-2025,,Active,"₹2,928.84",MCH4081,4814,Sole Proprietor,Telecom,2025-06-07 00:00:00,0,0,,1,0,2928.84,0,0,4081,0,0,0,0,1
MCH4082,Khurana Inc,5999,Other,private_limited,delhi,Delhi,02-Jun-2023,MAKF1380226043660,Inactive,₹288.70,MCH4082,5999,Private Limited,Other Retail,2023-06-02 00:00:00,0,0,MAKF1380226043660,0,0,288.7,0,0,4082,0,0,0,0,1
MCH 4083,"  Loyal, Dara and Sharaf  ",4814,phone service,INDIVIDUAL,Chennai,Tamil Nadu,2024-02-15 01:01:36,,Enabled,"1,752.10",MCH4083,4814,Individual,Telecom,2024-02-15 01:01:36,0,0,,1,0,1752.1,0,0,4083,0,0,0,0,1
MCH4084,Mitra PLC,5311.0,Department Stores,INDIVIDUAL,jalandhar,Punjab,2023/12/15,XXXX5719,Enabled,973.94,MCH4084,5311,Individual,Department Stores,2023-12-15 00:00:00,0,0,XXXX5719,0,1,973.94,0,0,4084,0,0,0,0,1
MCH4086,"Kannan, Varghese and Lalla",5311,retail,private_limited,mumbai,Maharashtra,12-08-2024,0493830742,Enabled,"₹1,459.96",MCH4086,5311,Private Limited,Department Stores,2024-12-08 00:00:00,0,0,0493830742,0,0,1459.96,0,0,4086,0,0,0,0,2
MCH4087,"basak, lal and tailor",4814,Mobile Recharge,PRIVATE_LIMITED,pune,Maharashtra,03/10/2025 12:37 AM,,Enabled,298.11,MCH4087,4814,Private Limited,Telecom,2025-10-03 00:37:00,0,0,,1,0,298.11,0,0,4087,0,0,0,0,1
mch4089,Mistry and Sons,5411.0,GROCERY_STORE,sole_proprietor,MUMBAI,Maharashtra,20-Jul-2024,FZNP2052339077080,Live,"INR 1,563.22",MCH4089,5411,Sole Proprietor,Grocery,2024-07-20 00:00:00,0,0,FZNP2052339077080,0,0,1563.22,0,0,4089,0,0,0,0,1
MCH4090,Dada LLC,05999,Miscellaneous,Individual,chennai,Tamil Nadu,27/02/2025,EOAQ0943270820101,Enabled,"Rs. 1,538",MCH4090,5999,Individual,Other Retail,2025-02-27 00:00:00,0,0,EOAQ0943270820101,0,0,1538.0,0,0,4090,1,1,1,3,4
MCH4092,Mukhopadhyay Group,5812,Food,Private Limited,Hyderabad,Telangana,24/12/2025,XXXX3479,Enabled,504.84,MCH4092,5812,Private Limited,Food & Restaurants,2025-12-24 00:00:00,0,0,XXXX3479,0,1,504.84,0,0,4092,1,1,1,3,2
MCH 4093,  Krishnamurthy PLC  ,7011,Hotel,PRIVATE-LIMITED,Lucknow,Uttar Pradesh,03-15-2024,XXXX5675,Disabled,1291.9,MCH4093,7011,Private Limited,Hotels & Hospitality,2024-03-15 00:00:00,0,0,XXXX5675,0,1,1291.9,0,0,4093,0,0,0,0,1
MCH 4094,Thakur-Shah,05311,DEPT_STORE,individual,Madras,Tamil Nadu,12-25-2024,8582719146,Active,1848.8,MCH4094,5311,Individual,Department Stores,2024-12-25 00:00:00,0,0,8582719146,0,0,1848.8,0,0,4094,0,1,1,2,2
MCH4096,  Raman Inc  ,,Apparel,PRIVATE-LIMITED,Chennai,Tamil Nadu,,6736501272,Enabled,"Rs. 2,014",MCH4096,,Private Limited,Unknown,,1,0,6736501272,0,0,2014.0,0,0,4096,1,0,1,2,2
MCH4097,Nori PLC,5912,Medical,PRIVATE_LIMITED,pune,Maharashtra,,,A,INR 930.77,MCH4097,5912,Private Limited,Pharmacy & Medical,,1,0,,1,0,930.77,0,0,4097,1,1,1,3,3
4099,"Dewan, Rastogi and Jayaraman",,Retail,INDIVIDUAL,LDH,Punjab,2025-08-06 12:15:48,,Active,"Rs. 1,926",4099,,Individual,Unknown,2025-08-06 12:15:48,0,0,,1,0,1926.0,0,0,4099,0,0,0,0,1
MCH4100,RAJA-VASA,7011,Hospitality,SOLE_PROPRIETOR,jalandhar,Punjab,06-28-2025,7806774171,ACTIVE,₹479.15,MCH4100,7011,Sole Proprietor,Hotels & Hospitality,2025-06-28 00:00:00,0,0,7806774171,0,0,479.15,0,0,4100,0,0,0,0,1
MCH4101,"Sani, Ben and Subramaniam",5311,Department Stores,private_limited,pune,Maharashtra,2025-10-20 20:35:21,XXXX9217,Live,1377.51,MCH4101,5311,Private Limited,Department Stores,2025-10-20 20:35:21,0,0,XXXX9217,0,1,1377.51,0,0,4101,1,1,1,3,2
MCH4102,Dass LLC,5912.0,chemist,PARTNERSHIP,kolkata,West Bengal,19/02/2026,XXXX9287,Live,₹375.32,MCH4102,5912,Partnership,Pharmacy & Medical,2026-02-19 00:00:00,0,0,XXXX9287,0,1,375.32,0,0,4102,1,1,1,3,4
MCH4104,"Som, Rege and Thaker",,Hotel,INDIVIDUAL,BLR,Karnataka,21/07/2024,,Live,,MCH4104,,Individual,Unknown,2024-07-21 00:00:00,0,0,,1,0,,1,0,4104,1,0,1,2,3
MCH 4106,Dey and Sons,5411,kirana,private_limited,Hyderabad,Telangana,31-Jan-2026,XXXX0072,Enabled,4216.77,MCH4106,5411,Private Limited,Grocery,2026-01-31 00:00:00,0,0,XXXX0072,0,1,4216.77,0,0,4106,1,0,1,2,2
MCH4107,Pandey-Sastry,5699,CLOTHS,SOLE-PROPRIETOR,Jalandhar,Punjab,30/09/2025,,I,Rs. 319,MCH4107,5699,Sole Proprietor,Clothing,2025-09-30 00:00:00,0,0,,1,0,319.0,0,0,4107,0,0,0,0,1
4109,"Lal, Handa and Mammen",5942,BOOKS_STATIONERY,INDIVIDUAL,kolkata,West Bengal,01/07/2024 09:55 PM,,A,1181.07,4109,5942,Individual,Books & Stationery,2024-07-01 21:55:00,0,0,,1,0,1181.07,0,0,4109,0,0,0,0,1
MCH4110,Suresh-Bassi,5942,Stationery,individual,mumbai,Maharashtra,18/09/2024 08:58 AM,,Disabled,1527.43,MCH4110,5942,Individual,Books & Stationery,2024-09-18 08:58:00,0,0,,1,0,1527.43,0,0,4110,0,0,0,0,1
MCH4111,Brahmbhatt LLC,5999,Miscellaneous,partnership,LKO,Uttar Pradesh,,,SUSPENDED,682.69,MCH4111,5999,Partnership,Other Retail,,1,0,,1,0,682.69,0,0,4111,0,0,0,0,1
MCH4112,Sodhi-Desai,misc,Department Store,SOLE-PROPRIETOR,Hyd,Telangana,06-Jun-2023,,I,"Rs. 3,193",MCH4112,,Sole Proprietor,Unknown,2023-06-06 00:00:00,0,0,,1,0,3193.0,0,0,4112,0,0,0,0,1
MCH4113,"Anand,ChoudharyandContractor",5912,Pharmacy,INDIVIDUAL,chennai,Tamil Nadu,07/09/2023,6952372771,ACTIVE,-418.15,MCH4113,5912,Individual,Pharmacy & Medical,2023-09-07 00:00:00,0,0,6952372771,0,0,-418.15,0,1,4113,0,0,0,0,1
MCH-4114,"Pandya, Jayaraman and Ray",4814,Mobile Recharge,SOLE_PROPRIETOR,Hyderabad,Telangana,01-15-2025,SSMR5889038460894,I,436.15,MCH4114,4814,Sole Proprietor,Telecom,2025-01-15 00:00:00,0,0,SSMR5889038460894,0,0,436.15,0,0,4114,1,1,1,3,2
MCH4115,"Bandi, Rau and Hayre",4131,Transportation,SOLE_PROPRIETOR,Jaipur,Rajasthan,05-03-2025,YBME5428003718558,S,748.37,MCH4115,4131,Sole Proprietor,Transportation,2025-05-03 00:00:00,0,0,YBME5428003718558,0,0,748.37,0,0,4115,0,0,0,0,1
4118,Upadhyay LLC,4131,Transportation,Private Limited,Calcutta,West Bengal,03-16-2024,,Live,,4118,4131,Private Limited,Transportation,2024-03-16 00:00:00,0,0,,1,0,,1,0,4118,0,0,0,0,1
MCH4122,"Lata, Magar and Savant",5999,Retail Other,Partnership,BLR,Karnataka,2025-12-03 23:29:42,7547242898,A,3699.77,MCH4122,5999,Partnership,Other Retail,2025-12-03 23:29:42,0,0,7547242898,0,0,3699.77,0,0,4122,0,0,0,0,1
MCH4123,"Parekh, Patla and Kar",5942,Book Store,Partnership,Jalandhar,Punjab,2024/11/09,5310260642,Enabled,"₹2,764.76",MCH4123,5942,Partnership,Books & Stationery,2024-11-09 00:00:00,0,0,5310260642,0,0,2764.76,0,0,4123,0,0,0,0,1
MCH4124,"Dara, Salvi and Sawhney",5411,groceries,sole_proprietor,bengaluru,Karnataka,2025/10/12,INFT7849125820167,ACTIVE,2121.35,MCH4124,5411,Sole Proprietor,Grocery,2025-10-12 00:00:00,0,0,INFT7849125820167,0,0,2121.35,0,0,4124,1,1,1,3,2
MCH 4126,"WALI, MAHAL AND PRABHU",4131,Transportation,individual,HYDERABAD,Telangana,09/12/2023 03:51 PM,RAIS4512083077234,Active,"Rs. 1,593",MCH4126,4131,Individual,Transportation,2023-12-09 15:51:00,0,0,RAIS4512083077234,0,0,1593.0,0,0,4126,1,0,1,2,2
MCH 4127,Subramaniam-Jhaveri,4131,Bus/Taxi,Sole Proprietor,JPR,Rajasthan,22/05/2024,XXXX1628,Enabled,"5,333.88",MCH4127,4131,Sole Proprietor,Transportation,2024-05-22 00:00:00,0,0,XXXX1628,0,1,5333.88,0,0,4127,0,0,1,1,2
MCH4129,"Lad, Raja and Sachdev",7011,Hotel,Partnership,MUMBAI,Maharashtra,11-09-2023,0929537946,Enabled,954.07,MCH4129,7011,Partnership,Hotels & Hospitality,2023-11-09 00:00:00,0,0,0929537946,0,0,954.07,0,0,4129,0,0,0,0,1
MCH4131,"Goyal, Krishnamurthy and Dewan",4131,Transport,INDIVIDUAL,Jaipur,Rajasthan,24/10/2023 02:15 PM,4282467745,Inactive,319.32,MCH4131,4131,Individual,Transportation,2023-10-24 14:15:00,0,0,4282467745,0,0,319.32,0,0,4131,1,1,1,3,2
MCH4133,Buch-Hayre,5912,Pharmacy,PARTNERSHIP,kolkata,West Bengal,16/02/2024,,Hold,-1903.02,MCH4133,5912,Partnership,Pharmacy & Medical,2024-02-16 00:00:00,0,0,,1,0,-1903.02,0,1,4133,1,1,1,3,2
mch4135,sunder ltd,MCC-5411,Grocery,partnership,ludhiana,Punjab,28-Jan-2025,,A,"INR 6,745.05",MCH4135,5411,Partnership,Grocery,2025-01-28 00:00:00,0,0,,1,0,6745.05,0,0,4135,0,0,0,0,1
MCH4136,SEHGAL PLC,5699,garments,PARTNERSHIP,MUMBAI,Maharashtra,30-Jul-2024,,Enabled,"2,564.97",MCH4136,5699,Partnership,Clothing,2024-07-30 00:00:00,0,0,,1,0,2564.97,0,0,4136,0,0,0,0,1
MCH4141,Sarkar and Sons,4814,Mobile Recharge,PARTNERSHIP,Bangalore,Karnataka,10/06/2023,,A,"1,485.34",MCH4141,4814,Partnership,Telecom,2023-06-10 00:00:00,0,0,,1,0,1485.34,0,0,4141,0,0,0,0,1
MCH-4145,"Dalal, Dass and Vaidya",5942,Book Store,sole_proprietor,Poona,Maharashtra,2025/09/16,PZMX8375142166938,Suspended,-1294.48,MCH4145,5942,Sole Proprietor,Books & Stationery,2025-09-16 00:00:00,0,0,PZMX8375142166938,0,1,-1294.48,0,1,4145,0,0,0,0,1
MCH4148,"Muni, Chaudhari and De",5999,Other,PRIVATE-LIMITED,kolkata,West Bengal,20-Dec-2024,2868917120,Disabled,"₹2,139.38",MCH4148,5999,Private Limited,Other Retail,2024-12-20 00:00:00,0,0,2868917120,0,0,2139.38,0,0,4148,1,1,1,3,2
MCH4153,Shroff Ltd,5999,Retail Other,Sole Proprietor,kolkata,West Bengal,11-07-2025,,ACTIVE,3578.7,MCH4153,5999,Sole Proprietor,Other Retail,2025-11-07 00:00:00,0,0,,1,0,3578.7,0,0,4153,0,0,0,0,1
mch4157,Minhas-Saran,4814,Telecom,PARTNERSHIP,Bombay,Maharashtra,02-Nov-2025,,A,-2413.97,MCH4157,4814,Partnership,Telecom,2025-11-02 00:00:00,0,0,,1,0,-2413.97,0,1,4157,0,0,0,0,1
4158,SASTRY INC,UNKNOWN,BOOKS_STATIONERY,PARTNERSHIP,DELHI,Delhi,08-15-2024,DAYK8556309990572,Disabled,480.93,4158,,Partnership,Unknown,2024-08-15 00:00:00,0,0,DAYK8556309990572,0,0,480.93,0,0,4158,0,0,0,0,1
MCH4163,Kamdar-Jhaveri,7011,Hotel,SOLE_PROPRIETOR,jalandhar,Punjab,,,Active,390.74,MCH4163,7011,Sole Proprietor,Hotels & Hospitality,,1,0,,1,0,390.74,0,0,4163,1,0,1,2,2
MCH4164,Iyengar LLC,05999,Misc Retail,SOLE_PROPRIETOR,jaipur,Rajasthan,,LSYR7261669987207,Enabled,Rs. 440,MCH4164,5999,Sole Proprietor,Other Retail,,1,0,LSYR7261669987207,0,0,440.0,0,0,4164,0,0,0,0,1
MCH4165,"Dhar,PallaandKorpal",4814,TELECOM,private_limited,pune,Maharashtra,2024/05/29,EWYW3013882760872,Hold,,MCH4165,4814,Private Limited,Telecom,2024-05-29 00:00:00,0,0,EWYW3013882760872,0,0,,1,0,4165,1,0,0,1,2
mch4167,"Thakur, Purohit and Gade",05311,Retail,Individual,lucknow,Uttar Pradesh,06-08-2024,XXXX3875,ACTIVE,642.28,MCH4167,5311,Individual,Department Stores,2024-06-08 00:00:00,0,0,XXXX3875,0,1,642.28,0,0,4167,1,1,1,3,2
MCH4168,"Chad, Dyal and Golla",5999,Retail Other,PARTNERSHIP,pune,Maharashtra,2023-06-10 10:22:54,XXXX8341,A,"1,194.41",MCH4168,5999,Partnership,Other Retail,2023-06-10 10:22:54,0,0,XXXX8341,0,1,1194.41,0,0,4168,1,1,1,3,2
MCH4169,"  Vaidya, Vasa and Palan  ",4814,Mobile Recharge,INDIVIDUAL,Hyd,Telangana,11-15-2024,,A,1965.48,MCH4169,4814,Individual,Telecom,2024-11-15 00:00:00,0,0,,1,0,1965.48,0,0,4169,0,0,0,0,1
MCH4170,Bassi Group,5999,Misc Retail,SOLE-PROPRIETOR,Ludhiana,Punjab,1728800017,7567135746,A,INR 591.58,MCH4170,5999,Sole Proprietor,Other Retail,2024-10-13 06:13:37,0,0,7567135746,0,0,591.58,0,0,4170,1,1,1,3,3
MCH4172,"khosla, tak and mahajan",5912.0,MEDICAL_STORE,PARTNERSHIP,kolkata,West Bengal,23/03/2024,,Active,1964.28,MCH4172,5912,Partnership,Pharmacy & Medical,2024-03-23 00:00:00,0,0,,1,0,1964.28,0,0,4172,0,0,0,0,1
MCH4176,Sani-Bhalla,UNKNOWN,HOTEL_LODGING,individual,Delhi,Delhi,22-Jul-2024,XXXX6805,Live,"₹1,216.13",MCH4176,,Individual,Unknown,2024-07-22 00:00:00,0,0,XXXX6805,0,1,1216.13,0,0,4176,0,0,0,0,1
MCH4179,"Choudhry, Bera and Pandit",5699,Fashion,PARTNERSHIP,Kolkata,West Bengal,2025-08-14 04:33:40,ABQY2242292056782,ACTIVE,1930.08,MCH4179,5699,Partnership,Clothing,2025-08-14 04:33:40,0,0,ABQY2242292056782,0,0,1930.08,0,0,4179,0,0,0,0,1
4180,"Iyer, Saha and Kumar",MCC-7011,Hotels,PARTNERSHIP,LKO,Uttar Pradesh,16/04/2025,2796320001,A,"INR 3,864.50",4180,7011,Partnership,Hotels & Hospitality,2025-04-16 00:00:00,0,0,2796320001,0,0,3864.5,0,0,4180,1,1,1,3,2
MCH4182,"More, Sarma and Baria",4814,TELECOM,INDIVIDUAL,Mumbai,Maharashtra,2026/01/01,XXXX3295,Live,4102.61,MCH4182,4814,Individual,Telecom,2026-01-01 00:00:00,0,0,XXXX3295,0,1,4102.61,0,0,4182,0,0,0,0,1
MCH4184,SACHDEVA-KARA,5812,FOOD_SERVICES,PARTNERSHIP,Jaipur,Rajasthan,02/02/2025 04:25 AM,,Enabled,704.96,MCH4184,5812,Partnership,Food & Restaurants,2025-02-02 04:25:00,0,0,,1,0,704.96,0,0,4184,1,0,1,2,2
MCH4185,Khanna and S0ns,MCC-5942,Book Store,PRIVATE-LIMITED,pune,Maharashtra,12-24-2025,,ACTIVE,"1,148.06",MCH4185,5942,Private Limited,Books & Stationery,2025-12-24 00:00:00,0,0,,1,0,1148.06,0,0,4185,1,0,1,2,2
MCH4187,"Tella, Hayre and Patla",5812.0,eating place,sole_proprietor,Jaipur,Rajasthan,2023/09/08,,SUSPENDED,"INR 2,332.84",MCH4187,5812,Sole Proprietor,Food & Restaurants,2023-09-08 00:00:00,0,0,,1,0,2332.84,0,0,4187,0,0,0,0,1
MCH4191,"Mangal, Seshadri and Kakar",5699,garments,PRIVATE_LIMITED,pune,Maharashtra,2024/01/26,,ACTIVE,"1,192.21",MCH4191,5699,Private Limited,Clothing,2024-01-26 00:00:00,0,0,,1,0,1192.21,0,0,4191,0,0,0,0,1
MCH4194,Hegde-Chahal,,MEDICAL_STORE,sole_proprietor,ASR,Punjab,11-15-2025,,INACTIVE,,MCH4194,,Sole Proprietor,Unknown,2025-11-15 00:00:00,0,0,,1,0,,1,0,4194,1,1,1,3,2
MCH4197,Chaudry Group,5912,Pharmacy,Private Limited,Pune,Maharashtra,,UHGU5811611698099,Live,"₹4,814.44",MCH4197,5912,Private Limited,Pharmacy & Medical,,1,0,UHGU5811611698099,0,0,4814.44,0,0,4197,0,0,0,0,1
MCH4200,"Sood, Kurian and Raghavan",5699,Apparel,INDIVIDUAL,jaipur,Rajasthan,2024/08/18,4567697450,A,"INR 2,010.35",MCH4200,5699,Individual,Clothing,2024-08-18 00:00:00,0,0,4567697450,0,0,2010.35,0,0,4200,1,1,1,3,3
MCH4205,Behl-Narula,05311,DEPT_STORE,SOLE-PROPRIETOR,Calcutta,West Bengal,1701118285,,Live,"Rs. 4,442",MCH4205,5311,Sole Proprietor,Department Stores,2023-11-27 20:51:25,0,0,,1,0,4442.0,0,0,4205,0,0,0,0,1
MCH4208,devi-mangal,5942,Book Store,SOLE_PROPRIETOR,Ludhiana,Punjab,2025-08-27 16:16:44,,ACTIVE,"INR 1,564.41",MCH4208,5942,Sole Proprietor,Books & Stationery,2025-08-27 16:16:44,0,0,,1,0,1564.41,0,0,4208,0,0,0,0,1
MCH4209,Bahri-Kari,4131,Bus/Taxi,INDIVIDUAL,JPR,Rajasthan,2025/12/29,,Active,"1,717.86",MCH4209,4131,Individual,Transportation,2025-12-29 00:00:00,0,0,,1,0,1717.86,0,0,4209,1,1,1,3,2
MCH-4211,Amb1e-Saha,,groceries,sole_proprietor,Dilli,Delhi,27-Jun-2023,,Active,Rs. 525,MCH4211,,Sole Proprietor,Unknown,2023-06-27 00:00:00,0,0,,1,0,525.0,0,0,4211,0,0,0,0,1
MCH4212,Raman-Kohli,5411.0,Grocery Stores,PARTNERSHIP,ludhiana,Punjab,1730025567,AIWO1178745904405,A,"Rs. 3,361",MCH4212,5411,Partnership,Grocery,2024-10-27 10:39:27,0,0,AIWO1178745904405,0,0,3361.0,0,0,4212,0,0,0,0,1
MCH 4214,"Mitra, Oak and Keer",5699,Apparel,INDIVIDUAL,Bangalore,Karnataka,12/02/2024,,Enabled,1159.46,MCH4214,5699,Individual,Clothing,2024-02-12 00:00:00,0,0,,1,0,1159.46,0,0,4214,0,0,0,0,1
MCH4216,Ratta and Sons,5942,Stationery,Partnership,Jalandhar,Punjab,07-Oct-2023,XXXX5580,Live,1337.5,MCH4216,5942,Partnership,Books & Stationery,2023-10-07 00:00:00,0,0,XXXX5580,0,1,1337.5,0,0,4216,0,0,0,0,1
MCH4218,Srivastava Ltd,05942,Book Store,SOLE_PROPRIETOR,Bombay,Maharashtra,20-Nov-2023,LFAP5704533731300,Enabled,"1,744.69",MCH4218,5942,Sole Proprietor,Books & Stationery,2023-11-20 00:00:00,0,0,LFAP5704533731300,0,0,1744.69,0,0,4218,0,0,0,0,1
MCH-4220,chaudry ltd,misc,Hotel,individual,Lucknow,Uttar Pradesh,,,Enabled,₹788.42,MCH4220,,Individual,Unknown,,1,0,,1,0,788.42,0,0,4220,1,0,1,2,2
MCH4221,"Rastogi, Goda and Naidu",5999,Retail Other,individual,Jalandhar,Punjab,,,Live,745.75,MCH4221,5999,Individual,Other Retail,,1,0,,1,0,745.75,0,0,4221,0,0,0,0,1
MCH4223,"Bajwa, Khurana and Sinha",misc,retail,SOLE_PROPRIETOR,bengaluru,Karnataka,15/03/2025,,Inactive,585.1,MCH4223,,Sole Proprietor,Unknown,2025-03-15 00:00:00,0,0,,1,0,585.1,0,0,4223,0,0,1,1,2
MCH4225,Karnik LLC,5699.0,CLOTHS,INDIVIDUAL,LDH,Punjab,2025-02-05 13:25:31,5426893917,Live,537.99,MCH4225,5699,Individual,Clothing,2025-02-05 13:25:31,0,0,5426893917,0,0,537.99,0,0,4225,0,0,0,0,1
mch4227,Panchal PLC,5999,Other,SOLE_PROPRIETOR,kolkata,West Bengal,09-Jan-2025,,Enabled,1533.36,MCH4227,5999,Sole Proprietor,Other Retail,2025-01-09 00:00:00,0,0,,1,0,1533.36,0,0,4227,0,1,1,2,2
MCH4228,"SINGHAL, BHASIN AND KAUL",5699,CLOTHS,Private Limited,ASR,Punjab,23-May-2025,6707310647,Active,896.57,MCH4228,5699,Private Limited,Clothing,2025-05-23 00:00:00,0,0,6707310647,0,0,896.57,0,0,4228,0,0,0,0,1
MCH4230,Jha Group,5912,Pharmacy,PRIVATE-LIMITED,JPR,Rajasthan,,XXXX6774,Active,911.06,MCH4230,5912,Private Limited,Pharmacy & Medical,,1,0,XXXX6774,0,1,911.06,0,0,4230,0,0,0,0,1
MCH-4232,Raj Group,5912,Pharmacies,INDIVIDUAL,Hyd,Telangana,23/06/2023,,S,-479.88,MCH4232,5912,Individual,Pharmacy & Medical,2023-06-23 00:00:00,0,0,,1,0,-479.88,0,1,4232,1,1,1,3,2
MCH4233,Padmanabhan and Sons,5999.0,Misc Retail,SOLE-PROPRIETOR,Ludhiana,Punjab,04-Feb-2025,4395615588,Live,1697.48,MCH4233,5999,Sole Proprietor,Other Retail,2025-02-04 00:00:00,0,0,4395615588,0,0,1697.48,0,0,4233,1,0,1,2,4
MCH4235,NAGAR-SHARMA,5311,Retail,SOLE-PROPRIETOR,Kolkata,West Bengal,10-02-2024,,Live,"1,671.65",MCH4235,5311,Sole Proprietor,Department Stores,2024-10-02 00:00:00,0,0,,1,0,1671.65,0,0,4235,0,0,0,0,1
4236,"Sinha, Shukla and Lad",5699,Apparel,Sole Proprietor,DELHI,Delhi,1751976517,OZWZ6142696689139,Active,Rs. 844,4236,5699,Sole Proprietor,Clothing,2025-07-08 12:08:37,0,0,OZWZ6142696689139,0,0,844.0,0,0,4236,1,1,0,2,2
MCH4237,"Deshmukh, Ghose and Chhabra",,eating place,SOLE-PROPRIETOR,Pune,Maharashtra,1707739250,,Blocked,5905.65,MCH4237,,Sole Proprietor,Unknown,2024-02-12 12:00:50,0,0,,1,0,5905.65,0,0,4237,0,0,0,0,1
MCH4243,"Ramesh, Venkatesh and Ravel",5311,Retail,sole_proprietor,amritsar,Punjab,2025/06/24,,A,₹133.28,MCH4243,5311,Sole Proprietor,Department Stores,2025-06-24 00:00:00,0,0,,1,0,133.28,0,0,4243,0,0,0,0,1
MCH4244,"DOCTOR, PILLAY AND NORI",5311,Department Store,INDIVIDUAL,LDH,Punjab,02-22-2026,8115439991,A,"2,111.57",MCH4244,5311,Individual,Department Stores,2026-02-22 00:00:00,0,0,8115439991,0,0,2111.57,0,0,4244,1,1,0,2,2
MCH4245,Dua Group,4131,transprt,Partnership,Ludhiana,Punjab,2024-07-25 18:42:24,0504410036,Enabled,323.1,MCH4245,4131,Partnership,Transportation,2024-07-25 18:42:24,0,0,0504410036,0,0,323.1,0,0,4245,0,0,0,0,1
MCH4246,Rama-Dasgupta,5311,Retail,individual,amritsar,Punjab,05/01/2025,,Live,2336.28,MCH4246,5311,Individual,Department Stores,2025-01-05 00:00:00,0,0,,1,0,2336.28,0,0,4246,0,0,0,0,1
mch4248,"Bahl, Prashad and Reddy",5311,Department Stores,SOLE-PROPRIETOR,Lucknow,Uttar Pradesh,30/06/2025,,Active,4921.5,MCH4248,5311,Sole Proprietor,Department Stores,2025-06-30 00:00:00,0,0,,1,0,4921.5,0,0,4248,0,0,0,0,1
MCH4249,Jhaveri Ltd,05812,FOOD_SERVICES,SOLE_PROPRIETOR,bengaluru,Karnataka,04/01/2024 01:29 AM,,ACTIVE,"₹6,385.99",MCH4249,5812,Sole Proprietor,Food & Restaurants,2024-01-04 01:29:00,0,0,,1,0,6385.99,0,0,4249,1,0,1,2,2
MCH4250,"SUBRAMANIAM, DATTA AND PATEL",5411,Grocery,PARTNERSHIP,Kolkata,West Bengal,07/06/2023,,Active,1320.67,MCH4250,5411,Partnership,Grocery,2023-06-07 00:00:00,0,0,,1,0,1320.67,0,0,4250,1,1,1,3,2
MCH4253,MANDER-SAGAR,,Retail Other,Individual,LDH,Punjab,12/12/2024,,A,348.43,MCH4253,,Individual,Unknown,2024-12-12 00:00:00,0,0,,1,0,348.43,0,0,4253,0,0,0,0,1
MCH4260,"Kalla, Banerjee and Choudhary",4814,phone service,PARTNERSHIP,LDH,Punjab,,,A,389.14,MCH4260,4814,Partnership,Telecom,,1,0,,1,0,389.14,0,0,4260,0,0,0,0,1
MCH4261,Swaminathan Ltd,misc,HOTEL_LODGING,Private Limited,Lucknow,Uttar Pradesh,1749413260,XXXX1395,Live,965.51,MCH4261,,Private Limited,Unknown,2025-06-08 20:07:40,0,0,XXXX1395,0,1,965.51,0,0,4261,1,1,1,3,3
MCH4263,Kari and Sons,4814.0,Mobile Recharge,PRIVATE_LIMITED,Kolkata,West Bengal,11-27-2023,,Active,-616.52,MCH4263,4814,Private Limited,Telecom,2023-11-27 00:00:00,0,0,,1,0,-616.52,0,1,4263,0,0,0,0,1
MCH4273,Bava Group,5999,Misc Retail,Private Limited,Ludhiana,Punjab,28/12/2024 03:12 PM,OCKK9490643242644,Inactive,2773.64,MCH4273,5999,Private Limited,Other Retail,2024-12-28 15:12:00,0,0,OCKK9490643242644,0,0,2773.64,0,0,4273,0,0,0,0,1
MCH4274,Walia Group,4131.0,Transportation,Private Limited,MUMBAI,Maharashtra,29/10/2025,OSZC0719397300693,A,"INR 1,705.04",MCH4274,4131,Private Limited,Transportation,2025-10-29 00:00:00,0,0,OSZC0719397300693,0,0,1705.04,0,0,4274,1,0,1,2,2
MCH 4275,"Boase, Chanda and Bajaj",5311.0,DEPT_STORE,INDIVIDUAL,New Delhi,Delhi,1751220912,XXXX6193,Live,INR 684.10,MCH4275,5311,Individual,Department Stores,2025-06-29 18:15:12,0,0,XXXX6193,0,1,684.1,0,0,4275,1,1,1,3,2
MCH4277,"Lad, Krish and Lad",4131,Transport,Private Limited,Hyderabad,Telangana,2024/06/04,,A,472.96,MCH4277,4131,Private Limited,Transportation,2024-06-04 00:00:00,0,0,,1,0,472.96,0,0,4277,1,1,1,3,3
mch4278,Thakkar-Gupta,5311.0,Department Stores,private_limited,ASR,Punjab,31-May-2025,,Closed,₹703.48,MCH4278,5311,Private Limited,Department Stores,2025-05-31 00:00:00,0,0,,1,0,703.48,0,0,4278,0,0,0,0,1
MCH4282,PINGLE LTD,5311,Retail,SOLE_PROPRIETOR,ASR,Punjab,1685088898,,Active,Rs. 816,MCH4282,5311,Sole Proprietor,Department Stores,2023-05-26 08:14:58,0,0,,1,0,816.0,0,0,4282,0,0,0,0,1
MCH4283,Joshi-Srinivas,MCC-5411,GROCERY_STORE,Partnership,Amritsar,Punjab,01-Sep-2023,,Enabled,1135.0,MCH4283,5411,Partnership,Grocery,2023-09-01 00:00:00,0,0,,1,0,1135.0,0,0,4283,0,0,0,0,1
MCH4284,Chawla LLC,4131,TRAVEL,Sole Proprietor,LDH,Punjab,13-Feb-2026,XXXX7941,ACTIVE,Rs. 385,MCH4284,4131,Sole Proprietor,Transportation,2026-02-13 00:00:00,0,0,XXXX7941,0,1,385.0,0,0,4284,1,1,1,3,2
MCH4285,Bhatnagar-Atwal,5942.0,Book Store,partnership,jalandhar,Punjab,,,Closed,INR 988.90,MCH4285,5942,Partnership,Books & Stationery,,1,0,,1,0,988.9,0,0,4285,0,0,0,0,1
MCH4287,"Kuruvilla, Chanda and Sood",4131,Transport,INDIVIDUAL,Jalandhar,Punjab,01-Apr-2025,,ACTIVE,"1,244.04",MCH4287,4131,Individual,Transportation,2025-04-01 00:00:00,0,0,,1,0,1244.04,0,0,4287,0,0,0,0,1
MCH4288,KASHYAP-PUROHIT,5699,Fashion,private_limited,JPR,Rajasthan,2025/10/08,,A,262.02,MCH4288,5699,Private Limited,Clothing,2025-10-08 00:00:00,0,0,,1,0,262.02,0,0,4288,0,0,0,0,1
MCH4289,singhal-dasgupta,,Fashion,PARTNERSHIP,Bengaluru,Karnataka,02-17-2025,ZEDE0222029565689,Enabled,-809.48,MCH4289,,Partnership,Unknown,2025-02-17 00:00:00,0,0,ZEDE0222029565689,0,0,-809.48,0,1,4289,0,0,0,0,1
MCH4290,  Konda-Memon  ,5311,Department Store,PRIVATE_LIMITED,New Delhi,Delhi,11/08/2024 10:16 PM,,Closed,"INR 3,295.40",MCH4290,5311,Private Limited,Department Stores,2024-08-11 22:16:00,0,0,,1,0,3295.4,0,0,4290,1,1,1,3,2
MCH4296,Varty-Varma,5999,Misc Retail,private_limited,amritsar,Punjab,24-Feb-2026,,ACTIVE,,MCH4296,5999,Private Limited,Other Retail,2026-02-24 00:00:00,0,0,,1,0,,1,0,4296,0,0,0,0,1
MCH4298,  Jain Group  ,4814,Mobile Recharge,PRIVATE_LIMITED,New Delhi,Delhi,01/06/2024,6571920723,Closed,316.99,MCH4298,4814,Private Limited,Telecom,2024-06-01 00:00:00,0,0,6571920723,0,0,316.99,0,0,4298,1,1,1,3,2
mch4299,Master PLC,5699,CLOTHS,private_limited,Delhi,Delhi,2023/05/31,XXXX0419,Enabled,"INR 3,539.65",MCH4299,5699,Private Limited,Clothing,2023-05-31 00:00:00,0,0,XXXX0419,0,1,3539.65,0,0,4299,0,0,0,0,1
MCH4301,Thakur Inc,MCC-5942,BOOKS_STATIONERY,partnership,New Delhi,Delhi,2023-04-29 06:39:16,,Active,"Rs. 4,449",MCH4301,5942,Partnership,Books & Stationery,2023-04-29 06:39:16,0,0,,1,0,4449.0,0,0,4301,0,0,0,0,1
MCH4303,"Dhingra, Khurana and Zachariah",4814.0,Mobile Recharge,partnership,Bombay,Maharashtra,25/08/2023 03:02 AM,,Active,"Rs. 2,476",MCH4303,4814,Partnership,Telecom,2023-08-25 03:02:00,0,0,,1,0,2476.0,0,0,4303,0,0,0,0,1
MCH 4305,Padmanabhan-Thaker,4131,Transportation,INDIVIDUAL,Ludhiana,Punjab,2024/10/17,,A,572.69,MCH4305,4131,Individual,Transportation,2024-10-17 00:00:00,0,0,,1,0,572.69,0,0,4305,0,0,0,0,1
MCH4306,"Narula, Hegde and Minhas",5411.0,Grocery Stores,private_limited,BLR,Karnataka,2025-08-03 01:58:17,,Live,-2023.94,MCH4306,5411,Private Limited,Grocery,2025-08-03 01:58:17,0,0,,1,0,-2023.94,0,1,4306,0,0,0,0,1
MCH4308,Natt Group,5912,Medical,PARTNERSHIP,DELHI,Delhi,2023/01/16,3010499558,A,2114.37,MCH4308,5912,Partnership,Pharmacy & Medical,2023-01-16 00:00:00,0,0,3010499558,0,0,2114.37,0,0,4308,0,0,0,0,1
mch4312,Dada-Hari,5699,CLOTHS,SOLE_PROPRIETOR,LDH,Punjab,17-Feb-2024,XXXX5151,Live,"2,174.33",MCH4312,5699,Sole Proprietor,Clothing,2024-02-17 00:00:00,0,0,XXXX5151,0,1,2174.33,0,0,4312,0,0,0,0,1
MCH4314,Deshmukh Ltd,5699,Apparel,PRIVATE_LIMITED,Jalandhar,Punjab,,3021439858,I,986.05,MCH4314,5699,Private Limited,Clothing,,1,0,3021439858,0,0,986.05,0,0,4314,0,0,0,0,1
MCH 4318,Nagar and Sons,4131,transprt,sole_proprietor,LKO,Uttar Pradesh,20/12/2023 03:21 PM,3039905093,Enabled,"₹1,159.12",MCH4318,4131,Sole Proprietor,Transportation,2023-12-20 15:21:00,0,0,3039905093,0,0,1159.12,0,0,4318,0,0,0,0,1
MCH4319,"CHAUDHRY, RAJAN AND LAD",5812,eating place,Private Limited,jaipur,Rajasthan,2025/07/13,,S,1128.44,MCH4319,5812,Private Limited,Food & Restaurants,2025-07-13 00:00:00,0,0,,1,0,1128.44,0,0,4319,1,1,1,3,3
MCH4320,Vala and Sons,4814,Mobile Recharge,PRIVATE_LIMITED,MUMBAI,Maharashtra,14/10/2024,NNFD4351390281416,Disabled,-288.28,MCH4320,4814,Private Limited,Telecom,2024-10-14 00:00:00,0,0,NNFD4351390281416,0,0,-288.28,0,1,4320,0,0,0,0,1
MCH4322,Patla PLC,4814,telecom,PRIVATE-LIMITED,pune,Maharashtra,10-17-2025,XXXX9948,A,Rs. 274,MCH4322,4814,Private Limited,Telecom,2025-10-17 00:00:00,0,0,XXXX9948,0,1,274.0,0,0,4322,1,1,1,3,6
mch4323,"Ben, Wagle and Shan",5812,eating place,SOLE-PROPRIETOR,Madras,Tamil Nadu,2023-05-11 05:53:16,4367668757,SUSPENDED,,MCH4323,5812,Sole Proprietor,Food & Restaurants,2023-05-11 05:53:16,0,0,4367668757,0,0,,1,0,4323,0,0,0,0,1
mch4324,Choudhury Group,5311,DEPT_STORE,Individual,chennai,Tamil Nadu,02/11/2024,ZMED4163796029617,Live,"Rs. 10,680",MCH4324,5311,Individual,Department Stores,2024-11-02 00:00:00,0,0,ZMED4163796029617,0,0,10680.0,0,0,4324,0,0,0,0,1
MCH4325,choudhry llc,07011,Hotels,PRIVATE-LIMITED,jaipur,Rajasthan,06-07-2023,,Disabled,,MCH4325,7011,Private Limited,Hotels & Hospitality,2023-06-07 00:00:00,0,0,,1,0,,1,0,4325,0,0,0,0,1
MCH4326,Morar-Jani,7011,Hotels,partnership,LKO,Uttar Pradesh,12-14-2025,,Live,9768.01,MCH4326,7011,Partnership,Hotels & Hospitality,2025-12-14 00:00:00,0,0,,1,0,9768.01,0,0,4326,0,0,0,0,1
MCH 4330,"Viswanathan, Morar and Barad",4131,transprt,Individual,Jalandhar,Punjab,04/10/2023,,ACTIVE,INR 151.73,MCH4330,4131,Individual,Transportation,2023-10-04 00:00:00,0,0,,1,0,151.73,0,0,4330,0,0,0,0,1
MCH4331,"Wali, Buch and Nagi",5699,garments,SOLE_PROPRIETOR,amritsar,Punjab,31/07/2025 08:39 PM,5107486763,INACTIVE,1154.33,MCH4331,5699,Sole Proprietor,Clothing,2025-07-31 20:39:00,0,0,5107486763,0,0,1154.33,0,0,4331,0,0,0,0,1
MCH4332,  Varma PLC  ,5942,Books,INDIVIDUAL,Mumbai,Maharashtra,22-Jan-2025,XXXX6546,Enabled,229.07,MCH4332,5942,Individual,Books & Stationery,2025-01-22 00:00:00,0,0,XXXX6546,0,1,229.07,0,0,4332,0,0,0,0,1
MCH4334,"  Nazareth, Loyal and Dhar  ",05311,Department Store,INDIVIDUAL,Ludhiana,Punjab,09/11/2025,6420363344,Active,"INR 6,505.28",MCH4334,5311,Individual,Department Stores,2025-11-09 00:00:00,0,0,6420363344,0,0,6505.28,0,0,4334,0,0,0,0,1
MCH4336,"Dube, Baria and Nath",MCC-5411,kirana,private_limited,Jalandhar,Punjab,2026-01-06 20:58:43,,Live,-1545.59,MCH4336,5411,Private Limited,Grocery,2026-01-06 20:58:43,0,0,,1,0,-1545.59,0,1,4336,0,1,1,2,2
mch4337,Sethi Ltd,4814,TELECOM,individual,jalandhar,Punjab,28-Jan-2026,NBXU8148602683458,Inactive,3672.22,MCH4337,4814,Individual,Telecom,2026-01-28 00:00:00,0,0,NBXU8148602683458,0,1,3672.22,0,0,4337,0,0,0,0,1
MCH4338,Johal-Dara,7011.0,Hotel,INDIVIDUAL,JPR,Rajasthan,06/07/2025 08:41 PM,XXXX8581,Blocked,"₹3,419.42",MCH4338,7011,Individual,Hotels & Hospitality,2025-07-06 20:41:00,0,0,XXXX8581,0,1,3419.42,0,0,4338,0,0,0,0,1
MCH4340,"Nadig, Kothari and Khalsa",7011,Hotels,partnership,mumbai,Maharashtra,,,ACTIVE,1756.35,MCH4340,7011,Partnership,Hotels & Hospitality,,1,0,,1,0,1756.35,0,0,4340,0,0,0,0,1
MCH4342,S0m PLC,4814,Mobile Recharge,PRIVATE_LIMITED,jaipur,Rajasthan,08-Nov-2025,,Inactive,337.31,MCH4342,4814,Private Limited,Telecom,2025-11-08 00:00:00,0,0,,1,0,337.31,0,0,4342,1,0,1,2,2
MCH4349,Atwal-Sura,misc,BOOKS_STATIONERY,SOLE-PROPRIETOR,Pune,Maharashtra,2025/12/21,ZQKH6444366746348,A,463.78,MCH4349,,Sole Proprietor,Unknown,2025-12-21 00:00:00,0,0,ZQKH6444366746348,0,0,463.78,0,0,4349,1,1,1,3,2
MCH4352,suri ltd,5912,MEDICAL_STORE,INDIVIDUAL,lucknow,Uttar Pradesh,21/08/2023,,Active,-2179.96,MCH4352,5912,Individual,Pharmacy & Medical,2023-08-21 00:00:00,0,0,,1,0,-2179.96,0,1,4352,0,0,0,0,1
MCH4353,"Sha, Thaman and Bhasin",5699,Apparel,partnership,Lucknow,Uttar Pradesh,02/05/2024,XXXX4052,Closed,-391.43,MCH4353,5699,Partnership,Clothing,2024-05-02 00:00:00,0,0,XXXX4052,0,1,-391.43,0,1,4353,0,0,0,0,1
MCH4354,Natarajan-Lad,7011.0,HOTEL_LODGING,PARTNERSHIP,amritsar,Punjab,2023/08/18,XXXX6382,A,703.43,MCH4354,7011,Partnership,Hotels & Hospitality,2023-08-18 00:00:00,0,0,XXXX6382,0,1,703.43,0,0,4354,0,0,0,0,1
MCH4355,Sur-Pandit,05699,garments,partnership,lucknow,Uttar Pradesh,2023/04/18,0234156737,ACTIVE,,MCH4355,5699,Partnership,Clothing,2023-04-18 00:00:00,0,0,0234156737,0,0,,1,0,4355,0,0,0,0,1
MCH4356,"Basak, Sur and Sundaram",UNKNOWN,Telecom,Partnership,Dilli,Delhi,07-22-2024,,A,"Rs. 1,661",MCH4356,,Partnership,Unknown,2024-07-22 00:00:00,0,0,,1,0,1661.0,0,0,4356,1,0,1,2,2
MCH4357,Som and Sons,MCC-5311,Retail,INDIVIDUAL,LDH,Punjab,,XXXX0823,Enabled,,MCH4357,5311,Individual,Department Stores,,1,0,XXXX0823,0,1,,1,0,4357,0,0,0,0,1
MCH4359,Mistry-Parekh,MCC-5912,Pharmacies,private_limited,MUMBAI,Maharashtra,10/06/2023 04:16 PM,YQCO7150849658211,Blocked,Rs. 684,MCH4359,5912,Private Limited,Pharmacy & Medical,2023-06-10 16:16:00,0,0,YQCO7150849658211,0,0,684.0,0,0,4359,0,0,0,0,1
MCH4360,Khurana Ltd,5699,Apparel,partnership,Jaipur,Rajasthan,,7767895451,ACTIVE,507.91,MCH4360,5699,Partnership,Clothing,,1,0,7767895451,0,0,507.91,0,0,4360,0,0,0,0,1
MCH4361,"dugal, barad and nagi",5411,groceries,Private Limited,pune,Maharashtra,2025/10/27,XXXX1186,Enabled,4047.59,MCH4361,5411,Private Limited,Grocery,2025-10-27 00:00:00,0,0,XXXX1186,0,1,4047.59,0,0,4361,1,1,1,3,2
MCH 4362,Sura LLC,7011,HOTEL_LODGING,INDIVIDUAL,Jaipur,Rajasthan,2023/04/23,2143307806,S,Rs. 218,MCH4362,7011,Individual,Hotels & Hospitality,2023-04-23 00:00:00,0,0,2143307806,0,0,218.0,0,0,4362,0,0,0,0,1
MCH 4363,NARAYAN-SANGHA,7011,HOTEL_LODGING,Sole Proprietor,jalandhar,Punjab,,,ACTIVE,598.32,MCH4363,7011,Sole Proprietor,Hotels & Hospitality,,1,0,,1,0,598.32,0,0,4363,1,1,0,2,2
MCH4364,SASTRY-SHETTY,4131,Transport,sole_proprietor,kolkata,West Bengal,14/06/2024,BYKR5512266480306,A,"Rs. 1,128",MCH4364,4131,Sole Proprietor,Transportation,2024-06-14 00:00:00,0,0,BYKR5512266480306,0,0,1128.0,0,0,4364,0,0,0,0,1
MCH4367,Sankaran-Bhattacharyya,MCC-5699,Fashion,PARTNERSHIP,chennai,Tamil Nadu,13/12/2023 04:19 AM,PBSG5651430183192,Live,"₹1,153.81",MCH4367,5699,Partnership,Clothing,2023-12-13 04:19:00,0,0,PBSG5651430183192,0,0,1153.81,0,0,4367,1,1,1,3,2
MCH4369,"Gupta,ManeandBhasin",5812,FOOD_SERVICES,Individual,HYDERABAD,Telangana,03/03/2025,,A,950.76,MCH4369,5812,Individual,Food & Restaurants,2025-03-03 00:00:00,0,0,,1,0,950.76,0,0,4369,0,1,1,2,2
4370,Kuruvilla and Sons,05999,Other,INDIVIDUAL,Mumbay,Maharashtra,18-Aug-2023,,Active,-715.96,4370,5999,Individual,Other Retail,2023-08-18 00:00:00,0,0,,1,0,-715.96,0,1,4370,0,0,0,0,1
mch4371,Chahal-Chaudhari,4814,phone service,Sole Proprietor,ludhiana,Punjab,20-Jan-2025,,Suspended,219.82,MCH4371,4814,Sole Proprietor,Telecom,2025-01-20 00:00:00,0,0,,1,0,219.82,0,0,4371,0,0,0,0,1
MCH4373,Raman-Karnik,5942,Books,Partnership,DELHI,Delhi,2023-08-09 15:36:00,IPHA4538122781630,A,,MCH4373,5942,Partnership,Books & Stationery,2023-08-09 15:36:00,0,0,IPHA4538122781630,0,0,,1,0,4373,0,0,0,0,1
MCH4374,Venkatesh LLC,7011,Hotel,INDIVIDUAL,Jalandhar,Punjab,1736979737,,Active,418.37,MCH4374,7011,Individual,Hotels & Hospitality,2025-01-15 22:22:17,0,0,,1,0,418.37,0,0,4374,0,0,0,0,1
MCH4375,"Mani, Pillai and Soman",05311,Department Stores,SOLE-PROPRIETOR,Lucknow,Uttar Pradesh,03/08/2024 02:25 AM,,Enabled,1050.41,MCH4375,5311,Sole Proprietor,Department Stores,2024-08-03 02:25:00,0,0,,1,0,1050.41,0,0,4375,0,0,0,0,1
MCH4377,Kale-Krishnan,5942,Book Store,partnership,bengaluru,Karnataka,10/12/2023,,Closed,2218.12,MCH4377,5942,Partnership,Books & Stationery,2023-12-10 00:00:00,0,0,,1,0,2218.12,0,0,4377,0,0,0,0,1
mch4382,modi-sengupta,5912.0,Pharmacies,individual,MUMBAI,Maharashtra,2025/02/15,9182714411,Enabled,650.10,MCH4382,5912,Individual,Pharmacy & Medical,2025-02-15 00:00:00,0,0,9182714411,0,0,650.1,0,0,4382,0,0,1,1,2
MCH 4383,Vala LLC,05311,DEPT_STORE,SOLE-PROPRIETOR,Lucknow,Uttar Pradesh,15/06/2025,,A,219.66,MCH4383,5311,Sole Proprietor,Department Stores,2025-06-15 00:00:00,0,0,,1,0,219.66,0,0,4383,1,1,1,3,2
MCH4385,Bera-S0m,UNKNOWN,groceries,private_limited,Jalandar,Punjab,08-May-2023,XXXX8868,Active,"INR 2,548.67",MCH4385,,Private Limited,Unknown,2023-05-08 00:00:00,0,0,XXXX8868,0,1,2548.67,0,0,4385,0,0,0,0,1
4389,"Bobal, Chakrabarti and Dash",5912,Pharmacy,SOLE_PROPRIETOR,pune,Maharashtra,04-Feb-2026,,A,445.95,4389,5912,Sole Proprietor,Pharmacy & Medical,2026-02-04 00:00:00,0,0,,1,0,445.95,0,0,4389,0,0,0,0,1
MCH4390,Ar0ra LLC,5812,Restaurants,Sole Proprietor,Hyd,Telangana,06/07/2025,XXXX2296,Enabled,"Rs. 1,372",MCH4390,5812,Sole Proprietor,Food & Restaurants,2025-07-06 00:00:00,0,0,XXXX2296,0,1,1372.0,0,0,4390,0,0,0,0,1
MCH4395,  Ramakrishnan-Rastogi  ,5999,Misc Retail,private_limited,chennai,Tamil Nadu,11-19-2025,,Active,,MCH4395,5999,Private Limited,Other Retail,2025-11-19 00:00:00,0,0,,1,0,,1,0,4395,0,0,0,0,1
MCH4397,Tailor-Pandey,5912,chemist,PRIVATE-LIMITED,pune,Maharashtra,24/10/2024,,Active,,MCH4397,5912,Private Limited,Pharmacy & Medical,2024-10-24 00:00:00,0,0,,1,0,,1,0,4397,0,0,0,0,1
MCH4398,"BOSE, DHAR AND OZA",5812,Restaurant,INDIVIDUAL,jalandhar,Punjab,06/03/2024,VPBZ3389716321736,A,INR 580.38,MCH4398,5812,Individual,Food & Restaurants,2024-03-06 00:00:00,0,0,VPBZ3389716321736,0,0,580.38,0,0,4398,0,0,0,0,1
MCH4401,BEDI AND SONS,5699,Fashion,partnership,Calcutta,West Bengal,2024-05-16 03:12:04,HWLG9372836696223,Active,557.79,MCH4401,5699,Partnership,Clothing,2024-05-16 03:12:04,0,0,HWLG9372836696223,0,0,557.79,0,0,4401,1,1,1,3,2
MCH4406,"Chand, Ahuja and Behl",07011,HOTEL_LODGING,Private Limited,Pune,Maharashtra,2023/06/09,,ACTIVE,"Rs. 3,629",MCH4406,7011,Private Limited,Hotels & Hospitality,2023-06-09 00:00:00,0,0,,1,0,3629.0,0,0,4406,0,0,0,0,1
mch4408,Dhar-Shetty,5912,Medical,individual,ASR,Punjab,2023/12/19,XXXX8510,INACTIVE,INR 425.49,MCH4408,5912,Individual,Pharmacy & Medical,2023-12-19 00:00:00,0,0,XXXX8510,0,1,425.49,0,0,4408,0,0,0,0,1
MCH4411,"Kale, Issac and Sibal",5999,Retail Other,PRIVATE_LIMITED,MUMBAI,Maharashtra,23/12/2025,GYAZ8851086848708,A,566.46,MCH4411,5999,Private Limited,Other Retail,2025-12-23 00:00:00,0,0,GYAZ8851086848708,0,0,566.46,0,0,4411,0,0,0,0,1
mch4413,"Parekh,KadeandTalwar",5699,cloths,Sole Proprietor,LKO,Uttar Pradesh,11-Dec-2025,9207485110,ACTIVE,,MCH4413,5699,Sole Proprietor,Clothing,2025-12-11 00:00:00,0,0,9207485110,0,0,,1,0,4413,1,1,1,3,3
MCH-4414,"Manne, Arora and Goel",05411,groceries,PRIVATE_LIMITED,Hyd,Telangana,07-15-2025,,Active,-618.59,MCH4414,5411,Private Limited,Grocery,2025-07-15 00:00:00,0,0,,1,0,-618.59,0,1,4414,0,0,0,0,1
MCH4416,Raju and S0ns,5999,miscellaneous,INDIVIDUAL,bengaluru,Karnataka,04/10/2025,6909361511,Suspended,"Rs. 3,955",MCH4416,5999,Individual,Other Retail,2025-10-04 00:00:00,0,0,6909361511,0,0,3955.0,0,0,4416,0,0,1,1,2
MCH4417,  Nair-Bhavsar  ,5942.0,Books,Private Limited,jalandhar,Punjab,2024/10/26,XXXX2826,Live,291.65,MCH4417,5942,Private Limited,Books & Stationery,2024-10-26 00:00:00,0,0,XXXX2826,0,1,291.65,0,0,4417,0,0,0,0,1
MCH 4419,  Gill-Ratta  ,5912.0,medical_store,SOLE-PROPRIETOR,JPR,Rajasthan,15/09/2024 02:40 PM,ETZF4377515836271,Active,"INR 1,442.51",MCH4419,5912,Sole Proprietor,Pharmacy & Medical,2024-09-15 14:40:00,0,0,ETZF4377515836271,0,0,1442.51,0,0,4419,0,1,0,1,3
MCH4421,natarajan-borah,5999,Miscellaneous,Sole Proprietor,MUMBAI,Maharashtra,2024/11/21,,Live,"1,261.07",MCH4421,5999,Sole Proprietor,Other Retail,2024-11-21 00:00:00,0,0,,1,0,1261.07,0,0,4421,1,0,1,2,3
MCH4424,"Date, Soman and Lall",05311,Department Store,Private Limited,chennai,Tamil Nadu,2024-02-01 22:21:10,GBLD6739471452450,Live,-410.17,MCH4424,5311,Private Limited,Department Stores,2024-02-01 22:21:10,0,0,GBLD6739471452450,0,0,-410.17,0,1,4424,0,0,0,0,1
MCH4427,  Deshpande LLC  ,5812,Food,private_limited,Mumbai,Maharashtra,2023/02/05,0253333340,Enabled,"INR 1,587.13",MCH4427,5812,Private Limited,Food & Restaurants,2023-02-05 00:00:00,0,0,0253333340,0,0,1587.13,0,0,4427,0,0,0,0,1
MCH4428,Raja-Kapadia,5942,BOOKS_STATIONERY,Private Limited,Poona,Maharashtra,21-Jan-2023,4361145093,Enabled,"Rs. 3,396",MCH4428,5942,Private Limited,Books & Stationery,2023-01-21 00:00:00,0,0,4361145093,0,0,3396.0,0,0,4428,0,0,0,0,1
MCH 4431,"Wali, Zachariah and Toor",MCC-5411,GROCERY_STORE,SOLE_PROPRIETOR,Bombay,Maharashtra,13-May-2023,,Blocked,"₹3,595.68",MCH4431,5411,Sole Proprietor,Grocery,2023-05-13 00:00:00,0,0,,1,0,3595.68,0,0,4431,0,0,0,0,1
mch4433,"PATIL, SUBRAMANIAN AND MADAN",7011,Hospitality,partnership,Calcutta,West Bengal,23-Jan-2023,KNSD2742017347383,ACTIVE,830.16,MCH4433,7011,Partnership,Hotels & Hospitality,2023-01-23 00:00:00,0,0,KNSD2742017347383,0,0,830.16,0,0,4433,0,0,0,0,1
MCH4434,Andra and Sons,5999,Other,Private Limited,ludhiana,Punjab,2025-02-21 00:35:17,,ACTIVE,Rs. 233,MCH4434,5999,Private Limited,Other Retail,2025-02-21 00:35:17,0,0,,1,0,233.0,0,0,4434,0,0,0,0,1
MCH4435,"Shere, Jain and Luthra",5999,Retail Other,PRIVATE-LIMITED,Chennai,Tamil Nadu,23/06/2024,PJOC4178398535690,Enabled,Rs. 894,MCH4435,5999,Private Limited,Other Retail,2024-06-23 00:00:00,0,0,PJOC4178398535690,0,0,894.0,0,0,4435,0,0,0,0,1
MCH4438,Vasa-Divan,5311,Department Store,PARTNERSHIP,Kolkata,West Bengal,10/09/2025 05:49 AM,DDPR9154239625573,A,1288.65,MCH4438,5311,Partnership,Department Stores,2025-09-10 05:49:00,0,0,DDPR9154239625573,0,0,1288.65,0,0,4438,0,0,0,0,1
MCH 4439,DESHPANDE LTD,5812.0,eating place,partnership,bengaluru,Karnataka,02-Apr-2025,XXXX4378,ACTIVE,-917.66,MCH4439,5812,Partnership,Food & Restaurants,2025-04-02 00:00:00,0,0,XXXX4378,0,1,-917.66,0,1,4439,0,0,0,0,1
MCH4440,"Krishna, Bora and Swaminathan",5699,Apparel,PRIVATE_LIMITED,Jalandar,Punjab,29/04/2023,5872380651,Hold,749.44,MCH4440,5699,Private Limited,Clothing,2023-04-29 00:00:00,0,0,5872380651,0,0,749.44,0,0,4440,0,1,1,2,2
MCH4441,"Sachdev, Doctor and Subramanian",5311,Department Store,partnership,Chennai,Tamil Nadu,2023/06/08,6376514375,Closed,3222.79,MCH4441,5311,Partnership,Department Stores,2023-06-08 00:00:00,0,0,6376514375,0,0,3222.79,0,0,4441,0,0,0,0,1
MCH4443,Sachar-Banik,5942,Stationery,PARTNERSHIP,JPR,Rajasthan,12-06-2024,BADT3910512012474,Live,"INR 2,375.86",MCH4443,5942,Partnership,Books & Stationery,2024-12-06 00:00:00,0,0,BADT3910512012474,0,0,2375.86,0,0,4443,0,0,0,0,1
MCH4444,Kara-Murty,,Misc Retail,PARTNERSHIP,Jaipur,Rajasthan,24/11/2023,SVOB9088353520562,A,1214.6,MCH4444,,Partnership,Unknown,2023-11-24 00:00:00,0,0,SVOB9088353520562,0,0,1214.6,0,0,4444,1,0,0,1,2
mch4447,"sodhi, dalal and iyengar",5311,Department Store,Private Limited,Bangalore,Karnataka,,XXXX0235,A,₹208.51,MCH4447,5311,Private Limited,Department Stores,,1,0,XXXX0235,0,1,208.51,0,0,4447,0,0,0,0,1
MCH4448,Gara and Sons,5999,Miscellaneous,INDIVIDUAL,Madras,Tamil Nadu,09-24-2025,XXXX6028,SUSPENDED,"₹1,524.31",MCH4448,5999,Individual,Other Retail,2025-09-24 00:00:00,0,0,XXXX6028,0,1,1524.31,0,0,4448,0,0,0,0,1
MCH4450,ZACHARIAH-BATRA,5311,Retail,SOLE_PROPRIETOR,amritsar,Punjab,1694963446,,ACTIVE,"₹1,045.82",MCH4450,5311,Sole Proprietor,Department Stores,2023-09-17 15:10:46,0,0,,1,0,1045.82,0,0,4450,0,0,0,0,1
MCH-4451,Bansal-Tak,7011,Hospitality,Individual,amritsar,Punjab,,,Enabled,,MCH4451,7011,Individual,Hotels & Hospitality,,1,0,,1,0,,1,0,4451,0,0,0,0,1
MCH4454,"varghese, shenoy and mahajan",05812,Restaurants,PARTNERSHIP,Mumbai,Maharashtra,1750537099,,A,"Rs. 1,952",MCH4454,5812,Partnership,Food & Restaurants,2025-06-21 20:18:19,0,0,,1,0,1952.0,0,0,4454,1,1,1,3,2
4455,Iyer LLC,5411,kirana,INDIVIDUAL,Bangalore,Karnataka,,JMHS4435674556652,Active,₹586.02,4455,5411,Individual,Grocery,,1,0,JMHS4435674556652,0,0,586.02,0,0,4455,0,0,0,0,1
MCH4456,Krish-Panchal,MCC-5411,Grocery,INDIVIDUAL,lucknow,Uttar Pradesh,11/05/2024 06:33 PM,,ACTIVE,"₹1,642.08",MCH4456,5411,Individual,Grocery,2024-05-11 18:33:00,0,0,,1,0,1642.08,0,0,4456,0,0,0,0,1
MCH4457,"Chanda, Parikh and Hayre",5999,Retail Other,PRIVATE_LIMITED,amritsar,Punjab,,,Live,,MCH4457,5999,Private Limited,Other Retail,,1,0,,1,0,,1,0,4457,0,0,0,0,1
4458,"  Gola, Dixit and Banik  ",5411,GROCERY_STORE,SOLE-PROPRIETOR,Amritsar,Punjab,25-Aug-2023,XXXX8441,Enabled,991.85,4458,5411,Sole Proprietor,Grocery,2023-08-25 00:00:00,0,0,XXXX8441,0,1,991.85,0,0,4458,0,0,0,0,1
mch4459,Agate-Majumdar,4131,transprt,SOLE-PROPRIETOR,Madras,Tamil Nadu,29-Jul-2025,XXXX8386,A,210.85,MCH4459,4131,Sole Proprietor,Transportation,2025-07-29 00:00:00,0,0,XXXX8386,0,1,210.85,0,0,4459,1,1,1,3,3
MCH4460,BUMB PLC,5942,Books,PRIVATE_LIMITED,chennai,Tamil Nadu,,XXXX4424,A,696.95,MCH4460,5942,Private Limited,Books & Stationery,,1,0,XXXX4424,0,1,696.95,0,0,4460,0,0,0,0,1
MCH4462,"Koshy, Badal and Nayar",5699,Clothing,INDIVIDUAL,Hyd,Telangana,01-17-2025,XXXX9292,ACTIVE,Rs. 937,MCH4462,5699,Individual,Clothing,2025-01-17 00:00:00,0,0,XXXX9292,0,1,937.0,0,0,4462,0,0,0,0,1
MCH4463,"Choudhry, Sahni and Chaudhry",5699,Apparel,individual,Ludhiana,Punjab,1736392653,XXXX3118,Active,Rs. 402,MCH4463,5699,Individual,Clothing,2025-01-09 03:17:33,0,0,XXXX3118,0,1,402.0,0,0,4463,1,1,1,3,3
MCH4469,mane and sons,MCC-4131,Transportation,Partnership,Hyderabad,Telangana,18/05/2025 04:24 PM,ZELA9978143221753,Enabled,"1,447.11",MCH4469,4131,Partnership,Transportation,2025-05-18 16:24:00,0,0,ZELA9978143221753,0,0,1447.11,0,0,4469,0,0,0,0,1
MCH4474,Ram Ltd,4814,Telecom,PARTNERSHIP,Jalandhar,Punjab,07-13-2024,,ACTIVE,"₹1,082.17",MCH4474,4814,Partnership,Telecom,2024-07-13 00:00:00,0,0,,1,0,1082.17,0,0,4474,0,0,0,0,1
MCH 4475,"Ray, Kulkarni and Suresh",5311,dept_store,PRIVATE_LIMITED,Ludhiana,Punjab,2024/03/03,XXXX5127,Active,"₹3,417.23",MCH4475,5311,Private Limited,Department Stores,2024-03-03 00:00:00,0,0,XXXX5127,0,1,3417.23,0,0,4475,0,0,1,1,2
MCH4476,Parikh Group,5912,Medical,Partnership,kolkata,West Bengal,1757463877,,Enabled,,MCH4476,5912,Partnership,Pharmacy & Medical,2025-09-10 00:24:37,0,0,,1,0,,1,0,4476,0,0,0,0,1
MCH4477,Edwin Group,5912.0,chemist,PARTNERSHIP,Poona,Maharashtra,19/12/2025,,ACTIVE,1145.96,MCH4477,5912,Partnership,Pharmacy & Medical,2025-12-19 00:00:00,0,0,,1,0,1145.96,0,0,4477,1,0,1,2,2
MCH4478,Shenoy Inc,4131,Transport,PRIVATE_LIMITED,pune,Maharashtra,2024-04-19 20:17:16,,ACTIVE,3749.72,MCH4478,4131,Private Limited,Transportation,2024-04-19 20:17:16,0,0,,1,0,3749.72,0,0,4478,0,0,0,0,1
4481,Nagi Inc,5699,CLOTHS,PARTNERSHIP,Poona,Maharashtra,28/11/2023 12:44 PM,,Live,"INR 2,759.79",4481,5699,Partnership,Clothing,2023-11-28 12:44:00,0,0,,1,0,2759.79,0,0,4481,0,0,0,0,1
MCH4482,Sawhney-Raman,7011,HOTEL_LODGING,PRIVATE-LIMITED,Ludhiana,Punjab,,8584867343,Active,INR 246.88,MCH4482,7011,Private Limited,Hotels & Hospitality,,1,0,8584867343,0,0,246.88,0,0,4482,0,0,0,0,1
MCH4484,"Mukherjee, Tella and Malhotra",5812,Restaurant,PARTNERSHIP,Bangalore,Karnataka,02/10/2025 05:38 AM,8422535984,Active,2091.93,MCH4484,5812,Partnership,Food & Restaurants,2025-10-02 05:38:00,0,0,8422535984,0,0,2091.93,0,0,4484,0,0,0,0,1
4485,NazarethInc,5999,Retail Other,INDIVIDUAL,Poona,Maharashtra,1699382099,6008302979,Hold,"INR 1,928.18",4485,5999,Individual,Other Retail,2023-11-07 18:34:59,0,0,6008302979,0,0,1928.18,0,0,4485,0,0,0,0,1
mch4486,"Bumb, Kibe and Saraf",4814,Mobile Recharge,private_limited,Madras,Tamil Nadu,14-Feb-2026,XXXX9655,ACTIVE,2112.84,MCH4486,4814,Private Limited,Telecom,2026-02-14 00:00:00,0,0,XXXX9655,0,1,2112.84,0,0,4486,0,0,0,0,1
MCH 4487,Maharaj-Murthy,MCC-5912,MEDICAL_STORE,individual,amritsar,Punjab,04-23-2024,TWRO4245073175794,A,1455.08,MCH4487,5912,Individual,Pharmacy & Medical,2024-04-23 00:00:00,0,0,TWRO4245073175794,0,0,1455.08,0,0,4487,1,1,1,3,3
MCH4490,"Chawla, Prabhakar and Gupta",5812,Restaurants,PRIVATE-LIMITED,Chennai,Tamil Nadu,,XXXX6406,ACTIVE,Rs. 279,MCH4490,5812,Private Limited,Food & Restaurants,,1,0,XXXX6406,0,1,279.0,0,0,4490,1,1,1,3,2
mch4495,"Nadig, Gade and Jha",5942,Book Store,partnership,Hyd,Telangana,10/05/2024 06:24 AM,,Live,"INR 1,329.61",MCH4495,5942,Partnership,Books & Stationery,2024-05-10 06:24:00,0,0,,1,0,1329.61,0,0,4495,0,0,0,0,1
MCH4496,"Pandya, Bhalla and Malhotra",4814,Telecom,PARTNERSHIP,JPR,Rajasthan,23/07/2025 09:17 AM,6668375188,Live,,MCH4496,4814,Partnership,Telecom,2025-07-23 09:17:00,0,0,6668375188,0,0,,1,0,4496,0,0,1,1,2
mch4497,Padmanabhan Group,5812,Restaurant,Individual,MUMBAI,Maharashtra,,,A,"INR 2,142.62",MCH4497,5812,Individual,Food & Restaurants,,1,0,,1,0,2142.62,0,0,4497,0,0,0,0,1
MCH4501,BARMAN AND SONS,5812,Restaurant,private_limited,Dilli,Delhi,24-Apr-2025,,Active,523.04,MCH4501,5812,Private Limited,Food & Restaurants,2025-04-24 00:00:00,0,0,,1,0,523.04,0,0,4501,0,0,0,0,1
MCH4503,"  Varghese, Hora and Narayanan  ",7011,HOTEL_LODGING,SOLE_PROPRIETOR,LDH,Punjab,,,Live,"Rs. 1,258",MCH4503,7011,Sole Proprietor,Hotels & Hospitality,,1,0,,1,0,1258.0,0,0,4503,1,1,0,2,3
MCH4507,Bassi-Merchant,5812,eating place,sole_proprietor,Madras,Tamil Nadu,30/05/2024,XXXX7969,Active,3598.7,MCH4507,5812,Sole Proprietor,Food & Restaurants,2024-05-30 00:00:00,0,0,XXXX7969,0,1,3598.7,0,0,4507,0,0,0,0,1
MCH4508,Prakash Ltd,5812.0,eating place,Private Limited,MUMBAI,Maharashtra,12/12/2023 04:42 PM,9822144537,Hold,1744.61,MCH4508,5812,Private Limited,Food & Restaurants,2023-12-12 16:42:00,0,0,9822144537,0,0,1744.61,0,0,4508,0,0,0,0,1
mch4509,"shanker, sem and varughese",4131,Bus/Taxi,SOLE_PROPRIETOR,Pune,Maharashtra,16/08/2023,,Active,,MCH4509,4131,Sole Proprietor,Transportation,2023-08-16 00:00:00,0,0,,1,0,,1,0,4509,0,0,0,0,1
MCH4510,  Bora Ltd  ,4814,Mobile Recharge,INDIVIDUAL,chennai,Tamil Nadu,16/04/2024 11:39 AM,XXXX0375,ACTIVE,1583.66,MCH4510,4814,Individual,Telecom,2024-04-16 11:39:00,0,0,XXXX0375,0,1,1583.66,0,0,4510,0,0,0,0,1
MCH 4511,"Walla, Kala and Devi",4131,Transport,SOLE_PROPRIETOR,HYDERABAD,Telangana,12-Mar-2025,8103217288,A,"INR 1,448.32",MCH4511,4131,Sole Proprietor,Transportation,2025-03-12 00:00:00,0,0,8103217288,0,0,1448.32,0,0,4511,0,0,0,0,1
mch4515,Memon-Upadhyay,4131,transprt,SOLE_PROPRIETOR,Lucknow,Uttar Pradesh,2024-04-03 17:37:57,,Enabled,"INR 2,435.25",MCH4515,4131,Sole Proprietor,Transportation,2024-04-03 17:37:57,0,0,,1,0,2435.25,0,0,4515,0,0,0,0,1
MCH4517,"Madan, Gola and Srivastava",5812,Restaurants,SOLE-PROPRIETOR,kolkata,West Bengal,1746627964,,ACTIVE,-671.65,MCH4517,5812,Sole Proprietor,Food & Restaurants,2025-05-07 14:26:04,0,0,,1,0,-671.65,0,1,4517,0,0,0,0,1
MCH4521,Raman PLC,5699,Apparel,private_limited,HYDERABAD,Telangana,02/04/2023 12:10 PM,,Live,4397.68,MCH4521,5699,Private Limited,Clothing,2023-04-02 12:10:00,0,0,,1,0,4397.68,0,0,4521,0,0,0,0,1
MCH4524,Tara Ltd,5999,Miscellaneous,private_limited,Hyderabad,Telangana,2025-07-23 17:42:29,,Live,1296.94,MCH4524,5999,Private Limited,Other Retail,2025-07-23 17:42:29,0,0,,1,0,1296.94,0,0,4524,0,0,0,0,1
MCH4526,"Mittal, Saha and Puri",5699,Apparel,sole_proprietor,BLR,Karnataka,06-19-2025,,Enabled,893.38,MCH4526,5699,Sole Proprietor,Clothing,2025-06-19 00:00:00,0,0,,1,0,893.38,0,0,4526,0,0,0,0,1
MCH4527,BansalInc,5411.0,groceries,PRIVATE-LIMITED,lucknow,Uttar Pradesh,29/10/2025 09:36 PM,BWHM6431375051395,A,"Rs. 3,449",MCH4527,5411,Private Limited,Grocery,2025-10-29 21:36:00,0,0,BWHM6431375051395,0,0,3449.0,0,0,4527,0,0,0,0,1
MCH4528,Memon LLC,MCC-5912,Medical,partnership,Hyd,Telangana,2023-01-05 23:02:24,VOFY4004091833640,Active,490.99,MCH4528,5912,Partnership,Pharmacy & Medical,2023-01-05 23:02:24,0,0,VOFY4004091833640,0,0,490.99,0,0,4528,0,0,0,0,1
MCH 4529,varkey-pant,,Clothing,PRIVATE-LIMITED,LDH,Punjab,01-Jun-2024,6768398433,Live,"INR 1,710.62",MCH4529,,Private Limited,Unknown,2024-06-01 00:00:00,0,0,6768398433,0,0,1710.62,0,0,4529,1,1,1,3,2
MCH4530,"Mangal, Sehgal and Vohra",05942,BOOKS_STATIONERY,SOLE_PROPRIETOR,Dilli,Delhi,,,Live,"Rs. 4,172",MCH4530,5942,Sole Proprietor,Books & Stationery,,1,0,,1,0,4172.0,0,0,4530,1,1,1,3,3
MCH-4531,bail-ramachandran,4814,Telecom,Private Limited,JPR,Rajasthan,1746987235,XXXX9300,A,597.69,MCH4531,4814,Private Limited,Telecom,2025-05-11 18:13:55,0,0,XXXX9300,0,1,597.69,0,0,4531,0,0,0,0,1
MCH-4534,BUMB-GANGULY,05699,CLOTHS,partnership,chennai,Tamil Nadu,1762974898,YNBM1819285405206,A,"INR 1,225.88",MCH4534,5699,Partnership,Clothing,2025-11-12 19:14:58,0,0,YNBM1819285405206,0,0,1225.88,0,0,4534,0,0,0,0,1
MCH4536,Gulati and Sons,5311,Retail,INDIVIDUAL,Dilli,Delhi,1733507295,,ACTIVE,951.8,MCH4536,5311,Individual,Department Stores,2024-12-06 17:48:15,0,0,,1,0,951.8,0,0,4536,0,0,0,0,1
MCH4538,Lad Ltd,5699,Fashion,Private Limited,New Delhi,Delhi,30/12/2023 08:20 AM,,Enabled,449.90,MCH4538,5699,Private Limited,Clothing,2023-12-30 08:20:00,0,0,,1,0,449.9,0,0,4538,0,0,0,0,1
mch4540,Nadig LLC,05699,garments,PARTNERSHIP,MUMBAI,Maharashtra,03/02/2024 06:04 PM,,Live,"Rs. 7,331",MCH4540,5699,Partnership,Clothing,2024-02-03 18:04:00,0,0,,1,0,7331.0,0,0,4540,0,0,0,0,1
MCH-4544,"Som, Deshmukh and Narang",5411,kirana,Partnership,Bangalore,Karnataka,28/04/2023,,Live,"₹4,619.33",MCH4544,5411,Partnership,Grocery,2023-04-28 00:00:00,0,0,,1,0,4619.33,0,0,4544,0,0,0,0,1
mch4547,rout inc,5812,Restaurant,private_limited,bengaluru,Karnataka,2026/01/28,4666460002,ACTIVE,₹307.37,MCH4547,5812,Private Limited,Food & Restaurants,2026-01-28 00:00:00,0,0,4666460002,0,0,307.37,0,0,4547,0,0,0,0,1
MCH4548,Sarin Ltd,5912,Medical,Private Limited,Delhi,Delhi,,3265650948,Disabled,,MCH4548,5912,Private Limited,Pharmacy & Medical,,1,0,3265650948,0,0,,1,0,4548,1,0,1,2,2
MCH4551,SURA GROUP,5699,Apparel,SOLE_PROPRIETOR,jalandhar,Punjab,06/01/2023,XXXX0235,Enabled,"3,287.63",MCH4551,5699,Sole Proprietor,Clothing,2023-01-06 00:00:00,0,0,XXXX0235,0,1,3287.63,0,0,4551,0,0,0,0,1
MCH4552,"Palla, Mutti and Jayaraman",4131,Transportation,Sole Proprietor,jaipur,Rajasthan,21/07/2025 01:20 AM,ZNQK3499547364876,Enabled,912.53,MCH4552,4131,Sole Proprietor,Transportation,2025-07-21 01:20:00,0,0,ZNQK3499547364876,0,0,912.53,0,0,4552,0,0,0,0,1
MCH4553,Zachariah-Dara,5812,Restaurants,PRIVATE_LIMITED,Jalandhar,Punjab,03/07/2024 11:07 AM,,A,343.99,MCH4553,5812,Private Limited,Food & Restaurants,2024-07-03 11:07:00,0,0,,1,0,343.99,0,0,4553,0,0,0,0,1
MCH4556,Bhakta Inc,5942,Book Store,PRIVATE-LIMITED,Mumbai,Maharashtra,03-Feb-2026,,A,881.89,MCH4556,5942,Private Limited,Books & Stationery,2026-02-03 00:00:00,0,0,,1,0,881.89,0,0,4556,1,0,1,2,2
mch4560,Shankar Ltd,MCC-4814,Telecom,individual,BLR,Karnataka,12/06/2025 02:36 PM,,Active,1403.88,MCH4560,4814,Individual,Telecom,2025-06-12 14:36:00,0,0,,1,0,1403.88,0,0,4560,0,0,0,0,1
mch4567,  Bhatti Inc  ,7011,Hotels,partnership,HYDERABAD,Telangana,29/03/2023,XXXX2555,Live,"INR 1,514.65",MCH4567,7011,Partnership,Hotels & Hospitality,2023-03-29 00:00:00,0,0,XXXX2555,0,1,1514.65,0,0,4567,0,0,0,0,1
MCH4573,"Edwin, Manda and Biswas",,Pharmacy,Sole Proprietor,pune,Maharashtra,28/02/2025 02:41 PM,3049901910,Live,2824.05,MCH4573,,Sole Proprietor,Unknown,2025-02-28 14:41:00,0,0,3049901910,0,0,2824.05,0,0,4573,1,1,1,3,2
MCH4574,Cherian and Sons,5311,Department Store,INDIVIDUAL,Lucknow,Uttar Pradesh,2024/08/31,XXXX0148,ACTIVE,₹789.16,MCH4574,5311,Individual,Department Stores,2024-08-31 00:00:00,0,0,XXXX0148,0,1,789.16,0,0,4574,0,0,0,0,1
MCH4577,"Atwal, Sura and Bhatti",5812,restaurant,PARTNERSHIP,Hyd,Telangana,03/01/2026 06:58 PM,PWDW0230553443063,Suspended,316.90,MCH4577,5812,Partnership,Food & Restaurants,2026-01-03 18:58:00,0,0,PWDW0230553443063,0,0,316.9,0,0,4577,1,1,1,3,3
mch4578,Bedi LLC,5942,Books,Private Limited,kolkata,West Bengal,1701231596,,Active,Rs. 360,MCH4578,5942,Private Limited,Books & Stationery,2023-11-29 04:19:56,0,0,,1,0,360.0,0,0,4578,1,0,1,2,3
MCH4581,"Tailor, Ganesh and Menon",5812,restaurants,Partnership,Bombay,Maharashtra,11-02-2025,,Inactive,"Rs. 1,137",MCH4581,5812,Partnership,Food & Restaurants,2025-11-02 00:00:00,0,0,,1,0,1137.0,0,0,4581,0,0,0,0,2
MCH4582,Pai-Shenoy,misc,phone service,INDIVIDUAL,Poona,Maharashtra,18-Mar-2025,XXXX2537,A,"Rs. 1,857",MCH4582,,Individual,Unknown,2025-03-18 00:00:00,0,0,XXXX2537,0,1,1857.0,0,0,4582,0,0,0,0,1
4583,Krish-Dar,5812,Food,SOLE_PROPRIETOR,Mumbai,Maharashtra,23/11/2025,5472564311,A,"INR 4,726.00",4583,5812,Sole Proprietor,Food & Restaurants,2025-11-23 00:00:00,0,0,5472564311,0,0,4726.0,0,0,4583,1,1,1,3,2
MCH4587,Karnik and Sons,5311,retail,Partnership,jaipur,Rajasthan,02-07-2025,,Inactive,2493.1,MCH4587,5311,Partnership,Department Stores,2025-02-07 00:00:00,0,0,,1,0,2493.1,0,0,4587,0,0,1,1,2
MCH4588,"Gole, Raval and Hans",UNKNOWN,Food,SOLE-PROPRIETOR,bengaluru,Karnataka,14/03/2025,2064667231,Live,"INR 1,061.34",MCH4588,,Sole Proprietor,Unknown,2025-03-14 00:00:00,0,0,2064667231,0,0,1061.34,0,0,4588,0,0,0,0,1
MCH4589,"  Sathe, Bumb and Shankar  ",5699,garments,SOLE_PROPRIETOR,Amritsar,Punjab,2024-10-27 01:28:39,XXXX1983,Enabled,₹76.99,MCH4589,5699,Sole Proprietor,Clothing,2024-10-27 01:28:39,0,0,XXXX1983,0,1,76.99,0,0,4589,1,1,1,3,2
MCH4593,dube-ravel,7011,Hospitality,PARTNERSHIP,HYDERABAD,Telangana,2025/08/30,,Enabled,"Rs. 1,285",MCH4593,7011,Partnership,Hotels & Hospitality,2025-08-30 00:00:00,0,0,,1,0,1285.0,0,0,4593,0,0,0,0,1
4599,Majumdar-Choudhary,,groceries,PRIVATE_LIMITED,MUMBAI,Maharashtra,05/03/2023 04:37 PM,5607530943,I,1341.81,4599,,Private Limited,Unknown,2023-03-05 16:37:00,0,0,5607530943,0,0,1341.81,0,0,4599,0,0,0,0,1
MCH4600,Devi Group,5311,Department Stores,INDIVIDUAL,New Delhi,Delhi,2024/02/17,2508192627,Inactive,"₹1,126.47",MCH4600,5311,Individual,Department Stores,2024-02-17 00:00:00,0,0,2508192627,0,0,1126.47,0,0,4600,0,0,0,0,1
4604,"Som, Kalla and Dada",05699,CLOTHS,Sole Proprietor,chennai,Tamil Nadu,2024-07-02 15:25:30,,A,1478.97,4604,5699,Sole Proprietor,Clothing,2024-07-02 15:25:30,0,0,,1,0,1478.97,0,0,4604,0,0,0,0,1
mch4605,BARAD PLC,5942,Stationery,sole_proprietor,Pune,Maharashtra,1748901800,XXXX1001,Live,5165.18,MCH4605,5942,Sole Proprietor,Books & Stationery,2025-06-02 22:03:20,0,0,XXXX1001,0,1,5165.18,0,0,4605,0,0,0,0,1
MCH-4606,"johal, kapur and chhabra",4814,Telecom,PARTNERSHIP,Jalandhar,Punjab,,,A,-2162.35,MCH4606,4814,Partnership,Telecom,,1,0,,1,0,-2162.35,0,1,4606,1,1,1,3,3
MCH4608,  Chandran Group  ,MCC-5699,Apparel,SOLE_PROPRIETOR,lucknow,Uttar Pradesh,09/05/2023 02:14 PM,ZPZS9153819912287,Live,₹950.53,MCH4608,5699,Sole Proprietor,Clothing,2023-05-09 14:14:00,0,0,ZPZS9153819912287,0,0,950.53,0,0,4608,0,0,0,0,1
MCH4610,"Barad,ChandaandRana",5942.0,BOOKS_STATIONERY,Private Limited,HYDERABAD,Telangana,12-23-2024,3247180851,Enabled,"₹2,989.03",MCH4610,5942,Private Limited,Books & Stationery,2024-12-23 00:00:00,0,0,3247180851,0,0,2989.03,0,0,4610,0,0,0,0,1
MCH4613,"Batra, Devi and Buch",5699,garments,individual,Dilli,Delhi,2023/10/03,6706330376,Disabled,-3664.64,MCH4613,5699,Individual,Clothing,2023-10-03 00:00:00,0,0,6706330376,0,0,-3664.64,0,1,4613,1,0,1,2,2
MCH4614,BADAMI LLC,5942,Stationery,Partnership,Jaipur,Rajasthan,1743615630,3429375766,ACTIVE,4687.53,MCH4614,5942,Partnership,Books & Stationery,2025-04-02 17:40:30,0,0,3429375766,0,0,4687.53,0,0,4614,1,1,1,3,2
mch4621,Ravel-Chaudhuri,5942,stationery,PRIVATE_LIMITED,delhi,Delhi,04-Aug-2024,RGWL4221508668071,ACTIVE,-397.3,MCH4621,5942,Private Limited,Books & Stationery,2024-08-04 00:00:00,0,0,RGWL4221508668071,0,0,-397.3,0,1,4621,0,0,0,0,2
MCH4622,Toor-Rajan,7011.0,HOTEL_LODGING,PRIVATE_LIMITED,LDH,Punjab,20/06/2024 02:20 PM,,Live,2524.16,MCH4622,7011,Private Limited,Hotels & Hospitality,2024-06-20 14:20:00,0,0,,1,0,2524.16,0,0,4622,0,0,0,0,1
MCH4623,"Gokhale, Ranganathan and Shenoy",05999,miscellaneous,PRIVATE_LIMITED,HYDERABAD,Telangana,2025-08-17 15:21:40,0347099856,Active,Rs. 171,MCH4623,5999,Private Limited,Other Retail,2025-08-17 15:21:40,0,0,0347099856,0,0,171.0,0,0,4623,1,1,1,3,3
MCH4624,"krishnamurthy, mandal and luthra",5999,Miscellaneous,Individual,Chennai,Tamil Nadu,08-06-2025,5143404041,ACTIVE,784.01,MCH4624,5999,Individual,Other Retail,2025-08-06 00:00:00,0,0,5143404041,0,0,784.01,0,0,4624,1,1,0,2,2
mch4626,"Lalla, Handa and Ahuja",5999,Retail Other,private_limited,bengaluru,Karnataka,31-Jul-2023,,Live,1497.15,MCH4626,5999,Private Limited,Other Retail,2023-07-31 00:00:00,0,0,,1,0,1497.15,0,0,4626,0,0,0,0,1
MCH4627,Barman-Kashyap,5699,CLOTHS,PARTNERSHIP,pune,Maharashtra,10-Jan-2026,,ACTIVE,1852.01,MCH4627,5699,Partnership,Clothing,2026-01-10 00:00:00,0,0,,1,0,1852.01,0,0,4627,0,0,0,0,1
MCH4630,bhandari group,7011,Hotel,PARTNERSHIP,HYDERABAD,Telangana,2025-07-13 12:30:35,GJVT8091874035086,Closed,,MCH4630,7011,Partnership,Hotels & Hospitality,2025-07-13 12:30:35,0,0,GJVT8091874035086,0,0,,1,0,4630,1,1,1,3,3
MCH4636,Sura and Sons,5699,Apparel,Partnership,mumbai,Maharashtra,1702835915,8723730767,Live,,MCH4636,5699,Partnership,Clothing,2023-12-17 17:58:35,0,0,8723730767,0,0,,1,0,4636,0,0,0,0,1
MCH4637,Mitter-Pandya,5411,Grocery Stores,Individual,Chennai,Tamil Nadu,09/05/2023 08:41 PM,XXXX4099,Live,2198.28,MCH4637,5411,Individual,Grocery,2023-05-09 20:41:00,0,0,XXXX4099,0,1,2198.28,0,0,4637,0,0,0,0,1
MCH4639,Chaudhry-Bath,5912.0,Medical,PARTNERSHIP,jalandhar,Punjab,2023-05-11 10:36:23,XXXX7667,Enabled,₹295.45,MCH4639,5912,Partnership,Pharmacy & Medical,2023-05-11 10:36:23,0,0,XXXX7667,0,1,295.45,0,0,4639,0,0,0,0,1
MCH4640,Choudhary-Joshi,5699,Clothing,PARTNERSHIP,JPR,Rajasthan,,GOPL6469934819715,Live,₹857.62,MCH4640,5699,Partnership,Clothing,,1,0,GOPL6469934819715,0,0,857.62,0,0,4640,0,0,0,0,1
MCH4641,KarnikLLC,MCC-5311,Retail,SOLE_PROPRIETOR,ludhiana,Punjab,02-02-2025,,Enabled,,MCH4641,5311,Sole Proprietor,Department Stores,2025-02-02 00:00:00,0,0,,1,0,,1,0,4641,0,0,0,0,1
MCH-4642,Jaggi Ltd,5411,GROCERY_STORE,PARTNERSHIP,delhi,Delhi,04-16-2024,XXXX5243,Suspended,1180.53,MCH4642,5411,Partnership,Grocery,2024-04-16 00:00:00,0,0,XXXX5243,0,1,1180.53,0,0,4642,0,0,0,0,1
MCH4643,"Dha1iwa1, Pathak and Ping1e",7011,Hotel,PARTNERSHIP,Chennai,Tamil Nadu,,,Active,₹382.94,MCH4643,7011,Partnership,Hotels & Hospitality,,1,0,,1,0,382.94,0,0,4643,1,1,1,3,3
MCH4648,Tara-Pandya,5699,Clothing,partnership,Chennai,Tamil Nadu,2026/01/02,TEXQ3961216144905,Active,852.19,MCH4648,5699,Partnership,Clothing,2026-01-02 00:00:00,0,0,TEXQ3961216144905,0,1,852.19,0,0,4648,0,0,0,0,1
MCH4649,"Mand,DattaandSanghvi",7011,Hotels,Partnership,Ludhiana,Punjab,16/10/2024,,A,666.80,MCH4649,7011,Partnership,Hotels & Hospitality,2024-10-16 00:00:00,0,0,,1,0,666.8,0,0,4649,0,0,0,0,1
MCH4651,Bhat-Kamdar,5999.0,Other,Sole Proprietor,Hyd,Telangana,2024/06/05,9030856078,Live,718.3,MCH4651,5999,Sole Proprietor,Other Retail,2024-06-05 00:00:00,0,0,9030856078,0,0,718.3,0,0,4651,0,0,0,0,1
MCH4652,  Varghese-Ramachandran  ,04131,Transportation,private_limited,Amritsar,Punjab,30/10/2024,0536639184,ACTIVE,-2348.76,MCH4652,4131,Private Limited,Transportation,2024-10-30 00:00:00,0,0,0536639184,0,0,-2348.76,0,1,4652,1,0,0,1,2
MCH4656,Purohit-Sinha,04131,transprt,SOLE_PROPRIETOR,Lucknow,Uttar Pradesh,,9508093837,ACTIVE,1533.86,MCH4656,4131,Sole Proprietor,Transportation,,1,0,9508093837,0,0,1533.86,0,0,4656,1,1,1,3,2
MCH4658,Kapadia Inc,5311,Retail,INDIVIDUAL,HYDERABAD,Telangana,21/05/2023,OORB1075233391671,Active,2693.95,MCH4658,5311,Individual,Department Stores,2023-05-21 00:00:00,0,0,OORB1075233391671,0,0,2693.95,0,0,4658,0,0,0,0,1
MCH-4667,Kapur-Gara,MCC-5812,Food,PRIVATE_LIMITED,delhi,Delhi,2025-10-30 17:47:05,9822186565,A,"1,043.72",MCH4667,5812,Private Limited,Food & Restaurants,2025-10-30 17:47:05,0,0,9822186565,0,0,1043.72,0,0,4667,1,1,0,2,2
MCH4669,Bail PLC,4131,Bus/Taxi,sole_proprietor,lucknow,Uttar Pradesh,17/09/2023,XXXX4093,Inactive,1960.77,MCH4669,4131,Sole Proprietor,Transportation,2023-09-17 00:00:00,0,0,XXXX4093,0,1,1960.77,0,0,4669,1,1,1,3,2
MCH-4672,Sandhu LLC,5942,Stationery,PARTNERSHIP,Bangalore,Karnataka,,,Enabled,456.49,MCH4672,5942,Partnership,Books & Stationery,,1,0,,1,0,456.49,0,0,4672,0,0,0,0,1
MCH4674,Sachar-Loke,5699,Apparel,Private Limited,Jalandhar,Punjab,,,Active,"INR 1,222.52",MCH4674,5699,Private Limited,Clothing,,1,0,,1,0,1222.52,0,0,4674,0,0,0,0,1
MCH4675,"MINHAS, NARAYAN AND BANDI",,Books,Sole Proprietor,Jalandhar,Punjab,2023-06-15 10:04:37,,ACTIVE,,MCH4675,,Sole Proprietor,Unknown,2023-06-15 10:04:37,0,0,,1,0,,1,0,4675,0,0,0,0,1
MCH 4676,Shan Inc,5999,Other,Sole Proprietor,mumbai,Maharashtra,20/01/2026,DCZB8927650142403,Live,"2,805.31",MCH4676,5999,Sole Proprietor,Other Retail,2026-01-20 00:00:00,0,0,DCZB8927650142403,0,0,2805.31,0,0,4676,0,0,0,0,1
MCH4677,"Sethi, Bora and Karpe",5942,Stationery,Individual,Poona,Maharashtra,,,Disabled,"₹5,089.50",MCH4677,5942,Individual,Books & Stationery,,1,0,,1,0,5089.5,0,0,4677,0,0,0,0,1
MCH4678,"Yogi, Goel and Chaudry",5912,chemist,SOLE_PROPRIETOR,Amritsar,Punjab,2025-10-11 23:31:36,8030844375,A,1363.28,MCH4678,5912,Sole Proprietor,Pharmacy & Medical,2025-10-11 23:31:36,0,0,8030844375,0,0,1363.28,0,0,4678,0,0,0,0,1
MCH4681,"Sengupta,VenkataramanandKonda",5411,Grocery Stores,INDIVIDUAL,pune,Maharashtra,10/01/2026 08:52 AM,,A,₹526.79,MCH4681,5411,Individual,Grocery,2026-01-10 08:52:00,0,0,,1,0,526.79,0,0,4681,1,1,0,2,2
MCH4682,Chaudry LLC,4131,Transportation,INDIVIDUAL,Hyd,Telangana,2024-01-28 10:50:34,,A,-1772.5,MCH4682,4131,Individual,Transportation,2024-01-28 10:50:34,0,0,,1,0,-1772.5,0,1,4682,1,0,0,1,2
MCH4685,Mukhopadhyay-Cheema,,Books,private_limited,Chennai,Tamil Nadu,1690025508,3857368814,SUSPENDED,,MCH4685,,Private Limited,Unknown,2023-07-22 11:31:48,0,0,3857368814,0,0,,1,0,4685,0,0,0,0,2
MCH4687,GOEL LLC,5942,Book Store,Individual,lucknow,Uttar Pradesh,01-30-2023,BTTJ6615272024781,A,Rs. 820,MCH4687,5942,Individual,Books & Stationery,2023-01-30 00:00:00,0,0,BTTJ6615272024781,0,0,820.0,0,0,4687,0,0,0,0,1
MCH-4688,venkatesh group,5942,Stationery,sole_proprietor,DELHI,Delhi,2024-08-24 14:22:22,TBOZ2931559768114,Suspended,2933.52,MCH4688,5942,Sole Proprietor,Books & Stationery,2024-08-24 14:22:22,0,0,TBOZ2931559768114,0,0,2933.52,0,0,4688,1,1,0,2,2
mch4690,  Natt-Bhattacharyya  ,5311,Department Stores,PRIVATE-LIMITED,Amritsar,Punjab,,HZVJ1693332420203,Disabled,150.96,MCH4690,5311,Private Limited,Department Stores,,1,0,HZVJ1693332420203,0,0,150.96,0,0,4690,1,1,1,3,2
MCH4691,"Deshmukh, Pant and Garg",7011,Hotels,SOLE-PROPRIETOR,Bengaluru,Karnataka,2025/05/10,,A,2116.48,MCH4691,7011,Sole Proprietor,Hotels & Hospitality,2025-05-10 00:00:00,0,0,,1,0,2116.48,0,0,4691,0,0,0,0,1
MCH4692,"Bhargava, Rajagopal and Karan",7011,Hotel,PRIVATE-LIMITED,New Delhi,Delhi,06/08/2024,6021368633,Active,,MCH4692,7011,Private Limited,Hotels & Hospitality,2024-08-06 00:00:00,0,0,6021368633,0,0,,1,0,4692,1,1,1,3,2
MCH4693,Dhingra-Bava,7011,Hotels,PRIVATE_LIMITED,Mumbai,Maharashtra,28/12/2024 01:09 AM,,ACTIVE,"3,445.16",MCH4693,7011,Private Limited,Hotels & Hospitality,2024-12-28 01:09:00,0,0,,1,0,3445.16,0,0,4693,0,0,0,0,1
MCH4695,Patel-Halder,5812,Restaurants,SOLE-PROPRIETOR,Pune,Maharashtra,1770829027,,ACTIVE,652.55,MCH4695,5812,Sole Proprietor,Food & Restaurants,2026-02-11 16:57:07,0,0,,1,0,652.55,0,0,4695,0,0,0,0,1
MCH-4699,Setty Inc,7011,HOTEL_LODGING,PRIVATE-LIMITED,pune,Maharashtra,2025/06/04,XXXX2833,Active,₹632.27,MCH4699,7011,Private Limited,Hotels & Hospitality,2025-06-04 00:00:00,0,0,XXXX2833,0,1,632.27,0,0,4699,0,0,0,0,1
MCH4700,"rajan, garg and ray",,Apparel,INDIVIDUAL,chennai,Tamil Nadu,,ZNYW6274259007166,ACTIVE,805.94,MCH4700,,Individual,Unknown,,1,0,ZNYW6274259007166,0,0,805.94,0,0,4700,0,0,0,0,1
MCH4701,Bhagat and Sons,4131,Transportation,individual,Hyderabad,Telangana,17/03/2025,FBYF6895567808971,Enabled,493.82,MCH4701,4131,Individual,Transportation,2025-03-17 00:00:00,0,0,FBYF6895567808971,0,0,493.82,0,0,4701,0,0,0,0,1
MCH4702,Nath Group,5311,Retail,sole_proprietor,Lucknow,Uttar Pradesh,15/08/2024 11:18 PM,,Active,Rs. 584,MCH4702,5311,Sole Proprietor,Department Stores,2024-08-15 23:18:00,0,0,,1,0,584.0,0,0,4702,0,0,0,0,1
MCH4706,"Varughese, Mani and Ch0udhary",5311,Department Store,Individual,BLR,Karnataka,2025-11-11 03:09:47,3980025472,Live,-1658.13,MCH4706,5311,Individual,Department Stores,2025-11-11 03:09:47,0,0,3980025472,0,0,-1658.13,0,1,4706,1,1,0,2,2
MCH 4708,Loke-Ganesan,5999,miscellaneous,sole_proprietor,Jalandar,Punjab,22/02/2024 07:47 PM,,Active,1266.56,MCH4708,5999,Sole Proprietor,Other Retail,2024-02-22 19:47:00,0,0,,1,0,1266.56,0,0,4708,0,0,0,0,2
MCH4709,Ramakrishnan-Palla,4814,phone service,individual,BLR,Karnataka,15/02/2026,AMXA0608566091033,Live,1190.3,MCH4709,4814,Individual,Telecom,2026-02-15 00:00:00,0,0,AMXA0608566091033,0,1,1190.3,0,0,4709,1,1,1,3,2
MCH4712,"  Gulati, Koshy and Purohit  ",5812,Food,individual,Lucknow,Uttar Pradesh,13/06/2023 07:51 PM,,Hold,576.59,MCH4712,5812,Individual,Food & Restaurants,2023-06-13 19:51:00,0,0,,1,0,576.59,0,0,4712,1,1,1,3,2
MCH4713,Sura-Boase,,Clothing,sole_proprietor,amritsar,Punjab,12/04/2023,,Active,1694.6,MCH4713,,Sole Proprietor,Unknown,2023-04-12 00:00:00,0,0,,1,0,1694.6,0,0,4713,0,0,0,0,1
mch4716,Goda-Agate,5411,groceries,Sole Proprietor,Dilli,Delhi,01-07-2026,5226052062,Suspended,1438.61,MCH4716,5411,Sole Proprietor,Grocery,2026-01-07 00:00:00,0,0,5226052062,0,0,1438.61,0,0,4716,0,1,1,2,3
MCH4717,Bir Ltd,4131,Transportation,PRIVATE-LIMITED,Madras,Tamil Nadu,14-Nov-2025,JKIU5676140711543,Live,"7,107.16",MCH4717,4131,Private Limited,Transportation,2025-11-14 00:00:00,0,0,JKIU5676140711543,0,0,7107.16,0,0,4717,0,0,0,0,1
MCH 4720,sha ltd,5411,kirana,PARTNERSHIP,Chennai,Tamil Nadu,04-05-2024,0136765801,Enabled,₹874.68,MCH4720,5411,Partnership,Grocery,2024-04-05 00:00:00,0,0,0136765801,0,0,874.68,0,0,4720,0,0,0,0,1
MCH 4723,kanda ltd,5999,Retail Other,Individual,Chennai,Tamil Nadu,2024/08/27,XXXX1287,A,INR 649.83,MCH4723,5999,Individual,Other Retail,2024-08-27 00:00:00,0,0,XXXX1287,0,1,649.83,0,0,4723,0,0,0,0,1
MCH 4725,Joshi PLC,5311.0,DEPT_STORE,private_limited,Amritsar,Punjab,2023/05/23,UNBB3297911061225,Active,639.24,MCH4725,5311,Private Limited,Department Stores,2023-05-23 00:00:00,0,0,UNBB3297911061225,0,0,639.24,0,0,4725,0,0,0,0,1
mch4727,Dua-Mishra,5311,department store,sole_proprietor,pune,Maharashtra,18/05/2024,9730998246,Inactive,"Rs. 1,242",MCH4727,5311,Sole Proprietor,Department Stores,2024-05-18 00:00:00,0,0,9730998246,0,0,1242.0,0,0,4727,0,0,1,1,2
MCH4729,deshpande inc,7011.0,HOTEL_LODGING,SOLE-PROPRIETOR,mumbai,Maharashtra,,XXXX6726,INACTIVE,1506.61,MCH4729,7011,Sole Proprietor,Hotels & Hospitality,,1,0,XXXX6726,0,1,1506.61,0,0,4729,1,1,1,3,3
MCH4732,"RAMANATHAN, KANDA AND KARNIK",5812,eating place,private_limited,lucknow,Uttar Pradesh,13/08/2025 05:58 AM,,A,3954.51,MCH4732,5812,Private Limited,Food & Restaurants,2025-08-13 05:58:00,0,0,,1,0,3954.51,0,0,4732,0,0,0,0,1
MCH4733,  Sankar Inc  ,MCC-5411,GROCERY_STORE,SOLE_PROPRIETOR,Jaipur,Rajasthan,25/01/2023,XXXX7201,Live,1176.53,MCH4733,5411,Sole Proprietor,Grocery,2023-01-25 00:00:00,0,0,XXXX7201,0,1,1176.53,0,0,4733,0,0,0,0,1
MCH4736,"Jani, Chaudhry and Chaudhuri",4131,Transportation,Individual,delhi,Delhi,06-Jul-2025,,Live,,MCH4736,4131,Individual,Transportation,2025-07-06 00:00:00,0,0,,1,0,,1,0,4736,1,1,1,3,2
MCH 4737,"Aurora, Mallick and Dugar",5942.0,Stationery,INDIVIDUAL,Jalandar,Punjab,08-27-2024,XXXX5003,Disabled,Rs. 489,MCH4737,5942,Individual,Books & Stationery,2024-08-27 00:00:00,0,0,XXXX5003,0,1,489.0,0,0,4737,0,0,0,0,1
MCH4738,Jha PLC,,Retail Other,Sole Proprietor,bengaluru,Karnataka,2024-05-24 22:20:53,,Inactive,"1,636.42",MCH4738,,Sole Proprietor,Unknown,2024-05-24 22:20:53,0,0,,1,0,1636.42,0,0,4738,0,0,0,0,1
MCH4739,Karpe-Doshi,5411,grocery stores,INDIVIDUAL,Lucknow,Uttar Pradesh,20/10/2023,DQQT0527144866471,Suspended,-1100.69,MCH4739,5411,Individual,Grocery,2023-10-20 00:00:00,0,0,DQQT0527144866471,0,0,-1100.69,0,1,4739,0,0,1,1,2
MCH4741,KARA AND SONS,,Miscellaneous,PARTNERSHIP,jaipur,Rajasthan,02-13-2023,XXXX2970,Active,"2,009.21",MCH4741,,Partnership,Unknown,2023-02-13 00:00:00,0,0,XXXX2970,0,1,2009.21,0,0,4741,0,0,0,0,1
MCH4743,Ahluwalia-Bansal,,chemist,PRIVATE-LIMITED,ludhiana,Punjab,2023/08/23,KIYE1462195754397,Disabled,₹486.29,MCH4743,,Private Limited,Unknown,2023-08-23 00:00:00,0,0,KIYE1462195754397,0,0,486.29,0,0,4743,0,0,0,0,1
MCH4744,Tiwari-Bedi,5942,Stationery,SOLE_PROPRIETOR,Poona,Maharashtra,2024/07/13,0085843923,Closed,"Rs. 1,636",MCH4744,5942,Sole Proprietor,Books & Stationery,2024-07-13 00:00:00,0,0,0085843923,0,0,1636.0,0,0,4744,0,0,0,0,1
mch4745,"  Krishnamurthy, Nath and Chahal  ",5699,Apparel,SOLE_PROPRIETOR,Madras,Tamil Nadu,,,Enabled,"₹1,604.97",MCH4745,5699,Sole Proprietor,Clothing,,1,0,,1,0,1604.97,0,0,4745,1,0,1,2,2
MCH4746,"Srivastava, Bhattacharyya and Morar",05999,Miscellaneous,SOLE-PROPRIETOR,Madras,Tamil Nadu,2025/07/29,,Closed,402.85,MCH4746,5999,Sole Proprietor,Other Retail,2025-07-29 00:00:00,0,0,,1,0,402.85,0,0,4746,0,0,0,0,1
MCH4747,issac plc,4131,TRAVEL,private_limited,mumbai,Maharashtra,2023-07-07 09:40:00,3874952784,Closed,,MCH4747,4131,Private Limited,Transportation,2023-07-07 09:40:00,0,0,3874952784,0,0,,1,0,4747,0,0,0,0,1
mch4749,Sane-Kota,07011,Hotels,PARTNERSHIP,ludhiana,Punjab,28/08/2025,XXXX8682,Active,"INR 2,066.82",MCH4749,7011,Partnership,Hotels & Hospitality,2025-08-28 00:00:00,0,0,XXXX8682,0,1,2066.82,0,0,4749,0,0,0,0,1
MCH4752,"  Chaudhuri, Sampath and Wali  ",5311,Department Store,INDIVIDUAL,Bengaluru,Karnataka,10-Jan-2024,0013923003,A,INR 399.30,MCH4752,5311,Individual,Department Stores,2024-01-10 00:00:00,0,0,0013923003,0,0,399.3,0,0,4752,0,0,0,0,1
MCH4754,"Chhabra, Setty and Srinivasan",5699,CLOTHS,PRIVATE-LIMITED,HYDERABAD,Telangana,04/12/2023,LSCG0121828291549,I,"INR 2,016.37",MCH4754,5699,Private Limited,Clothing,2023-12-04 00:00:00,0,0,LSCG0121828291549,0,0,2016.37,0,0,4754,1,0,1,2,2
MCH4760,"Kalla, Mammen and Purohit",4814.0,phone service,Individual,New Delhi,Delhi,27-Oct-2024,,ACTIVE,INR 964.00,MCH4760,4814,Individual,Telecom,2024-10-27 00:00:00,0,0,,1,0,964.0,0,0,4760,0,0,0,0,1
MCH4761,Khalsa PLC,5912,Pharmacy,individual,jaipur,Rajasthan,2025-01-17 07:20:16,DXWD4550992976599,Inactive,4970.84,MCH4761,5912,Individual,Pharmacy & Medical,2025-01-17 07:20:16,0,0,DXWD4550992976599,0,1,4970.84,0,0,4761,0,0,0,0,1
4765,Baral Inc,4131.0,transprt,PRIVATE_LIMITED,Ludhiana,Punjab,,,Closed,2514.87,4765,4131,Private Limited,Transportation,,1,0,,1,0,2514.87,0,0,4765,1,1,1,3,2
MCH 4767,Prasad Inc,,phone service,PRIVATE-LIMITED,pune,Maharashtra,2023/06/20,,Disabled,789.87,MCH4767,,Private Limited,Unknown,2023-06-20 00:00:00,0,0,,1,0,789.87,0,0,4767,0,0,0,0,1
MCH4769,BARAL-PERI,5699,Apparel,INDIVIDUAL,Jaipur,Rajasthan,2024/01/14,,A,-1758.52,MCH4769,5699,Individual,Clothing,2024-01-14 00:00:00,0,0,,1,0,-1758.52,0,1,4769,1,1,1,3,2
MCH4770,Mahal-Sood,5411,GROCERY_STORE,Sole Proprietor,jaipur,Rajasthan,17/12/2024,5162215595,I,₹489.82,MCH4770,5411,Sole Proprietor,Grocery,2024-12-17 00:00:00,0,0,5162215595,0,0,489.82,0,0,4770,0,0,0,0,1
MCH 4774,Wadhwa PLC,5311,DEPT_STORE,PARTNERSHIP,jalandhar,Punjab,2026-01-09 14:20:47,4049174087,ACTIVE,374.94,MCH4774,5311,Partnership,Department Stores,2026-01-09 14:20:47,0,0,4049174087,0,0,374.94,0,0,4774,0,0,0,0,1
MCH4775,"DIVAN, BUCH AND KUNDA",4814,phone service,sole_proprietor,LKO,Uttar Pradesh,07-07-2025,1956916316,Disabled,562.44,MCH4775,4814,Sole Proprietor,Telecom,2025-07-07 00:00:00,0,0,1956916316,0,0,562.44,0,0,4775,0,0,0,0,1
MCH4776,Bobal-Dutta,5411,Grocery Stores,INDIVIDUAL,Hyd,Telangana,26/02/2026 11:47 AM,1427903652,Active,831.82,MCH4776,5411,Individual,Grocery,2026-02-26 11:47:00,0,0,1427903652,0,0,831.82,0,0,4776,1,1,1,3,2
MCH4777,Babu-Choudhry,4814,Mobile Recharge,Individual,DELHI,Delhi,2026/01/10,,Active,INR 373.40,MCH4777,4814,Individual,Telecom,2026-01-10 00:00:00,0,0,,1,0,373.4,0,0,4777,0,0,0,0,1
MCH4778,wali llc,4131,Transportation,Private Limited,Lucknow,Uttar Pradesh,2025/01/02,DJNF3001962539740,Enabled,1242.33,MCH4778,4131,Private Limited,Transportation,2025-01-02 00:00:00,0,0,DJNF3001962539740,0,0,1242.33,0,0,4778,0,0,0,0,1
MCH4781,"Mohan, Sharaf and Narula",,Retail,SOLE_PROPRIETOR,Dilli,Delhi,08-Jan-2024,3603337866,Active,482.6,MCH4781,,Sole Proprietor,Unknown,2024-01-08 00:00:00,0,0,3603337866,0,0,482.6,0,0,4781,0,1,1,2,2
MCH4782,Salvi-Comar,7011,Hotel,SOLE_PROPRIETOR,jalandhar,Punjab,2025-07-13 09:44:30,XXXX1728,ACTIVE,876.50,MCH4782,7011,Sole Proprietor,Hotels & Hospitality,2025-07-13 09:44:30,0,0,XXXX1728,0,1,876.5,0,0,4782,0,0,0,0,1
MCH4786,  Peri-Kannan  ,5999.0,Miscellaneous,PARTNERSHIP,Lucknow,Uttar Pradesh,10-04-2025,RIMN3324315836653,Live,,MCH4786,5999,Partnership,Other Retail,2025-10-04 00:00:00,0,0,RIMN3324315836653,0,0,,1,0,4786,1,1,1,3,2
4788,Chauhan-Kh0s1a,05699,garments,INDIVIDUAL,Bangalore,Karnataka,,0651098523,Live,109.29,4788,5699,Individual,Clothing,,1,0,0651098523,0,0,109.29,0,0,4788,0,0,0,0,1
MCH4790,date plc,,Hotel,Individual,amritsar,Punjab,1765447905,XXXX3526,Suspended,Rs. 199,MCH4790,,Individual,Unknown,2025-12-11 10:11:45,0,0,XXXX3526,0,1,199.0,0,0,4790,0,0,0,0,1
mch4792,Agrawal-Prabhu,5812,Food,SOLE_PROPRIETOR,Madras,Tamil Nadu,2025-11-02 16:37:14,,I,"Rs. 1,844",MCH4792,5812,Sole Proprietor,Food & Restaurants,2025-11-02 16:37:14,0,0,,1,0,1844.0,0,0,4792,0,0,0,0,1
MCH4794,borra-dutt,07011,Hotels,PRIVATE-LIMITED,JPR,Rajasthan,19/09/2024 10:25 PM,XRGH9133437458010,Active,"₹1,006.04",MCH4794,7011,Private Limited,Hotels & Hospitality,2024-09-19 22:25:00,0,0,XRGH9133437458010,0,1,1006.04,0,0,4794,0,0,0,0,1
MCH4801,  Bhargava-Basak  ,5311,Retail,SOLE_PROPRIETOR,Lucknow,Uttar Pradesh,2025-11-18 06:19:46,XXXX3111,Live,2920.36,MCH4801,5311,Sole Proprietor,Department Stores,2025-11-18 06:19:46,0,0,XXXX3111,0,1,2920.36,0,0,4801,0,0,0,0,1
MCH4802,Jain Inc,5411,grocery_store,Individual,Mumbay,Maharashtra,,WAKX1731194726020,Inactive,"₹1,158.19",MCH4802,5411,Individual,Grocery,,1,0,WAKX1731194726020,0,1,1158.19,0,0,4802,1,1,1,3,3
MCH4804,Swamy PLC,,Fashion,partnership,LKO,Uttar Pradesh,2025-01-12 09:37:41,,Blocked,207.24,MCH4804,,Partnership,Unknown,2025-01-12 09:37:41,0,0,,1,0,207.24,0,0,4804,0,0,0,0,1
MCH4805,"KRISHNAN, BHATNAGAR AND PRASAD",,Stationery,partnership,amritsar,Punjab,12-Jul-2025,,Live,INR 284.87,MCH4805,,Partnership,Unknown,2025-07-12 00:00:00,0,0,,1,0,284.87,0,0,4805,1,1,0,2,2
MCH4807,"Dutt, Pandey and Tella",5912,Pharmacies,individual,Madras,Tamil Nadu,2024/05/14,RXUW0906720577178,Enabled,"Rs. 1,458",MCH4807,5912,Individual,Pharmacy & Medical,2024-05-14 00:00:00,0,0,RXUW0906720577178,0,1,1458.0,0,0,4807,0,0,0,0,1
MCH4808,padmanabhan-pathak,5699.0,Fashion,Sole Proprietor,Lucknow,Uttar Pradesh,07/05/2024 06:56 PM,HSVX5052815662312,Closed,-262.16,MCH4808,5699,Sole Proprietor,Clothing,2024-05-07 18:56:00,0,0,HSVX5052815662312,0,1,-262.16,0,1,4808,0,0,0,0,1
MCH4809,  Viswanathan PLC  ,7011,HOTEL_LODGING,INDIVIDUAL,kolkata,West Bengal,1689172340,,Enabled,"INR 1,713.60",MCH4809,7011,Individual,Hotels & Hospitality,2023-07-12 14:32:20,0,0,,1,0,1713.6,0,0,4809,0,0,0,0,1
4811,"rege, misra and mander",07011,Hospitality,Sole Proprietor,ASR,Punjab,,,Enabled,₹458.06,4811,7011,Sole Proprietor,Hotels & Hospitality,,1,0,,1,0,458.06,0,0,4811,1,1,1,3,4
mch4812,rai-aurora,7011,Hospitality,Private Limited,JPR,Rajasthan,09/07/2025,IKZY9727785883400,Enabled,1732.91,MCH4812,7011,Private Limited,Hotels & Hospitality,2025-07-09 00:00:00,0,0,IKZY9727785883400,0,0,1732.91,0,0,4812,0,0,0,0,1
MCH4815,"KARAN, BHATTACHARYYA AND SARAN",5912,Pharmacy,PRIVATE-LIMITED,kolkata,West Bengal,2025-04-10 08:18:32,4505912973,Active,1152.86,MCH4815,5912,Private Limited,Pharmacy & Medical,2025-04-10 08:18:32,0,0,4505912973,0,0,1152.86,0,0,4815,1,1,1,3,2
4818,Trivedi-Randhawa,5411,Grocery,partnership,bengaluru,Karnataka,,XXXX9024,Enabled,"₹1,275.92",4818,5411,Partnership,Grocery,,1,0,XXXX9024,0,1,1275.92,0,0,4818,1,1,0,2,2
MCH4821,"Kade, Dhawan and Kadakia",5411,kirana,private_limited,Mumbai,Maharashtra,2024/03/14,,Active,"Rs. 2,277",MCH4821,5411,Private Limited,Grocery,2024-03-14 00:00:00,0,0,,1,0,2277.0,0,0,4821,0,0,0,0,1
MCH-4822,SAMA-KEER,4131,Transportation,Private Limited,Hyd,Telangana,08-07-2025,,A,736.6,MCH4822,4131,Private Limited,Transportation,2025-08-07 00:00:00,0,0,,1,0,736.6,0,0,4822,0,0,0,0,1
MCH4827,"Deol, Rastogi and Khatri",04814,Mobile Recharge,sole_proprietor,lucknow,Uttar Pradesh,10/05/2024 03:12 AM,,ACTIVE,Rs. 810,MCH4827,4814,Sole Proprietor,Telecom,2024-05-10 03:12:00,0,0,,1,0,810.0,0,0,4827,0,0,0,0,1
MCH4831,GALA GROUP,5311,Department Store,Sole Proprietor,Poona,Maharashtra,05/05/2025,,A,1889.75,MCH4831,5311,Sole Proprietor,Department Stores,2025-05-05 00:00:00,0,0,,1,0,1889.75,0,0,4831,1,1,1,3,2
MCH 4835,  Hari Inc  ,MCC-5912,MEDICAL_STORE,individual,HYDERABAD,Telangana,10/06/2024,XXXX3222,ACTIVE,INR 348.86,MCH4835,5912,Individual,Pharmacy & Medical,2024-06-10 00:00:00,0,0,XXXX3222,0,1,348.86,0,0,4835,0,0,0,0,1
MCH4836,"  Sidhu, Krish and Wadhwa  ",5812,FOOD_SERVICES,Individual,Poona,Maharashtra,2025-11-15 20:13:55,OUBF1585452700403,ACTIVE,Rs. 431,MCH4836,5812,Individual,Food & Restaurants,2025-11-15 20:13:55,0,0,OUBF1585452700403,0,0,431.0,0,0,4836,0,0,0,0,1
4838,SRINIVASAN LTD,5699,CLOTHS,Partnership,ludhiana,Punjab,1699179013,PWKI0930308328537,A,₹193.54,4838,5699,Partnership,Clothing,2023-11-05 10:10:13,0,0,PWKI0930308328537,0,0,193.54,0,0,4838,0,0,0,0,1
MCH4839,Sura-Mall,misc,Transportation,PRIVATE_LIMITED,Ludhiana,Punjab,08-Dec-2025,,Active,₹682.13,MCH4839,,Private Limited,Unknown,2025-12-08 00:00:00,0,0,,1,0,682.13,0,0,4839,0,0,0,0,1
MCH4841,"Soman, Chhabra and Rau",MCC-5812,Food,Individual,Hyderabad,Telangana,06/04/2025,7481277314,ACTIVE,611.25,MCH4841,5812,Individual,Food & Restaurants,2025-04-06 00:00:00,0,0,7481277314,0,0,611.25,0,0,4841,0,0,0,0,1
MCH4842,Pa11a LLC,5942,Stationery,INDIVIDUAL,Calcutta,West Bengal,2024/12/19,XXXX0707,Live,"Rs. 3,127",MCH4842,5942,Individual,Books & Stationery,2024-12-19 00:00:00,0,0,XXXX0707,0,1,3127.0,0,0,4842,1,1,1,3,2
MCH4843,KURUVILLA-PILLAY,4814,phone service,individual,Bengaluru,Karnataka,18/08/2025,VYHF0905352746746,Live,-898.89,MCH4843,4814,Individual,Telecom,2025-08-18 00:00:00,0,0,VYHF0905352746746,0,0,-898.89,0,1,4843,1,1,1,3,2
MCH4844,Trivedi-De01,7011,Hotel,INDIVIDUAL,bengaluru,Karnataka,2024-06-23 06:58:47,,ACTIVE,₹798.53,MCH4844,7011,Individual,Hotels & Hospitality,2024-06-23 06:58:47,0,0,,1,0,798.53,0,0,4844,0,0,0,0,1
MCH 4846,arora-raghavan,5999,Retail Other,PRIVATE-LIMITED,jaipur,Rajasthan,1757690515,XXXX5049,Active,-1546.33,MCH4846,5999,Private Limited,Other Retail,2025-09-12 15:21:55,0,0,XXXX5049,0,1,-1546.33,0,1,4846,0,0,0,0,1
MCH4847,Dhillon-Pillay,7011,Hotels,PRIVATE-LIMITED,Lucknow,Uttar Pradesh,10/12/2023,5738051147,ACTIVE,"INR 2,178.15",MCH4847,7011,Private Limited,Hotels & Hospitality,2023-12-10 00:00:00,0,0,5738051147,0,0,2178.15,0,0,4847,0,0,0,0,1
MCH 4848,"Borra, Balakrishnan and Chad",5699,Apparel,PARTNERSHIP,DELHI,Delhi,06-18-2024,5183213301,Live,"₹3,072.49",MCH4848,5699,Partnership,Clothing,2024-06-18 00:00:00,0,0,5183213301,0,0,3072.49,0,0,4848,0,0,0,0,1
MCH-4856,Aurora Ltd,4814,phone service,sole_proprietor,jaipur,Rajasthan,13/05/2024 09:42 PM,ECWU8427158374985,INACTIVE,"₹3,394.14",MCH4856,4814,Sole Proprietor,Telecom,2024-05-13 21:42:00,0,0,ECWU8427158374985,0,0,3394.14,0,0,4856,1,1,1,3,2
MCH4857,Sethi-Soni,MCC-4131,Bus/Taxi,INDIVIDUAL,Ludhiana,Punjab,1772261879,,Enabled,₹278.84,MCH4857,4131,Individual,Transportation,2026-02-28 06:57:59,0,0,,1,0,278.84,0,0,4857,0,0,0,0,1
MCH4858,MALHOTRA-DOCTOR,4814.0,TELECOM,individual,Ludhiana,Punjab,2024/11/20,4066282320,ACTIVE,"INR 7,460.92",MCH4858,4814,Individual,Telecom,2024-11-20 00:00:00,0,0,4066282320,0,0,7460.92,0,0,4858,0,0,0,0,1
MCH4859,VASA-RAJU,5812,restaurant,SOLE_PROPRIETOR,Hyd,Telangana,1742180385,XXXX9523,Suspended,Rs. 214,MCH4859,5812,Sole Proprietor,Food & Restaurants,2025-03-17 02:59:45,0,0,XXXX9523,0,1,214.0,0,0,4859,0,0,1,1,2
MCH4863,GILL PLC,5812,Food,individual,Hyd,Telangana,01/07/2024,5619003847,Live,552.87,MCH4863,5812,Individual,Food & Restaurants,2024-07-01 00:00:00,0,0,5619003847,0,0,552.87,0,0,4863,0,0,0,0,1
MCH4864,Date Ltd,5411.0,Grocery,private_limited,BLR,Karnataka,06/12/2023 01:02 AM,XXXX6587,Enabled,"INR 4,042.64",MCH4864,5411,Private Limited,Grocery,2023-12-06 01:02:00,0,0,XXXX6587,0,1,4042.64,0,0,4864,0,0,0,0,1
MCH4867,"Nath, Taneja and Dey",05812,eating place,partnership,Bangalore,Karnataka,05/08/2024,7096325090,A,₹726.56,MCH4867,5812,Partnership,Food & Restaurants,2024-08-05 00:00:00,0,0,7096325090,0,0,726.56,0,0,4867,1,1,1,3,2
mch4870,Rana Inc,04814,TELECOM,Individual,amritsar,Punjab,12/07/2024 12:35 PM,,Suspended,"Rs. 1,127",MCH4870,4814,Individual,Telecom,2024-07-12 12:35:00,0,0,,1,0,1127.0,0,0,4870,0,0,0,0,1
MCH4871,KUNDA LTD,5812.0,Food,partnership,Lucknow,Uttar Pradesh,2024-09-02 06:08:34,,Blocked,648.87,MCH4871,5812,Partnership,Food & Restaurants,2024-09-02 06:08:34,0,0,,1,0,648.87,0,0,4871,0,0,0,0,1
MCH4874,"chanda, bahl and kohli",5699,garments,SOLE_PROPRIETOR,Bombay,Maharashtra,2024/12/02,,Enabled,709.03,MCH4874,5699,Sole Proprietor,Clothing,2024-12-02 00:00:00,0,0,,1,0,709.03,0,0,4874,0,0,0,0,1
MCH4875,"Sangha, Sodhi and Banik",5999,Retail Other,SOLE-PROPRIETOR,Calcutta,West Bengal,12/03/2023 09:59 AM,,Inactive,₹303.18,MCH4875,5999,Sole Proprietor,Other Retail,2023-03-12 09:59:00,0,0,,1,0,303.18,0,0,4875,0,0,0,0,1
MCH4876,"Dugar, Prasad and Pal",5812,Food,partnership,chennai,Tamil Nadu,2023/09/09,XXXX5946,Active,1346.64,MCH4876,5812,Partnership,Food & Restaurants,2023-09-09 00:00:00,0,0,XXXX5946,0,1,1346.64,0,0,4876,0,0,0,0,1
4881,"Wadhwa, Morar and Kara",5912.0,Pharmacies,Sole Proprietor,Jalandar,Punjab,26-Aug-2023,XXXX1836,Enabled,INR 367.72,4881,5912,Sole Proprietor,Pharmacy & Medical,2023-08-26 00:00:00,0,0,XXXX1836,0,1,367.72,0,0,4881,0,0,0,0,1
MCH4884,"Reddy, Wason and Magar",04131,Transport,Private Limited,kolkata,West Bengal,16/05/2023,,Closed,"Rs. 2,421",MCH4884,4131,Private Limited,Transportation,2023-05-16 00:00:00,0,0,,1,0,2421.0,0,0,4884,0,0,0,0,1
MCH 4886,Mangat-Gh0se,5999,Misc Retail,sole_proprietor,Poona,Maharashtra,11/03/2023,8646245603,Live,Rs. 551,MCH4886,5999,Sole Proprietor,Other Retail,2023-03-11 00:00:00,0,0,8646245603,0,0,551.0,0,0,4886,0,0,0,0,1
4888,Saha-Jani,4814,phone service,SOLE_PROPRIETOR,ludhiana,Punjab,20/11/2025,,Active,308.77,4888,4814,Sole Proprietor,Telecom,2025-11-20 00:00:00,0,0,,1,0,308.77,0,0,4888,1,0,1,2,2
MCH4889,Bhatti-Kapoor,5999,Misc Retail,INDIVIDUAL,Jalandhar,Punjab,26/01/2025,,Enabled,"INR 2,464.23",MCH4889,5999,Individual,Other Retail,2025-01-26 00:00:00,0,0,,1,0,2464.23,0,0,4889,0,0,0,0,1
4893,jani-verma,04131,transprt,partnership,Jalandar,Punjab,1691791324,,Enabled,1601.52,4893,4131,Partnership,Transportation,2023-08-11 22:02:04,0,0,,1,0,1601.52,0,0,4893,0,0,0,0,1
MCH-4897,Bedi-Mitra,,Medical,Individual,LKO,Uttar Pradesh,,,INACTIVE,-851.98,MCH4897,,Individual,Unknown,,1,0,,1,0,-851.98,0,1,4897,1,1,1,3,2
MCH4900,Karpe PLC,5411,Grocery Stores,SOLE_PROPRIETOR,Jalandhar,Punjab,02/04/2025,,Active,"INR 2,695.78",MCH4900,5411,Sole Proprietor,Grocery,2025-04-02 00:00:00,0,0,,1,0,2695.78,0,0,4900,1,0,1,2,2
mch4902,"Pingle, Choudhary and Raghavan",7011,Hospitality,SOLE_PROPRIETOR,Bengaluru,Karnataka,31/03/2023,,Live,482.41,MCH4902,7011,Sole Proprietor,Hotels & Hospitality,2023-03-31 00:00:00,0,0,,1,0,482.41,0,0,4902,0,0,0,0,1
mch4903,Khatri Gr0up,5311,DEPT_STORE,Individual,delhi,Delhi,07-07-2024,,Active,,MCH4903,5311,Individual,Department Stores,2024-07-07 00:00:00,0,0,,1,0,,1,0,4903,0,0,0,0,1
MCH4904,"Verma, Tak and Morar",04814,phone service,Partnership,Mumbai,Maharashtra,,,Enabled,457.36,MCH4904,4814,Partnership,Telecom,,1,0,,1,0,457.36,0,0,4904,0,0,1,1,2
MCH 4906,Gaba LLC,5812,FOOD_SERVICES,PRIVATE_LIMITED,Jaipur,Rajasthan,31/01/2024,,Enabled,"₹1,902.80",MCH4906,5812,Private Limited,Food & Restaurants,2024-01-31 00:00:00,0,0,,1,0,1902.8,0,0,4906,0,0,0,0,1
mch4909,"Sharaf, Lalla and Rattan",,books,Sole Proprietor,Calcutta,West Bengal,16/02/2025 08:04 PM,5725440715,Active,650.04,MCH4909,,Sole Proprietor,Unknown,2025-02-16 20:04:00,0,0,5725440715,0,0,650.04,0,0,4909,0,0,1,1,2
MCH4911,"Nigam, Mahajan and Misra",5411,GROCERY_STORE,INDIVIDUAL,bengaluru,Karnataka,06-14-2025,,Live,₹689.30,MCH4911,5411,Individual,Grocery,2025-06-14 00:00:00,0,0,,1,0,689.3,0,0,4911,0,0,0,0,1
mch4912,Devi Group,,Grocery,SOLE-PROPRIETOR,Calcutta,West Bengal,2025-07-07 01:25:23,DTHN1330740328006,A,"1,738.86",MCH4912,,Sole Proprietor,Unknown,2025-07-07 01:25:23,0,0,DTHN1330740328006,0,0,1738.86,0,0,4912,0,0,0,0,1
MCH4913,Baral-Bhattacharyya,4131.0,Transport,Individual,amritsar,Punjab,19/05/2023 07:12 PM,MXBT0588021899874,Disabled,697.03,MCH4913,4131,Individual,Transportation,2023-05-19 19:12:00,0,0,MXBT0588021899874,0,1,697.03,0,0,4913,0,0,0,0,1
MCH4914,BORA INC,,Department Store,SOLE-PROPRIETOR,jaipur,Rajasthan,05-12-2024,,Active,4227.85,MCH4914,,Sole Proprietor,Unknown,2024-05-12 00:00:00,0,0,,1,0,4227.85,0,0,4914,0,0,0,0,1
MCH4916,  Rama-Patel  ,5942,BOOKS_STATIONERY,INDIVIDUAL,delhi,Delhi,24/06/2025 10:01 PM,XXXX0402,Live,-2293.01,MCH4916,5942,Individual,Books & Stationery,2025-06-24 22:01:00,0,0,XXXX0402,0,1,-2293.01,0,1,4916,0,0,0,0,1
MCH4917,"Bhat, Saha and Wable",4131,TRAVEL,private_limited,Jaipur,Rajasthan,14/04/2025,XXXX6979,Enabled,"6,159.51",MCH4917,4131,Private Limited,Transportation,2025-04-14 00:00:00,0,0,XXXX6979,0,1,6159.51,0,0,4917,0,0,0,0,1
MCH4918,GANESH INC,misc,Hotel,individual,lucknow,Uttar Pradesh,2023/12/09,XXXX3579,A,651.04,MCH4918,,Individual,Unknown,2023-12-09 00:00:00,0,0,XXXX3579,0,1,651.04,0,0,4918,0,0,0,0,1
MCH4922,Cheema Group,5999,Misc Retail,Partnership,Hyderabad,Telangana,20/03/2024,,ACTIVE,324.81,MCH4922,5999,Partnership,Other Retail,2024-03-20 00:00:00,0,0,,1,0,324.81,0,0,4922,0,0,0,0,1
MCH4926,Shankar Ltd,5812,restaurant,individual,Hyderabad,Telangana,1735355673,6804229881,Enabled,,MCH4926,5812,Individual,Food & Restaurants,2024-12-28 03:14:33,0,0,6804229881,0,0,,1,0,4926,0,0,0,0,2
MCH-4927,mohan plc,5699,Apparel,Individual,JPR,Rajasthan,04-Mar-2025,MQQO7446373111287,A,"INR 1,972.99",MCH4927,5699,Individual,Clothing,2025-03-04 00:00:00,0,0,MQQO7446373111287,0,0,1972.99,0,0,4927,0,0,0,0,1
MCH-4928,"NARANG, BEDI AND SACHAR",5699,CLOTHS,PRIVATE_LIMITED,Jalandar,Punjab,25/09/2025,,Enabled,"3,146.10",MCH4928,5699,Private Limited,Clothing,2025-09-25 00:00:00,0,0,,1,0,3146.1,0,0,4928,0,0,0,0,1
MCH4930,Dasgupta-Dua,,Food,partnership,Jaipur,Rajasthan,25/06/2025 02:06 PM,,Enabled,-1023.36,MCH4930,,Partnership,Unknown,2025-06-25 14:06:00,0,0,,1,0,-1023.36,0,1,4930,0,0,0,0,1
MCH4932,KHOSLA AND SONS,5812,FOOD_SERVICES,SOLE_PROPRIETOR,Jalandhar,Punjab,08/09/2024 02:55 AM,QSCW5400259337785,Closed,340.55,MCH4932,5812,Sole Proprietor,Food & Restaurants,2024-09-08 02:55:00,0,0,QSCW5400259337785,0,0,340.55,0,0,4932,0,0,0,0,1
mch4934,Shroff Inc,5912,Pharmacy,PRIVATE-LIMITED,ASR,Punjab,08/12/2025,OBRZ2207838983000,Live,1471.24,MCH4934,5912,Private Limited,Pharmacy & Medical,2025-12-08 00:00:00,0,0,OBRZ2207838983000,0,0,1471.24,0,0,4934,1,0,1,2,2
MCH 4936,"Bhalla, Gour and Khare",5411,groceries,INDIVIDUAL,jalandhar,Punjab,14-Oct-2025,0586737361,Enabled,INR 739.83,MCH4936,5411,Individual,Grocery,2025-10-14 00:00:00,0,0,0586737361,0,0,739.83,0,0,4936,1,0,1,2,2
MCH4937,Mand and Sons,5912,chemist,partnership,Calcutta,West Bengal,,FBXP3192759861569,INACTIVE,2054.97,MCH4937,5912,Partnership,Pharmacy & Medical,,1,0,FBXP3192759861569,0,1,2054.97,0,0,4937,0,0,0,0,1
MCH4939,Bath-Kumer,4814,Mobile Recharge,partnership,DELHI,Delhi,10/06/2023 12:33 PM,XXXX8414,Enabled,1620.24,MCH4939,4814,Partnership,Telecom,2023-06-10 12:33:00,0,0,XXXX8414,0,1,1620.24,0,0,4939,0,0,0,0,1
MCH4943,Sawhney-Dugar,7011,Hospitality,Sole Proprietor,chennai,Tamil Nadu,2023/07/16,,Disabled,₹470.52,MCH4943,7011,Sole Proprietor,Hotels & Hospitality,2023-07-16 00:00:00,0,0,,1,0,470.52,0,0,4943,0,0,0,0,1
MCH4944,"Pillai, Kurian and Sunder",misc,kirana,SOLE-PROPRIETOR,mumbai,Maharashtra,2023-04-08 22:00:12,XXXX3249,ACTIVE,907.45,MCH4944,,Sole Proprietor,Unknown,2023-04-08 22:00:12,0,0,XXXX3249,0,1,907.45,0,0,4944,0,0,0,0,1
MCH4947,M0han-Sah0ta,04131,Transport,INDIVIDUAL,Mumbay,Maharashtra,22/04/2025,QAWO0072726316755,ACTIVE,"INR 1,906.18",MCH4947,4131,Individual,Transportation,2025-04-22 00:00:00,0,0,QAWO0072726316755,0,0,1906.18,0,0,4947,1,0,1,2,2
MCH4948,Dass-Dhaliwal,05812,Restaurants,Partnership,Jalandhar,Punjab,25/06/2024,XXXX1800,Active,-1356.31,MCH4948,5812,Partnership,Food & Restaurants,2024-06-25 00:00:00,0,0,XXXX1800,0,1,-1356.31,0,1,4948,0,0,0,0,1
MCH4951,"natt, dyal and gill",5411,GROCERY_STORE,PRIVATE_LIMITED,Poona,Maharashtra,01-02-2026,,Active,INR 430.18,MCH4951,5411,Private Limited,Grocery,2026-01-02 00:00:00,0,0,,1,0,430.18,0,0,4951,1,1,1,3,3
MCH-4952,"Anne,ChoudhryandBhattacharyya",5812,Restaurants,Individual,Dilli,Delhi,,XAPW5259361506192,Live,"Rs. 4,302",MCH4952,5812,Individual,Food & Restaurants,,1,0,XAPW5259361506192,0,1,4302.0,0,0,4952,0,0,0,0,1
MCH4956,Kant-Setty,5411,Grocery,Sole Proprietor,JPR,Rajasthan,22-Jan-2025,DOXB7877644685999,Enabled,"₹6,450.59",MCH4956,5411,Sole Proprietor,Grocery,2025-01-22 00:00:00,0,0,DOXB7877644685999,0,1,6450.59,0,0,4956,0,0,0,0,1
MCH4957,Natt Ltd,5699,Apparel,individual,lucknow,Uttar Pradesh,,5191776924,A,"₹1,324.11",MCH4957,5699,Individual,Clothing,,1,0,5191776924,0,0,1324.11,0,0,4957,0,0,0,0,1
MCH 4958,Dara Inc,4814,phone service,PARTNERSHIP,Pune,Maharashtra,30-Mar-2025,XXXX0462,ACTIVE,,MCH4958,4814,Partnership,Telecom,2025-03-30 00:00:00,0,0,XXXX0462,0,1,,1,0,4958,1,1,1,3,2
mch4962,venkataraman-mannan,5942,Books,private_limited,Chennai,Tamil Nadu,1752559334,8238766790,Live,₹266.61,MCH4962,5942,Private Limited,Books & Stationery,2025-07-15 06:02:14,0,0,8238766790,0,0,266.61,0,0,4962,0,0,0,0,1
MCH 4963,AtwalLtd,MCC-5912,Pharmacy,Sole Proprietor,HYDERABAD,Telangana,2024-09-17 15:34:47,,Active,,MCH4963,5912,Sole Proprietor,Pharmacy & Medical,2024-09-17 15:34:47,0,0,,1,0,,1,0,4963,0,0,0,0,1
MCH4964,SARKAR-GODA,5311,dept_store,PRIVATE_LIMITED,Poona,Maharashtra,14/07/2025,,Active,"Rs. 1,517",MCH4964,5311,Private Limited,Department Stores,2025-07-14 00:00:00,0,0,,1,0,1517.0,0,0,4964,0,0,1,1,2
MCH4965,"  Shukla, Brahmbhatt and Natarajan  ",5699,CLOTHS,INDIVIDUAL,pune,Maharashtra,20/11/2024 08:09 AM,3036734144,Enabled,INR 168.46,MCH4965,5699,Individual,Clothing,2024-11-20 08:09:00,0,0,3036734144,0,0,168.46,0,0,4965,0,0,0,0,1
MCH4967,Mallick PLC,4131,Transport,PARTNERSHIP,Amritsar,Punjab,08-22-2025,XXXX4798,Live,-3082.77,MCH4967,4131,Partnership,Transportation,2025-08-22 00:00:00,0,0,XXXX4798,0,1,-3082.77,0,1,4967,0,0,0,0,1
MCH4968,Choudhry Inc,4814,Mobile Recharge,Partnership,jaipur,Rajasthan,,7588932286,Active,1122.44,MCH4968,4814,Partnership,Telecom,,1,0,7588932286,0,0,1122.44,0,0,4968,0,0,0,0,1
MCH 4969,"Bobal, Garde and Upadhyay",4814,Mobile Recharge,sole_proprietor,Chennai,Tamil Nadu,2023/11/01,XXXX2131,Enabled,₹817.93,MCH4969,4814,Sole Proprietor,Telecom,2023-11-01 00:00:00,0,0,XXXX2131,0,1,817.93,0,0,4969,0,0,0,0,1
MCH4971,"Gopal, Jayaraman and Narayan",5942,Book Store,INDIVIDUAL,LKO,Uttar Pradesh,20/11/2024 07:33 AM,,A,INR 650.74,MCH4971,5942,Individual,Books & Stationery,2024-11-20 07:33:00,0,0,,1,0,650.74,0,0,4971,0,0,0,0,1
MCH4972,Seshadri-Dalal,5311,Department Stores,PARTNERSHIP,Poona,Maharashtra,2025/10/03,8465114405,Enabled,-1064.98,MCH4972,5311,Partnership,Department Stores,2025-10-03 00:00:00,0,0,8465114405,0,0,-1064.98,0,1,4972,1,0,1,2,2
MCH4973,vala-raval,7011,Hotel,PRIVATE_LIMITED,Chennai,Tamil Nadu,05-04-2024,XXXX2841,A,INR 859.46,MCH4973,7011,Private Limited,Hotels & Hospitality,2024-05-04 00:00:00,0,0,XXXX2841,0,1,859.46,0,0,4973,0,0,0,0,1
MCH4974,Krishna PLC,5699,Fashion,INDIVIDUAL,Kolkata,West Bengal,18/04/2023,3596123048,S,"1,458.56",MCH4974,5699,Individual,Clothing,2023-04-18 00:00:00,0,0,3596123048,0,0,1458.56,0,0,4974,0,0,0,0,1
MCH4975,"NAGY, KURUVILLA AND SAXENA",7011,HOTEL_LODGING,Sole Proprietor,DELHI,Delhi,05-25-2025,,Live,₹621.98,MCH4975,7011,Sole Proprietor,Hotels & Hospitality,2025-05-25 00:00:00,0,0,,1,0,621.98,0,0,4975,1,1,1,3,2
MCH4976,Walla and Sons,5942,BOOKS_STATIONERY,SOLE-PROPRIETOR,bengaluru,Karnataka,10-21-2025,XKET6356016924037,Active,Rs. 929,MCH4976,5942,Sole Proprietor,Books & Stationery,2025-10-21 00:00:00,0,0,XKET6356016924037,0,1,929.0,0,0,4976,0,0,0,0,1
mch4977,ARORA-NAYAK,MCC-5999,Other,INDIVIDUAL,LDH,Punjab,05/03/2025,,Enabled,1505.38,MCH4977,5999,Individual,Other Retail,2025-03-05 00:00:00,0,0,,1,0,1505.38,0,0,4977,0,0,0,0,1
MCH4980,Gaba-Sankaran,misc,Medical,SOLE-PROPRIETOR,Amritsar,Punjab,,,Inactive,857.86,MCH4980,,Sole Proprietor,Unknown,,1,0,,1,0,857.86,0,0,4980,1,1,1,3,2
MCH4982,Upadhyay-Thaker,5699,Apparel,PRIVATE_LIMITED,pune,Maharashtra,04/10/2023,XXXX3001,Active,,MCH4982,5699,Private Limited,Clothing,2023-10-04 00:00:00,0,0,XXXX3001,0,1,,1,0,4982,0,0,0,0,1
MCH 4983,"Magar, Ratta and Choudhary",05411,Grocery,PARTNERSHIP,Ludhiana,Punjab,05/07/2023,ZMSE7382357273196,Enabled,₹617.98,MCH4983,5411,Partnership,Grocery,2023-07-05 00:00:00,0,0,ZMSE7382357273196,0,0,617.98,0,0,4983,0,0,0,0,1
MCH4984,"Aurora, Mohan and Jain",4814.0,Mobile Recharge,SOLE-PROPRIETOR,jaipur,Rajasthan,02-Jul-2024,XXLT9593960471643,Active,-1500.11,MCH4984,4814,Sole Proprietor,Telecom,2024-07-02 00:00:00,0,0,XXLT9593960471643,0,1,-1500.11,0,1,4984,1,1,1,3,2
MCH4985,HAYRE AND SONS,5942,Books,Partnership,Lucknow,Uttar Pradesh,08-01-2023,PXAE0911368692866,Enabled,1981.89,MCH4985,5942,Partnership,Books & Stationery,2023-08-01 00:00:00,0,0,PXAE0911368692866,0,1,1981.89,0,0,4985,0,0,0,0,1
MCH4989,Khanna and Sons,7011,HOTEL_LODGING,private_limited,ludhiana,Punjab,2025/09/25,,A,"₹1,981.95",MCH4989,7011,Private Limited,Hotels & Hospitality,2025-09-25 00:00:00,0,0,,1,0,1981.95,0,0,4989,1,1,0,2,2
MCH4990,"Ramakrishnan, Dey and Thakkar",5411,GROCERY_STORE,private_limited,Mumbai,Maharashtra,,OWGO7691795560125,A,,MCH4990,5411,Private Limited,Grocery,,1,0,OWGO7691795560125,0,0,,1,0,4990,0,0,0,0,1
MCH4992,VISWANATHAN-PANDEY,7011,HOTEL_LODGING,INDIVIDUAL,jalandhar,Punjab,19-Feb-2024,,Suspended,918.79,MCH4992,7011,Individual,Hotels & Hospitality,2024-02-19 00:00:00,0,0,,1,0,918.79,0,0,4992,0,0,0,0,1
MCH 4994,"Uppal, Bawa and Gera",05812,eating place,sole_proprietor,DELHI,Delhi,04-21-2023,,Live,"Rs. 1,710",MCH4994,5812,Sole Proprietor,Food & Restaurants,2023-04-21 00:00:00,0,0,,1,0,1710.0,0,0,4994,0,0,0,0,1
MCH 4998,"Sura, Kanda and Chopra",05411,Grocery Stores,partnership,Pune,Maharashtra,1702330751,6601172673,Disabled,-2782.68,MCH4998,5411,Partnership,Grocery,2023-12-11 21:39:11,0,0,6601172673,0,0,-2782.68,0,1,4998,0,0,0,0,1
mch5000,Lad Group,5999,Miscellaneous,private_limited,Kolkata,West Bengal,1736098010,,Enabled,-341.11,MCH5000,5999,Private Limited,Other Retail,2025-01-05 17:26:50,0,0,,1,0,-341.11,0,1,5000,0,0,0,0,1
MCH5001,Narayan LLC,5812,eating place,Partnership,Poona,Maharashtra,2023/06/17,JVBH8016822587770,Live,"₹1,893.51",MCH5001,5812,Partnership,Food & Restaurants,2023-06-17 00:00:00,0,0,JVBH8016822587770,0,0,1893.51,0,0,5001,1,1,1,3,2
MCH5009,arora-wagle,5699,garments,INDIVIDUAL,HYDERABAD,Telangana,1730911300,XXXX1307,INACTIVE,1125.91,MCH5009,5699,Individual,Clothing,2024-11-06 16:41:40,0,0,XXXX1307,0,1,1125.91,0,0,5009,0,0,0,0,1
MCH 5015,"Pall, Mand and Balakrishnan",5812,eating place,Sole Proprietor,Lucknow,Uttar Pradesh,2024-12-23 20:34:32,9471379053,Active,2215.59,MCH5015,5812,Sole Proprietor,Food & Restaurants,2024-12-23 20:34:32,0,0,9471379053,0,0,2215.59,0,0,5015,0,0,0,0,1
MCH5017,"Datta, Sinha and Pat1a",7011,Hospitality,Sole Proprietor,Kolkata,West Bengal,25/11/2024,6167636642,Enabled,Rs. 617,MCH5017,7011,Sole Proprietor,Hotels & Hospitality,2024-11-25 00:00:00,0,0,6167636642,0,0,617.0,0,0,5017,0,0,0,0,1
MCH5019,"Sah0ta, Rama and Rama",05912,Pharmacy,Partnership,LKO,Uttar Pradesh,2025/07/27,XXXX3502,Enabled,Rs. 955,MCH5019,5912,Partnership,Pharmacy & Medical,2025-07-27 00:00:00,0,0,XXXX3502,0,1,955.0,0,0,5019,1,1,1,3,4
mch5020,Sarna-Sarraf,5411,Grocery,individual,Lucknow,Uttar Pradesh,2023-02-27 19:58:28,,Enabled,"3,351.89",MCH5020,5411,Individual,Grocery,2023-02-27 19:58:28,0,0,,1,0,3351.89,0,0,5020,0,0,0,0,1
5021,"Badami, Chatterjee and Handa",4814,Mobile Recharge,SOLE_PROPRIETOR,Hyd,Telangana,1724367136,,ACTIVE,443.63,5021,4814,Sole Proprietor,Telecom,2024-08-22 22:52:16,0,0,,1,0,443.63,0,0,5021,1,1,1,3,2
MCH5023,CHATTERJEE-KALLA,5912,Pharmacies,Partnership,Bombay,Maharashtra,12-31-2024,XXXX9987,ACTIVE,-5484.78,MCH5023,5912,Partnership,Pharmacy & Medical,2024-12-31 00:00:00,0,0,XXXX9987,0,1,-5484.78,0,1,5023,1,1,1,3,3
MCH5027,Mukhopadhyay-Brar,5999,Retail Other,Partnership,ludhiana,Punjab,2023/10/17,CWYO9756460575495,A,"3,103.67",MCH5027,5999,Partnership,Other Retail,2023-10-17 00:00:00,0,0,CWYO9756460575495,0,0,3103.67,0,0,5027,0,0,0,0,1
MCH 5028,"Chhabra, Deo and Chakrabarti",7011,Hotels,partnership,Ludhiana,Punjab,14-Mar-2024,RQQO5337522783830,Closed,716.94,MCH5028,7011,Partnership,Hotels & Hospitality,2024-03-14 00:00:00,0,0,RQQO5337522783830,0,0,716.94,0,0,5028,0,0,0,0,1
MCH5036,Dutt-Nagy,5812,Restaurants,individual,New Delhi,Delhi,15/03/2023 12:48 AM,,A,"Rs. 1,947",MCH5036,5812,Individual,Food & Restaurants,2023-03-15 00:48:00,0,0,,1,0,1947.0,0,0,5036,1,1,1,3,2
MCH5037,Chadha LLC,5311,DEPT_STORE,Private Limited,JPR,Rajasthan,03/05/2025,5877889834,Live,-5536.23,MCH5037,5311,Private Limited,Department Stores,2025-05-03 00:00:00,0,0,5877889834,0,0,-5536.23,0,1,5037,1,1,1,3,2
mch5038,"din, som and bahl",,Pharmacies,PARTNERSHIP,Lucknow,Uttar Pradesh,2024/10/20,DJBJ3245727756471,ACTIVE,1056.12,MCH5038,,Partnership,Unknown,2024-10-20 00:00:00,0,0,DJBJ3245727756471,0,0,1056.12,0,0,5038,0,0,0,0,1
MCH5040,Oza-Gulati,5699,garments,PARTNERSHIP,mumbai,Maharashtra,,,Active,"1,665.61",MCH5040,5699,Partnership,Clothing,,1,0,,1,0,1665.61,0,0,5040,1,1,1,3,4
MCH5042,Narasimhan Ltd,7011,Hospitality,Private Limited,pune,Maharashtra,11-03-2025,,Live,,MCH5042,7011,Private Limited,Hotels & Hospitality,2025-11-03 00:00:00,0,0,,1,0,,1,0,5042,1,1,1,3,2
mch5043,"Chakraborty, Gour and Kothari",4131.0,TRAVEL,PRIVATE-LIMITED,Calcutta,West Bengal,2025/03/17,ROSR2212738533894,I,614.63,MCH5043,4131,Private Limited,Transportation,2025-03-17 00:00:00,0,0,ROSR2212738533894,0,0,614.63,0,0,5043,0,0,0,0,1
mch5044,Mahajan-Narasimhan,,Book Store,INDIVIDUAL,Chennai,Tamil Nadu,04/09/2025,,ACTIVE,"Rs. 1,148",MCH5044,,Individual,Unknown,2025-09-04 00:00:00,0,0,,1,0,1148.0,0,0,5044,0,0,0,0,1
MCH5045,More-Doctor,,DEPT_STORE,individual,Bangalore,Karnataka,1757973859,,Suspended,₹145.75,MCH5045,,Individual,Unknown,2025-09-15 22:04:19,0,0,,1,0,145.75,0,0,5045,0,0,0,0,1
MCH5050,Subramanian-Dua,5942,Book Store,PARTNERSHIP,pune,Maharashtra,1756392177,,Enabled,"Rs. 1,506",MCH5050,5942,Partnership,Books & Stationery,2025-08-28 14:42:57,0,0,,1,0,1506.0,0,0,5050,0,0,0,0,1
MCH5052,Pillay-Bora,,Retail Other,Partnership,Hyderabad,Telangana,2024/01/04,XXXX9697,Live,"Rs. 1,127",MCH5052,,Partnership,Unknown,2024-01-04 00:00:00,0,0,XXXX9697,0,1,1127.0,0,0,5052,0,0,0,0,1
MCH5054,"Kara, Mandal and Mitra",5812.0,eating place,Sole Proprietor,Kolkata,West Bengal,29/01/2024,,S,"₹5,895.31",MCH5054,5812,Sole Proprietor,Food & Restaurants,2024-01-29 00:00:00,0,0,,1,0,5895.31,0,0,5054,0,0,0,0,1
MCH5055,Aggarwal-Doctor,05912,Medical,private_limited,HYDERABAD,Telangana,1720061793,,Active,"₹3,805.08",MCH5055,5912,Private Limited,Pharmacy & Medical,2024-07-04 02:56:33,0,0,,1,0,3805.08,0,0,5055,0,0,0,0,1
MCH5056,subramaniam plc,05411,GROCERY_STORE,partnership,BLR,Karnataka,,WHRV5412713701234,Blocked,₹473.92,MCH5056,5411,Partnership,Grocery,,1,0,WHRV5412713701234,0,0,473.92,0,0,5056,0,0,0,0,1
MCH5061,Natarajan Inc,05699,CLOTHS,SOLE-PROPRIETOR,LDH,Punjab,2025-10-10 11:35:42,3155448560,ACTIVE,"1,265.19",MCH5061,5699,Sole Proprietor,Clothing,2025-10-10 11:35:42,0,0,3155448560,0,0,1265.19,0,0,5061,0,0,0,0,1
mch5064,bassi inc,5812,Restaurant,Individual,delhi,Delhi,2025-12-27 16:24:04,,Inactive,"Rs. 1,024",MCH5064,5812,Individual,Food & Restaurants,2025-12-27 16:24:04,0,0,,1,0,1024.0,0,0,5064,1,1,1,3,2
mch5067,Mangat-Pant,4814,TELECOM,Individual,Poona,Maharashtra,2024/02/27,NOGU4869470784091,A,1263.65,MCH5067,4814,Individual,Telecom,2024-02-27 00:00:00,0,0,NOGU4869470784091,0,0,1263.65,0,0,5067,0,0,0,0,1
MCH5070,Rau-Nagar,5999.0,Retail Other,PRIVATE_LIMITED,Madras,Tamil Nadu,2024-12-04 11:51:13,,ACTIVE,"Rs. 11,139",MCH5070,5999,Private Limited,Other Retail,2024-12-04 11:51:13,0,0,,1,0,11139.0,0,0,5070,1,1,0,2,2
MCH5072,Shroff-Sangha,5999,Retail Other,PRIVATE-LIMITED,jaipur,Rajasthan,2024/12/08,XXXX4443,Active,3955.29,MCH5072,5999,Private Limited,Other Retail,2024-12-08 00:00:00,0,0,XXXX4443,0,1,3955.29,0,0,5072,0,0,0,0,1
mch5077,"Chauhan, Thakur and Chacko",05411,groceries,Individual,JPR,Rajasthan,1699751815,9740262322,Closed,INR 250.88,MCH5077,5411,Individual,Grocery,2023-11-12 01:16:55,0,0,9740262322,0,0,250.88,0,0,5077,0,0,0,0,1
MCH5079,Ramaswamy-Trivedi,05311,DEPT_STORE,Private Limited,BLR,Karnataka,2024/07/01,MSIB5848944508855,Hold,549.02,MCH5079,5311,Private Limited,Department Stores,2024-07-01 00:00:00,0,0,MSIB5848944508855,0,0,549.02,0,0,5079,0,0,0,0,1
MCH5080,"Shere, Jha and Sarma",5912,Medical,SOLE_PROPRIETOR,Calcutta,West Bengal,22/02/2025 08:56 PM,,Live,"2,711.51",MCH5080,5912,Sole Proprietor,Pharmacy & Medical,2025-02-22 20:56:00,0,0,,1,0,2711.51,0,0,5080,0,0,0,0,1
MCH5081,  Grewal-Dutt  ,5942,Stationery,PARTNERSHIP,jaipur,Rajasthan,09-22-2024,,Enabled,₹624.18,MCH5081,5942,Partnership,Books & Stationery,2024-09-22 00:00:00,0,0,,1,0,624.18,0,0,5081,1,1,0,2,2
MCH5084,Doshi LLC,5942,BOOKS_STATIONERY,Individual,Jalandhar,Punjab,11/06/2025 08:48 PM,5224325531,A,Rs. 182,MCH5084,5942,Individual,Books & Stationery,2025-06-11 20:48:00,0,0,5224325531,0,0,182.0,0,0,5084,0,0,0,0,1
MCH 5086,Balan LLC,5999,Other,PRIVATE-LIMITED,Amritsar,Punjab,12-19-2023,XXXX8174,A,INR 575.58,MCH5086,5999,Private Limited,Other Retail,2023-12-19 00:00:00,0,0,XXXX8174,0,1,575.58,0,0,5086,0,0,0,0,1
MCH5089,Korpal-Parmer,05311,Retail,Private Limited,Jaipur,Rajasthan,2024/06/14,,A,"Rs. 3,730",MCH5089,5311,Private Limited,Department Stores,2024-06-14 00:00:00,0,0,,1,0,3730.0,0,0,5089,0,0,0,0,1
MCH-5090,Chacko-Dora,5411.0,Grocery,SOLE_PROPRIETOR,HYDERABAD,Telangana,27-Dec-2023,DVGQ3463891046958,A,-658.73,MCH5090,5411,Sole Proprietor,Grocery,2023-12-27 00:00:00,0,0,DVGQ3463891046958,0,0,-658.73,0,1,5090,0,0,0,0,1
mch5091,Rau-Ratta,5812,eating place,PARTNERSHIP,Calcutta,West Bengal,2024/03/24,ZHRH0362265719965,Enabled,Rs. 755,MCH5091,5812,Partnership,Food & Restaurants,2024-03-24 00:00:00,0,0,ZHRH0362265719965,0,0,755.0,0,0,5091,0,0,0,0,1
MCH5092,Dubey-Gade,4814,Telecom,PARTNERSHIP,kolkata,West Bengal,2023/07/01,,A,₹730.73,MCH5092,4814,Partnership,Telecom,2023-07-01 00:00:00,0,0,,1,0,730.73,0,0,5092,0,0,0,0,1
MCH-5093,Khatri-Kata,5411,GROCERY_STORE,PARTNERSHIP,JPR,Rajasthan,2024/10/28,,Disabled,"₹1,344.37",MCH5093,5411,Partnership,Grocery,2024-10-28 00:00:00,0,0,,1,0,1344.37,0,0,5093,0,0,0,0,1
MCH5097,SATHE INC,5311,Department Store,Sole Proprietor,Jaipur,Rajasthan,05/07/2023,XXXX5532,ACTIVE,997.33,MCH5097,5311,Sole Proprietor,Department Stores,2023-07-05 00:00:00,0,0,XXXX5532,0,1,997.33,0,0,5097,0,0,0,0,1
MCH5100,Garde-Mody,,grocery_store,sole_proprietor,Hyderabad,Telangana,12-02-2023,HBWM0411273165352,Active,347.68,MCH5100,,Sole Proprietor,Unknown,2023-12-02 00:00:00,0,0,HBWM0411273165352,0,0,347.68,0,0,5100,0,0,1,1,2
MCH 5103,"MORAR, KANNAN AND PUROHIT",7011,Hotel,Individual,LKO,Uttar Pradesh,11-12-2023,8919993904,S,,MCH5103,7011,Individual,Hotels & Hospitality,2023-11-12 00:00:00,0,0,8919993904,0,0,,1,0,5103,0,0,0,0,1
MCH5106,Sagar LLC,05912,chemist,individual,jalandhar,Punjab,23/02/2026 06:38 AM,,Live,"₹1,707.71",MCH5106,5912,Individual,Pharmacy & Medical,2026-02-23 06:38:00,0,0,,1,0,1707.71,0,0,5106,1,1,1,3,2
MCH5108,bora llc,5411,groceries,Private Limited,Jalandhar,Punjab,2025-03-16 12:39:17,DLNH5334244521006,A,,MCH5108,5411,Private Limited,Grocery,2025-03-16 12:39:17,0,0,DLNH5334244521006,0,0,,1,0,5108,1,0,0,1,2
MCH5110,"deshpande, verma and shenoy",5942,Book Store,private_limited,Pune,Maharashtra,2024/11/11,,I,-555.9,MCH5110,5942,Private Limited,Books & Stationery,2024-11-11 00:00:00,0,0,,1,0,-555.9,0,1,5110,1,0,1,2,3
MCH 5111,Ramachandran Group,,Department Stores,private_limited,ludhiana,Punjab,05/01/2026 10:29 AM,9740232667,Live,INR 541.94,MCH5111,,Private Limited,Unknown,2026-01-05 10:29:00,0,0,9740232667,0,0,541.94,0,0,5111,0,0,0,0,1
MCH5112,Agarwa1 Ltd,5311,Retail,PRIVATE-LIMITED,Chennai,Tamil Nadu,18/02/2026,,Enabled,782.67,MCH5112,5311,Private Limited,Department Stores,2026-02-18 00:00:00,0,0,,1,0,782.67,0,0,5112,1,0,1,2,3
MCH5113,Mani-Buch,5699,CLOTHS,partnership,pune,Maharashtra,11/04/2025 10:11 PM,XXXX7200,ACTIVE,"₹2,132.66",MCH5113,5699,Partnership,Clothing,2025-04-11 22:11:00,0,0,XXXX7200,0,1,2132.66,0,0,5113,0,0,0,0,1
MCH-5114,  Sarraf-Iyengar  ,5912,chemist,INDIVIDUAL,delhi,Delhi,1740561845,XRZF4644234669872,Live,INR 452.11,MCH5114,5912,Individual,Pharmacy & Medical,2025-02-26 09:24:05,0,0,XRZF4644234669872,0,1,452.11,0,0,5114,1,1,1,3,3
MCH5117,BAVA-SANI,5311,Department Store,Private Limited,amritsar,Punjab,1683474989,ICYL7735321082205,Enabled,₹557.72,MCH5117,5311,Private Limited,Department Stores,2023-05-07 15:56:29,0,0,ICYL7735321082205,0,0,557.72,0,0,5117,1,1,1,3,2
5119,Raghavan-Shere,05812,Food,SOLE_PROPRIETOR,chennai,Tamil Nadu,2025/09/14,,Active,"Rs. 1,149",5119,5812,Sole Proprietor,Food & Restaurants,2025-09-14 00:00:00,0,0,,1,0,1149.0,0,0,5119,0,0,0,0,1
mch5121,Din-Dar,5812,eating place,individual,Jalandhar,Punjab,,,ACTIVE,2367.99,MCH5121,5812,Individual,Food & Restaurants,,1,0,,1,0,2367.99,0,0,5121,1,1,1,3,2
MCH5122,K0ta-R0y,5699,CLOTHS,Individual,Delhi,Delhi,20-Aug-2025,XXXX7270,Enabled,390.64,MCH5122,5699,Individual,Clothing,2025-08-20 00:00:00,0,0,XXXX7270,0,1,390.64,0,0,5122,1,1,1,3,3
mch5125,Dave and Sons,5812,FOOD_SERVICES,PRIVATE_LIMITED,LDH,Punjab,15-Jun-2025,XXXX1925,ACTIVE,₹838.15,MCH5125,5812,Private Limited,Food & Restaurants,2025-06-15 00:00:00,0,0,XXXX1925,0,1,838.15,0,0,5125,0,0,0,0,1
MCH5127,Sankar Group,MCC-7011,Hospitality,PARTNERSHIP,New Delhi,Delhi,06/09/2024,3303273399,Active,"₹2,034.47",MCH5127,7011,Partnership,Hotels & Hospitality,2024-09-06 00:00:00,0,0,3303273399,0,0,2034.47,0,0,5127,1,1,1,3,2
MCH 5129,"kant, chaudhari and sarna",4131,Transport,SOLE-PROPRIETOR,chennai,Tamil Nadu,2025/07/19,QYZU2715177783366,Enabled,"INR 4,873.16",MCH5129,4131,Sole Proprietor,Transportation,2025-07-19 00:00:00,0,0,QYZU2715177783366,0,0,4873.16,0,0,5129,1,0,0,1,2
MCH5133,sawhney group,misc,GROCERY_STORE,Individual,Hyderabad,Telangana,10-Dec-2024,0959364769,Enabled,"₹1,388.77",MCH5133,,Individual,Unknown,2024-12-10 00:00:00,0,0,0959364769,0,0,1388.77,0,0,5133,0,0,0,0,1
MCH5135,kapoor ltd,5699,Apparel,PARTNERSHIP,chennai,Tamil Nadu,2024/02/25,XXXX2733,Live,1221.22,MCH5135,5699,Partnership,Clothing,2024-02-25 00:00:00,0,0,XXXX2733,0,1,1221.22,0,0,5135,1,1,1,3,2
MCH5136,Thakur and Sons,4131,Bus/Taxi,Sole Proprietor,Jaipur,Rajasthan,02-10-2025,8466988688,Blocked,2681.3,MCH5136,4131,Sole Proprietor,Transportation,2025-02-10 00:00:00,0,0,8466988688,0,0,2681.3,0,0,5136,0,0,0,0,1
MCH5137,Bath-Keer,MCC-4814,Telecom,PRIVATE_LIMITED,bengaluru,Karnataka,11/06/2024,XXXX5840,SUSPENDED,Rs. 634,MCH5137,4814,Private Limited,Telecom,2024-06-11 00:00:00,0,0,XXXX5840,0,1,634.0,0,0,5137,1,1,1,3,2
MCH5141,Sinha Ltd,,Apparel,SOLE-PROPRIETOR,JPR,Rajasthan,2025-07-27 00:03:05,XXXX0376,Closed,₹764.85,MCH5141,,Sole Proprietor,Unknown,2025-07-27 00:03:05,0,0,XXXX0376,0,1,764.85,0,0,5141,1,1,1,3,2
MCH5144,Johal Ltd,7011.0,HOTEL_LODGING,sole_proprietor,Jalandar,Punjab,1706805887,XXXX0257,INACTIVE,490.70,MCH5144,7011,Sole Proprietor,Hotels & Hospitality,2024-02-01 16:44:47,0,0,XXXX0257,0,1,490.7,0,0,5144,0,0,0,0,1
MCH 5146,Wadhwa-Swamy,05311,Department Stores,partnership,Jalandhar,Punjab,05/11/2023,,A,,MCH5146,5311,Partnership,Department Stores,2023-11-05 00:00:00,0,0,,1,0,,1,0,5146,0,0,0,0,1
5147,"  Rao, Mahal and Wable  ",MCC-5999,Other,PRIVATE-LIMITED,Jalandar,Punjab,2024-09-16 08:12:00,8569345830,Live,Rs. 687,5147,5999,Private Limited,Other Retail,2024-09-16 08:12:00,0,0,8569345830,0,0,687.0,0,0,5147,0,0,0,0,1
MCH5148,"Bose, Ranganathan and Bose",5411,kirana,INDIVIDUAL,Amritsar,Punjab,20/10/2024,,Active,,MCH5148,5411,Individual,Grocery,2024-10-20 00:00:00,0,0,,1,0,,1,0,5148,0,0,0,0,1
MCH5151,Sachar-Lad,4131,TRAVEL,PARTNERSHIP,mumbai,Maharashtra,2025-04-09 22:00:45,7481974508,A,INR 703.87,MCH5151,4131,Partnership,Transportation,2025-04-09 22:00:45,0,0,7481974508,0,0,703.87,0,0,5151,0,0,0,0,1
MCH 5154,DHINGRA-SUNDER,5999,Misc Retail,SOLE-PROPRIETOR,Poona,Maharashtra,14-Jun-2025,1153641874,Live,"Rs. 2,001",MCH5154,5999,Sole Proprietor,Other Retail,2025-06-14 00:00:00,0,0,1153641874,0,0,2001.0,0,0,5154,1,1,0,2,3
MCH5156,"Bumb, Buch and R0ut",7011,HOTEL_LODGING,PRIVATE_LIMITED,mumbai,Maharashtra,11/10/2025 09:13 PM,,Enabled,1483.33,MCH5156,7011,Private Limited,Hotels & Hospitality,2025-10-11 21:13:00,0,0,,1,0,1483.33,0,0,5156,0,0,0,0,1
mch5159,"Boase, Nadkarni and Kala",4131,Bus/Taxi,PRIVATE_LIMITED,JPR,Rajasthan,18/05/2025,DDIU4780752450137,A,214.1,MCH5159,4131,Private Limited,Transportation,2025-05-18 00:00:00,0,0,DDIU4780752450137,0,0,214.1,0,0,5159,0,0,0,0,1
MCH5160,subramanian inc,7011,Hotel,partnership,amritsar,Punjab,17/11/2025,,A,1435.76,MCH5160,7011,Partnership,Hotels & Hospitality,2025-11-17 00:00:00,0,0,,1,0,1435.76,0,0,5160,0,0,0,0,1
MCH5162,Srinivas-Sule,MCC-5311,Retail,INDIVIDUAL,jaipur,Rajasthan,20/02/2025,3127556904,Enabled,"₹1,145.33",MCH5162,5311,Individual,Department Stores,2025-02-20 00:00:00,0,0,3127556904,0,0,1145.33,0,0,5162,0,0,0,0,1
MCH5163,"Pandit, Lad and V0ra",4814.0,Mobile Recharge,INDIVIDUAL,kolkata,West Bengal,31/05/2023,XXXX7995,ACTIVE,"1,014.92",MCH5163,4814,Individual,Telecom,2023-05-31 00:00:00,0,0,XXXX7995,0,1,1014.92,0,0,5163,0,0,0,0,1
MCH 5164,"Yohannan,SahniandBasak",,Department Store,INDIVIDUAL,Mumbay,Maharashtra,2023/09/01,8938397659,I,830.61,MCH5164,,Individual,Unknown,2023-09-01 00:00:00,0,0,8938397659,0,0,830.61,0,0,5164,0,0,0,0,1
MCH5166,Rastogi Ltd,,Grocery,Individual,Hyd,Telangana,2025/11/10,XXXX4606,ACTIVE,1432.96,MCH5166,,Individual,Unknown,2025-11-10 00:00:00,0,0,XXXX4606,0,1,1432.96,0,0,5166,1,0,1,2,2
5167,Bose and Sons,5942,Book Store,PRIVATE_LIMITED,Jalandhar,Punjab,20/08/2025 05:50 PM,,Inactive,"INR 1,269.25",5167,5942,Private Limited,Books & Stationery,2025-08-20 17:50:00,0,0,,1,0,1269.25,0,0,5167,0,0,0,0,1
MCH5169,Kurian-Narayan,5942,Stationery,INDIVIDUAL,Jalandhar,Punjab,01-Jun-2024,7935605737,Enabled,1621.49,MCH5169,5942,Individual,Books & Stationery,2024-06-01 00:00:00,0,0,7935605737,0,0,1621.49,0,0,5169,0,0,0,0,1
MCH5171,"pandya, bawa and kibe",4131,Transportation,Partnership,JPR,Rajasthan,2024/11/18,XXXX5385,Active,"₹1,895.53",MCH5171,4131,Partnership,Transportation,2024-11-18 00:00:00,0,0,XXXX5385,0,1,1895.53,0,0,5171,0,0,0,0,1
MCH5176,"Samra,SampathandChaudhuri",4131,TRAVEL,INDIVIDUAL,Jalandhar,Punjab,18/03/2025,,A,Rs. 905,MCH5176,4131,Individual,Transportation,2025-03-18 00:00:00,0,0,,1,0,905.0,0,0,5176,0,0,0,0,1
MCH5180,Varkey Inc,5699,Fashion,Individual,Lucknow,Uttar Pradesh,1758875781,XXXX1928,Live,1047.37,MCH5180,5699,Individual,Clothing,2025-09-26 08:36:21,0,0,XXXX1928,0,1,1047.37,0,0,5180,0,1,1,2,2
5182,"kadakia, raman and badal",4131,Transport,SOLE-PROPRIETOR,ASR,Punjab,2023/07/15,5073008487,INACTIVE,Rs. 932,5182,4131,Sole Proprietor,Transportation,2023-07-15 00:00:00,0,0,5073008487,0,0,932.0,0,0,5182,0,0,0,0,1
MCH5183,Chandra LLC,05942,Stationery,INDIVIDUAL,jaipur,Rajasthan,1697459328,,Enabled,578.29,MCH5183,5942,Individual,Books & Stationery,2023-10-16 12:28:48,0,0,,1,0,578.29,0,0,5183,0,0,0,0,1
5186,Dey-Bansal,5912,MEDICAL_STORE,sole_proprietor,Chennai,Tamil Nadu,21/09/2025,,ACTIVE,Rs. 365,5186,5912,Sole Proprietor,Pharmacy & Medical,2025-09-21 00:00:00,0,0,,1,0,365.0,0,0,5186,1,1,1,3,3
MCH5188,"Dube, Nair and Datta",MCC-4131,Bus/Taxi,INDIVIDUAL,Jalandhar,Punjab,03-22-2023,4717131081,ACTIVE,2008.92,MCH5188,4131,Individual,Transportation,2023-03-22 00:00:00,0,0,4717131081,0,0,2008.92,0,0,5188,0,0,0,0,1
MCH5190,"Saini,RanaandAggarwal",5411,Grocery,SOLE_PROPRIETOR,Mumbai,Maharashtra,,4016367368,Active,1844.01,MCH5190,5411,Sole Proprietor,Grocery,,1,0,4016367368,0,0,1844.01,0,0,5190,1,0,1,2,2
MCH5193,Shetty Inc,5912,chemist,partnership,amritsar,Punjab,13-Jul-2025,QQWR4601081024609,Active,-1291.02,MCH5193,5912,Partnership,Pharmacy & Medical,2025-07-13 00:00:00,0,0,QQWR4601081024609,0,0,-1291.02,0,1,5193,0,0,0,0,1
MCH5196,Saini Ltd,5311,Retail,PRIVATE_LIMITED,Jalandhar,Punjab,2025/02/23,GPCS2279648422088,Hold,-922.86,MCH5196,5311,Private Limited,Department Stores,2025-02-23 00:00:00,0,0,GPCS2279648422088,0,0,-922.86,0,1,5196,1,1,1,3,2
MCH5197,AcharyaInc,4131.0,Transportation,private_limited,Jalandar,Punjab,,XXXX5691,A,₹699.94,MCH5197,4131,Private Limited,Transportation,,1,0,XXXX5691,0,1,699.94,0,0,5197,0,0,0,0,1
MCH5200,  Saha PLC  ,4131,Bus/Taxi,Private Limited,ludhiana,Punjab,11/10/2025 08:57 AM,,Live,INR 913.24,MCH5200,4131,Private Limited,Transportation,2025-10-11 08:57:00,0,0,,1,0,913.24,0,0,5200,0,0,0,0,1
MCH5203,"Goel, Mishra and Ram",4814,Telecom,Sole Proprietor,BLR,Karnataka,28-Apr-2023,,Live,3326.82,MCH5203,4814,Sole Proprietor,Telecom,2023-04-28 00:00:00,0,0,,1,0,3326.82,0,0,5203,0,0,0,0,1
MCH-5204,Gokhale Ltd,5411,Grocery,SOLE-PROPRIETOR,Hyd,Telangana,,IWXN3869048789492,Live,955.33,MCH5204,5411,Sole Proprietor,Grocery,,1,0,IWXN3869048789492,0,1,955.33,0,0,5204,1,1,0,2,2
MCH5205,"Yogi, Minhas and Goda",5311,Department Store,PARTNERSHIP,ludhiana,Punjab,06-01-2025,,INACTIVE,Rs. 455,MCH5205,5311,Partnership,Department Stores,2025-06-01 00:00:00,0,0,,1,0,455.0,0,0,5205,0,0,0,0,1
MCH5208,mann inc,05411,groceries,private_limited,HYDERABAD,Telangana,10/04/2023 08:46 AM,,S,"1,269.59",MCH5208,5411,Private Limited,Grocery,2023-04-10 08:46:00,0,0,,1,0,1269.59,0,0,5208,0,0,0,0,1
5210,"Gill, Acharya and Naidu",5912,chemist,Partnership,Amritsar,Punjab,2024/12/10,1435006704,S,"₹1,319.30",5210,5912,Partnership,Pharmacy & Medical,2024-12-10 00:00:00,0,0,1435006704,0,0,1319.3,0,0,5210,1,1,1,3,3
MCH5213,Keer-Yadav,07011,HOTEL_LODGING,PRIVATE-LIMITED,jalandhar,Punjab,04/09/2023 05:38 PM,NHOQ3812159504524,ACTIVE,"INR 2,157.19",MCH5213,7011,Private Limited,Hotels & Hospitality,2023-09-04 17:38:00,0,0,NHOQ3812159504524,0,0,2157.19,0,0,5213,0,0,0,0,1
MCH5215,Tank-Golla,5999.0,Misc Retail,Individual,HYDERABAD,Telangana,08/06/2024 02:20 AM,XXXX4115,Active,"Rs. 1,953",MCH5215,5999,Individual,Other Retail,2024-06-08 02:20:00,0,0,XXXX4115,0,1,1953.0,0,0,5215,0,0,0,0,1
MCH5217,"Kapur, Sabharwal and Chaudhuri",5311,Retail,Sole Proprietor,lucknow,Uttar Pradesh,1678222937,OZSL0162567761883,INACTIVE,INR 499.03,MCH5217,5311,Sole Proprietor,Department Stores,2023-03-07 21:02:17,0,0,OZSL0162567761883,0,0,499.03,0,0,5217,1,1,1,3,2
MCH 5219,Pillay Group,04814,TELECOM,PARTNERSHIP,Jalandar,Punjab,,XXXX0337,Enabled,INR 834.97,MCH5219,4814,Partnership,Telecom,,1,0,XXXX0337,0,1,834.97,0,0,5219,1,1,1,3,2
MCH5222,"Char, Warrior and Cherian",5699,Apparel,Partnership,Madras,Tamil Nadu,19/03/2024 06:57 PM,XXXX0689,I,352.83,MCH5222,5699,Partnership,Clothing,2024-03-19 18:57:00,0,0,XXXX0689,0,1,352.83,0,0,5222,0,0,0,0,1
MCH5223,"Dua, Raj and Aurora",5812.0,Food,Private Limited,ludhiana,Punjab,06/08/2024,XXXX3071,Enabled,986.86,MCH5223,5812,Private Limited,Food & Restaurants,2024-08-06 00:00:00,0,0,XXXX3071,0,1,986.86,0,0,5223,0,0,0,0,1
MCH5224,Prabhakar-Baral,5999,Miscellaneous,SOLE_PROPRIETOR,Delhi,Delhi,06/02/2024 07:20 PM,VAHS1051982392955,A,INR 873.18,MCH5224,5999,Sole Proprietor,Other Retail,2024-02-06 19:20:00,0,0,VAHS1051982392955,0,0,873.18,0,0,5224,0,0,0,0,1
MCH5225,"Bera, Guha and Narayan",5942,Book Store,INDIVIDUAL,Hyd,Telangana,16/08/2025 05:25 AM,AJUQ5177176562909,Live,,MCH5225,5942,Individual,Books & Stationery,2025-08-16 05:25:00,0,0,AJUQ5177176562909,0,0,,1,0,5225,0,0,0,0,1
MCH5226,Tiwari-Pau,MCC-5999,Other,INDIVIDUAL,Lucknow,Uttar Pradesh,24/12/2023 02:18 AM,6912933947,Active,₹271.33,MCH5226,5999,Individual,Other Retail,2023-12-24 02:18:00,0,0,6912933947,0,0,271.33,0,0,5226,0,0,0,0,1
MCH5227,Gala PLC,7011,Hotel,PARTNERSHIP,kolkata,West Bengal,21/01/2026,,A,,MCH5227,7011,Partnership,Hotels & Hospitality,2026-01-21 00:00:00,0,0,,1,0,,1,0,5227,1,1,0,2,2
MCH 5230,Bajaj Ltd,misc,Transportation,Partnership,Delhi,Delhi,01/02/2024,8842729592,Live,"₹3,959.52",MCH5230,,Partnership,Unknown,2024-02-01 00:00:00,0,0,8842729592,0,0,3959.52,0,0,5230,0,0,0,0,1
MCH5231,Varghese-Rattan,,Grocery,partnership,Delhi,Delhi,05/02/2026,,Active,INR 692.04,MCH5231,,Partnership,Unknown,2026-02-05 00:00:00,0,0,,1,0,692.04,0,0,5231,1,1,0,2,2
MCH5233,Raghavan-Mall,04814,Mobile Recharge,partnership,Bengaluru,Karnataka,11/02/2026 05:56 AM,,Live,3087.5,MCH5233,4814,Partnership,Telecom,2026-02-11 05:56:00,0,0,,1,0,3087.5,0,0,5233,0,0,0,0,1
MCH 5235,palla inc,5942,Book Store,PARTNERSHIP,BLR,Karnataka,10-27-2024,,Live,"₹3,807.50",MCH5235,5942,Partnership,Books & Stationery,2024-10-27 00:00:00,0,0,,1,0,3807.5,0,0,5235,1,1,0,2,2
mch5236,Basak-Madan,5999,Other,PRIVATE-LIMITED,delhi,Delhi,,1939509420,Active,₹389.03,MCH5236,5999,Private Limited,Other Retail,,1,0,1939509420,0,0,389.03,0,0,5236,0,1,1,2,2
MCH 5237,"Dave, Sani and Swaminathan",,Pharmacy,partnership,Delhi,Delhi,09-Feb-2026,5721792105,Hold,1955.24,MCH5237,,Partnership,Unknown,2026-02-09 00:00:00,0,0,5721792105,0,0,1955.24,0,0,5237,1,1,1,3,2
MCH5239,Saha Inc,5999,Retail Other,INDIVIDUAL,LKO,Uttar Pradesh,2025/09/29,,A,"Rs. 6,907",MCH5239,5999,Individual,Other Retail,2025-09-29 00:00:00,0,0,,1,0,6907.0,0,0,5239,0,0,0,0,1
MCH5242,Mishra-Dua,5311,Department Store,INDIVIDUAL,mumbai,Maharashtra,08-Jun-2024,XXXX0138,ACTIVE,-3063.29,MCH5242,5311,Individual,Department Stores,2024-06-08 00:00:00,0,0,XXXX0138,0,1,-3063.29,0,1,5242,0,0,0,0,1
MCH5245,"Bhatt, Kakar and Boase",5311,Retail,INDIVIDUAL,jalandhar,Punjab,1751000288,4405470614,A,2923.74,MCH5245,5311,Individual,Department Stores,2025-06-27 04:58:08,0,0,4405470614,0,0,2923.74,0,0,5245,1,1,0,2,2
MCH5247,Nagi Ltd,4814,Telecom,Partnership,Amritsar,Punjab,06/06/2025,,Hold,INR 632.92,MCH5247,4814,Partnership,Telecom,2025-06-06 00:00:00,0,0,,1,0,632.92,0,0,5247,0,0,0,0,1
MCH5249,Tak Inc,7011,HOTEL_LODGING,PRIVATE-LIMITED,Lucknow,Uttar Pradesh,2025/03/10,,A,-1525.16,MCH5249,7011,Private Limited,Hotels & Hospitality,2025-03-10 00:00:00,0,0,,1,0,-1525.16,0,1,5249,0,0,0,0,1
MCH5250,Virk-Nadkarni,5999,Retail Other,partnership,Pune,Maharashtra,2023/07/16,,Suspended,759.43,MCH5250,5999,Partnership,Other Retail,2023-07-16 00:00:00,0,0,,1,0,759.43,0,0,5250,0,0,0,0,1
MCH5251,"Rana, Chandra and Tank",4131,Transportation,Partnership,mumbai,Maharashtra,,,I,"INR 3,641.26",MCH5251,4131,Partnership,Transportation,,1,0,,1,0,3641.26,0,0,5251,1,1,1,3,2
MCH 5253,  Balakrishnan PLC  ,5912.0,chemist,sole_proprietor,Mumbai,Maharashtra,2025-07-23 10:23:07,3588777363,Enabled,,MCH5253,5912,Sole Proprietor,Pharmacy & Medical,2025-07-23 10:23:07,0,0,3588777363,0,0,,1,0,5253,0,0,0,0,1
MCH5256,GhoshLLC,4131,Transport,INDIVIDUAL,Madras,Tamil Nadu,,ASNK4892862388041,Active,429.35,MCH5256,4131,Individual,Transportation,,1,0,ASNK4892862388041,0,0,429.35,0,0,5256,0,0,0,0,1
MCH5257,Kara-Sibal,4814,TELECOM,individual,Bengaluru,Karnataka,,WHEV2991802850485,ACTIVE,"1,601.92",MCH5257,4814,Individual,Telecom,,1,0,WHEV2991802850485,0,0,1601.92,0,0,5257,0,0,0,0,1
MCH5258,Kibe-Ramanathan,,Book Store,partnership,Dilli,Delhi,15-Aug-2024,IIKD1145736850427,A,3143.33,MCH5258,,Partnership,Unknown,2024-08-15 00:00:00,0,0,IIKD1145736850427,0,0,3143.33,0,0,5258,0,0,0,0,1
MCH5260,"Memon, Ben and Sant",5912,Medical,Sole Proprietor,jalandhar,Punjab,25-Jul-2024,XXXX7324,ACTIVE,"Rs. 1,467",MCH5260,5912,Sole Proprietor,Pharmacy & Medical,2024-07-25 00:00:00,0,0,XXXX7324,0,1,1467.0,0,0,5260,0,0,0,0,1
MCH5261,M0dy Gr0up,5942,Book Store,Individual,jaipur,Rajasthan,12-11-2025,,Active,₹345.16,MCH5261,5942,Individual,Books & Stationery,2025-12-11 00:00:00,0,0,,1,0,345.16,0,0,5261,0,0,0,0,1
MCH5263,"Narang, Kata and Pillai",5311,Department Stores,PRIVATE-LIMITED,Ludhiana,Punjab,12-08-2024,,A,,MCH5263,5311,Private Limited,Department Stores,2024-12-08 00:00:00,0,0,,1,0,,1,0,5263,0,0,0,0,1
MCH5265,Natt-Munshi,05411,Grocery Stores,PRIVATE_LIMITED,Poona,Maharashtra,22/07/2024,4213217107,Enabled,2606.12,MCH5265,5411,Private Limited,Grocery,2024-07-22 00:00:00,0,0,4213217107,0,0,2606.12,0,0,5265,1,1,0,2,2
5267,"Chandra, Som and Grewal",4131,Transportation,individual,Hyderabad,Telangana,30/11/2025 10:52 PM,2585843766,Enabled,₹999.83,5267,4131,Individual,Transportation,2025-11-30 22:52:00,0,0,2585843766,0,0,999.83,0,0,5267,0,0,0,0,1
MCH 5268,Nagy-Ravel,5999,Misc Retail,sole_proprietor,kolkata,West Bengal,10-23-2025,AMOJ0905717120034,Blocked,"₹4,125.60",MCH5268,5999,Sole Proprietor,Other Retail,2025-10-23 00:00:00,0,0,AMOJ0905717120034,0,0,4125.6,0,0,5268,0,0,0,0,1
MCH5269,"Lala, Raval and Sahni",5942,BOOKS_STATIONERY,PARTNERSHIP,jalandhar,Punjab,21/10/2024,1738664466,ACTIVE,873.0,MCH5269,5942,Partnership,Books & Stationery,2024-10-21 00:00:00,0,0,1738664466,0,0,873.0,0,0,5269,1,1,1,3,2
MCH5270,"  Kannan, Goda and Kade  ",7011,HOTEL_LODGING,individual,lucknow,Uttar Pradesh,2023-10-13 12:44:32,,Disabled,Rs. 469,MCH5270,7011,Individual,Hotels & Hospitality,2023-10-13 12:44:32,0,0,,1,0,469.0,0,0,5270,0,0,0,0,1
MCH5271,Choudhary-Chaudhry,5812,FOOD_SERVICES,PARTNERSHIP,LDH,Punjab,30/11/2025,1480455412,Live,-605.6,MCH5271,5812,Partnership,Food & Restaurants,2025-11-30 00:00:00,0,0,1480455412,0,0,-605.6,0,1,5271,0,0,0,0,1
MCH5274,Thakur and Sons,4814,Telecom,SOLE-PROPRIETOR,chennai,Tamil Nadu,2025-04-21 09:59:18,,Active,983.36,MCH5274,4814,Sole Proprietor,Telecom,2025-04-21 09:59:18,0,0,,1,0,983.36,0,0,5274,1,1,0,2,2
MCH5277,Kannan-Deshmukh,5942,Book Store,private_limited,lucknow,Uttar Pradesh,1758877269,,Inactive,4638.51,MCH5277,5942,Private Limited,Books & Stationery,2025-09-26 09:01:09,0,0,,1,0,4638.51,0,0,5277,0,0,0,0,1
MCH5278,"  Sarraf, Peri and Ratti  ",5999,Misc Retail,PRIVATE_LIMITED,kolkata,West Bengal,27/04/2025,,A,"₹1,446.64",MCH5278,5999,Private Limited,Other Retail,2025-04-27 00:00:00,0,0,,1,0,1446.64,0,0,5278,0,0,0,0,1
mch5280,Mani-Chada,4131,Bus/Taxi,SOLE-PROPRIETOR,chennai,Tamil Nadu,18-Mar-2025,XXXX6717,Enabled,"₹1,112.24",MCH5280,4131,Sole Proprietor,Transportation,2025-03-18 00:00:00,0,0,XXXX6717,0,1,1112.24,0,0,5280,0,0,0,0,1
MCH5281,Rajagopalan Ltd,7011,Hotels,SOLE_PROPRIETOR,Bengaluru,Karnataka,02-04-2024,,ACTIVE,939.26,MCH5281,7011,Sole Proprietor,Hotels & Hospitality,2024-02-04 00:00:00,0,0,,1,0,939.26,0,0,5281,1,1,1,3,2
MCH5283,"  Verma, Narasimhan and Balan  ",,pharmacies,Individual,delhi,Delhi,05-Feb-2026,,Active,"Rs. 1,266",MCH5283,,Individual,Unknown,2026-02-05 00:00:00,0,0,,1,0,1266.0,0,0,5283,1,1,1,3,3
MCH5285,"Yadav, Dhawan and Bahri",05311,Retail,individual,bengaluru,Karnataka,08-03-2025,XXXX3759,Enabled,Rs. 220,MCH5285,5311,Individual,Department Stores,2025-08-03 00:00:00,0,0,XXXX3759,0,1,220.0,0,0,5285,0,0,0,0,1
MCH5287,Dhillon Inc,05812,FOOD_SERVICES,Partnership,Madras,Tamil Nadu,2025-05-25 09:00:23,0377274505,A,,MCH5287,5812,Partnership,Food & Restaurants,2025-05-25 09:00:23,0,0,0377274505,0,0,,1,0,5287,1,0,1,2,2
MCH5288,"THAMAN, MUNI AND OM",5999,Miscellaneous,SOLE-PROPRIETOR,Pune,Maharashtra,08-Jul-2023,7391241084,A,1015.84,MCH5288,5999,Sole Proprietor,Other Retail,2023-07-08 00:00:00,0,0,7391241084,0,0,1015.84,0,0,5288,0,0,0,0,2
MCH5292,Shankar-Dhawan,5411,kirana,INDIVIDUAL,DELHI,Delhi,,XXXX7847,Active,,MCH5292,5411,Individual,Grocery,,1,0,XXXX7847,0,1,,1,0,5292,1,1,1,3,2
MCH 5293,Varma Inc,,Bus/Taxi,INDIVIDUAL,bengaluru,Karnataka,2025/12/26,LBEZ4327128100737,ACTIVE,-1266.49,MCH5293,,Individual,Unknown,2025-12-26 00:00:00,0,0,LBEZ4327128100737,0,0,-1266.49,0,1,5293,1,1,1,3,3
MCH 5294,Bhakta Group,4814,TELECOM,Private Limited,jaipur,Rajasthan,2023/12/27,XXXX2441,Enabled,₹765.13,MCH5294,4814,Private Limited,Telecom,2023-12-27 00:00:00,0,0,XXXX2441,0,1,765.13,0,0,5294,0,0,0,0,1
5295,"Goda, Prashad and Narain",,Medical,Individual,LKO,Uttar Pradesh,10-27-2024,,Live,₹888.39,5295,,Individual,Unknown,2024-10-27 00:00:00,0,0,,1,0,888.39,0,0,5295,0,0,0,0,1
MCH5298,  Keer and Sons  ,5999,Miscellaneous,PARTNERSHIP,bengaluru,Karnataka,,,Disabled,600.45,MCH5298,5999,Partnership,Other Retail,,1,0,,1,0,600.45,0,0,5298,0,0,0,0,1
MCH5303,walla inc,5311,Department Stores,PRIVATE_LIMITED,Madras,Tamil Nadu,,,Enabled,"Rs. 1,019",MCH5303,5311,Private Limited,Department Stores,,1,0,,1,0,1019.0,0,0,5303,0,0,0,0,1
MCH5305,taneja inc,7011,Hotels,SOLE-PROPRIETOR,Chennai,Tamil Nadu,06-01-2024,XXXX9718,ACTIVE,"INR 1,731.48",MCH5305,7011,Sole Proprietor,Hotels & Hospitality,2024-06-01 00:00:00,0,0,XXXX9718,0,1,1731.48,0,0,5305,0,0,0,0,1
MCH5307,"Balan, Varughese and Dave",5812,Restaurants,partnership,Pune,Maharashtra,,SMCN8377573336751,Active,204.07,MCH5307,5812,Partnership,Food & Restaurants,,1,0,SMCN8377573336751,0,0,204.07,0,0,5307,0,0,0,0,1
MCH5308,Shukla-Trivedi,,Food,individual,jaipur,Rajasthan,11/06/2025,7037226511,A,,MCH5308,,Individual,Unknown,2025-06-11 00:00:00,0,0,7037226511,0,0,,1,0,5308,0,0,0,0,1
MCH 5312,Choudhary Inc,05411,Grocery,Partnership,Kolkata,West Bengal,2023/07/27,,Enabled,"INR 1,438.20",MCH5312,5411,Partnership,Grocery,2023-07-27 00:00:00,0,0,,1,0,1438.2,0,0,5312,0,0,0,0,1
MCH-5316,"Mand, Banerjee and Bhandari",5699,Clothing,PRIVATE-LIMITED,Chennai,Tamil Nadu,,MZUJ8841043737441,ACTIVE,1934.84,MCH5316,5699,Private Limited,Clothing,,1,0,MZUJ8841043737441,0,0,1934.84,0,0,5316,1,1,1,3,3
mch5317,Seth PLC,7011,HOTEL_LODGING,sole_proprietor,Bangalore,Karnataka,2023-03-01 07:27:37,,A,2738.46,MCH5317,7011,Sole Proprietor,Hotels & Hospitality,2023-03-01 07:27:37,0,0,,1,0,2738.46,0,0,5317,0,0,0,0,1
MCH5320,Ramaswamy-Sarma,4814,Mobile Recharge,sole_proprietor,Hyderabad,Telangana,11/02/2025 02:58 AM,9234288178,ACTIVE,750.06,MCH5320,4814,Sole Proprietor,Telecom,2025-02-11 02:58:00,0,0,9234288178,0,0,750.06,0,0,5320,0,0,0,0,1
MCH5321,Maharaj Ltd,5912,Pharmacy,SOLE_PROPRIETOR,MUMBAI,Maharashtra,2024/08/29,9534555078,INACTIVE,-2746.79,MCH5321,5912,Sole Proprietor,Pharmacy & Medical,2024-08-29 00:00:00,0,0,9534555078,0,0,-2746.79,0,1,5321,0,0,0,0,1
MCH5322,Parsa LLC,MCC-5912,chemist,INDIVIDUAL,Jalandhar,Punjab,03-26-2023,XXXX3422,A,"INR 2,329.55",MCH5322,5912,Individual,Pharmacy & Medical,2023-03-26 00:00:00,0,0,XXXX3422,0,1,2329.55,0,0,5322,0,0,0,0,1
MCH5328,Dhaliwal Inc,5812,eating place,PRIVATE-LIMITED,kolkata,West Bengal,19/04/2025,,A,375.06,MCH5328,5812,Private Limited,Food & Restaurants,2025-04-19 00:00:00,0,0,,1,0,375.06,0,0,5328,1,1,1,3,2
mch5333,  Rajagopal-Agate  ,4814,TELECOM,sole_proprietor,ASR,Punjab,,,INACTIVE,15510.71,MCH5333,4814,Sole Proprietor,Telecom,,1,0,,1,0,15510.71,0,0,5333,0,0,0,0,1
5335,shroff and sons,MCC-5311,DEPT_STORE,SOLE_PROPRIETOR,chennai,Tamil Nadu,,XXXX4486,Disabled,"Rs. 1,166",5335,5311,Sole Proprietor,Department Stores,,1,0,XXXX4486,0,1,1166.0,0,0,5335,1,1,1,3,2
MCH5339,"vaidya, hari and mistry",5999,Other,INDIVIDUAL,Delhi,Delhi,2024/08/07,5298779846,Active,514.42,MCH5339,5999,Individual,Other Retail,2024-08-07 00:00:00,0,0,5298779846,0,0,514.42,0,0,5339,0,0,0,0,1
MCH5343,Sangha-Pillay,5411,kirana,Individual,LKO,Uttar Pradesh,,4912596257,Inactive,"1,724.67",MCH5343,5411,Individual,Grocery,,1,0,4912596257,0,0,1724.67,0,0,5343,0,0,0,0,1
MCH5354,Khatri-De0,05942,Book Store,PARTNERSHIP,Jalandar,Punjab,,WCZU4810286661084,Live,,MCH5354,5942,Partnership,Books & Stationery,,1,0,WCZU4810286661084,0,0,,1,0,5354,1,0,1,2,2
MCH5355,"Sundaram, Gara and Bajwa",5812,Restaurant,Sole Proprietor,Kolkata,West Bengal,2023/08/03,,Enabled,3350.71,MCH5355,5812,Sole Proprietor,Food & Restaurants,2023-08-03 00:00:00,0,0,,1,0,3350.71,0,0,5355,0,0,0,0,1
MCH 5356,  Rege LLC  ,5411,GROCERY_STORE,SOLE_PROPRIETOR,LDH,Punjab,02/10/2024,,I,917.24,MCH5356,5411,Sole Proprietor,Grocery,2024-10-02 00:00:00,0,0,,1,0,917.24,0,0,5356,1,1,1,3,2
MCH5360,pillai and sons,5912,chemist,Individual,lucknow,Uttar Pradesh,1746593954,,Enabled,₹745.28,MCH5360,5912,Individual,Pharmacy & Medical,2025-05-07 04:59:14,0,0,,1,0,745.28,0,0,5360,0,0,0,0,1
MCH5361,"Baria,SantandMunshi",MCC-5942,Stationery,private_limited,DELHI,Delhi,01-Feb-2025,XXXX6510,A,-1636.11,MCH5361,5942,Private Limited,Books & Stationery,2025-02-01 00:00:00,0,0,XXXX6510,0,1,-1636.11,0,1,5361,0,0,0,0,1
MCH5362,"kunda, tiwari and nagi",5912,Medical,PRIVATE_LIMITED,JPR,Rajasthan,1723236278,,ACTIVE,1922.99,MCH5362,5912,Private Limited,Pharmacy & Medical,2024-08-09 20:44:38,0,0,,1,0,1922.99,0,0,5362,1,1,1,3,3
MCH5366,Bali Ltd,5311,Department Store,PRIVATE_LIMITED,lucknow,Uttar Pradesh,2024/02/25,XXXX6307,Disabled,"1,551.58",MCH5366,5311,Private Limited,Department Stores,2024-02-25 00:00:00,0,0,XXXX6307,0,1,1551.58,0,0,5366,0,0,0,0,1
MCH5367,REDDY-CHAKRABORTY,5699,Clothing,Sole Proprietor,mumbai,Maharashtra,1740799482,WHOV7357855523116,Live,1679.09,MCH5367,5699,Sole Proprietor,Clothing,2025-03-01 03:24:42,0,0,WHOV7357855523116,0,0,1679.09,0,0,5367,1,0,1,2,2
MCH5370,Lala LLC,05311,DEPT_STORE,individual,Dilli,Delhi,2025-05-07 03:36:09,,Live,"INR 1,448.94",MCH5370,5311,Individual,Department Stores,2025-05-07 03:36:09,0,0,,1,0,1448.94,0,0,5370,1,1,0,2,2
MCH5371,Tailor Ltd,misc,Department Store,SOLE-PROPRIETOR,Jalandhar,Punjab,2024/10/08,3819002392,ACTIVE,2851.53,MCH5371,,Sole Proprietor,Unknown,2024-10-08 00:00:00,0,0,3819002392,0,0,2851.53,0,0,5371,0,0,0,0,1
MCH5375,"Zacharia, Krishnamurthy and Talwar",5699,CLOTHS,individual,pune,Maharashtra,1675510641,6686840480,Active,-872.85,MCH5375,5699,Individual,Clothing,2023-02-04 11:37:21,0,0,6686840480,0,0,-872.85,0,1,5375,0,0,0,0,1
MCH 5376,"Narayanan, Palla and Tripathi",MCC-4814,phone service,Sole Proprietor,ludhiana,Punjab,14/08/2025,IUFK0088105725528,ACTIVE,2169.37,MCH5376,4814,Sole Proprietor,Telecom,2025-08-14 00:00:00,0,0,IUFK0088105725528,0,0,2169.37,0,0,5376,0,0,0,0,1
MCH 5378,biswas-seshadri,UNKNOWN,kirana,SOLE_PROPRIETOR,kolkata,West Bengal,11-05-2025,,Enabled,815.52,MCH5378,,Sole Proprietor,Unknown,2025-11-05 00:00:00,0,0,,1,0,815.52,0,0,5378,1,1,1,3,2
MCH-5381,Jaggi and Sons,5311,Department Store,PRIVATE_LIMITED,DELHI,Delhi,2025/06/11,,Live,550.97,MCH5381,5311,Private Limited,Department Stores,2025-06-11 00:00:00,0,0,,1,0,550.97,0,0,5381,0,0,0,0,1
MCH5383,ray-dara,7011.0,Hospitality,PRIVATE_LIMITED,Dilli,Delhi,11/04/2025,8306637821,A,"Rs. 2,541",MCH5383,7011,Private Limited,Hotels & Hospitality,2025-04-11 00:00:00,0,0,8306637821,0,0,2541.0,0,0,5383,0,0,0,0,1
MCH-5384,  Sibal Inc  ,5411,groceries,PRIVATE_LIMITED,jaipur,Rajasthan,,,Enabled,951.53,MCH5384,5411,Private Limited,Grocery,,1,0,,1,0,951.53,0,0,5384,0,0,0,0,1
MCH5386,"Hari, Handa and Madan",4814,Mobile Recharge,private_limited,bengaluru,Karnataka,27-Sep-2023,,A,INR 682.57,MCH5386,4814,Private Limited,Telecom,2023-09-27 00:00:00,0,0,,1,0,682.57,0,0,5386,0,0,0,0,1
MCH5387,Khatri Group,7011,Hotel,Sole Proprietor,Delhi,Delhi,2025-10-06 12:45:13,6200633333,ACTIVE,"Rs. 1,172",MCH5387,7011,Sole Proprietor,Hotels & Hospitality,2025-10-06 12:45:13,0,0,6200633333,0,0,1172.0,0,0,5387,1,0,1,2,2
MCH5388,Mann-Oza,5942,Books,PRIVATE_LIMITED,Hyderabad,Telangana,,,Active,"Rs. 1,696",MCH5388,5942,Private Limited,Books & Stationery,,1,0,,1,0,1696.0,0,0,5388,0,0,0,0,1
MCH5389,sem llc,4131,Bus/Taxi,PARTNERSHIP,JPR,Rajasthan,1718517978,XXXX3272,ACTIVE,342.38,MCH5389,4131,Partnership,Transportation,2024-06-16 06:06:18,0,0,XXXX3272,0,1,342.38,0,0,5389,0,0,0,0,1
MCH5390,bajwa group,5942,Stationery,sole_proprietor,Jaipur,Rajasthan,,XXXX7220,ACTIVE,"Rs. 2,643",MCH5390,5942,Sole Proprietor,Books & Stationery,,1,0,XXXX7220,0,1,2643.0,0,0,5390,1,1,1,3,3
MCH5391,Nagi-Pandya,5411,kirana,partnership,kolkata,West Bengal,2025/12/24,,Suspended,"Rs. 1,471",MCH5391,5411,Partnership,Grocery,2025-12-24 00:00:00,0,0,,1,0,1471.0,0,0,5391,0,0,0,0,1
MCH5395,"Dada, Jani and Kaul",5942.0,Stationery,Partnership,Madras,Tamil Nadu,06-Mar-2025,,Live,-698.53,MCH5395,5942,Partnership,Books & Stationery,2025-03-06 00:00:00,0,0,,1,0,-698.53,0,1,5395,0,0,0,0,1
MCH5396,MANDA-SETH,4131,Transportation,Sole Proprietor,Delhi,Delhi,2023/01/11,,ACTIVE,₹439.03,MCH5396,4131,Sole Proprietor,Transportation,2023-01-11 00:00:00,0,0,,1,0,439.03,0,0,5396,0,0,0,0,1
MCH5399,Agate-Wali,5999.0,Other,private_limited,Chennai,Tamil Nadu,26/12/2025,,Live,"₹1,379.64",MCH5399,5999,Private Limited,Other Retail,2025-12-26 00:00:00,0,0,,1,0,1379.64,0,0,5399,0,0,0,0,1
MCH5401,"Sama, Ar0ra and Mem0n",,BOOKS_STATIONERY,private_limited,kolkata,West Bengal,23/07/2023,,ACTIVE,-571.93,MCH5401,,Private Limited,Unknown,2023-07-23 00:00:00,0,0,,1,0,-571.93,0,1,5401,1,1,1,3,2
MCH5402,"MANDAL, CHADA AND DESHPANDE",5411,kirana,SOLE-PROPRIETOR,DELHI,Delhi,08-11-2025,,SUSPENDED,-503.34,MCH5402,5411,Sole Proprietor,Grocery,2025-08-11 00:00:00,0,0,,1,0,-503.34,0,1,5402,0,0,0,0,1
MCH5404,Cherian Group,7011,Hotels,SOLE_PROPRIETOR,pune,Maharashtra,1743889856,DZIB4073572435126,ACTIVE,"Rs. 1,440",MCH5404,7011,Sole Proprietor,Hotels & Hospitality,2025-04-05 21:50:56,0,0,DZIB4073572435126,0,0,1440.0,0,0,5404,0,0,0,0,1
MCH5405,  Balan-Sabharwal  ,5812,Food,INDIVIDUAL,Bengaluru,Karnataka,1680850615,,ACTIVE,2280.95,MCH5405,5812,Individual,Food & Restaurants,2023-04-07 06:56:55,0,0,,1,0,2280.95,0,0,5405,0,0,0,0,1
MCH 5408,"Setty, Mangal and Dhar",5411,kirana,INDIVIDUAL,Mumbai,Maharashtra,2026/01/31,XXXX4132,A,1231.49,MCH5408,5411,Individual,Grocery,2026-01-31 00:00:00,0,0,XXXX4132,0,1,1231.49,0,0,5408,1,1,1,3,2
MCH5409,Buch Inc,5699,Apparel,SOLE-PROPRIETOR,Amritsar,Punjab,04/03/2023 12:10 AM,VIYX5305249313484,Enabled,Rs. 922,MCH5409,5699,Sole Proprietor,Clothing,2023-03-04 00:10:00,0,0,VIYX5305249313484,0,1,922.0,0,0,5409,0,0,0,0,1
MCH5410,Ganesh LLC,7011,Hotel,Partnership,Delhi,Delhi,13/01/2023 04:09 PM,,A,1114.19,MCH5410,7011,Partnership,Hotels & Hospitality,2023-01-13 16:09:00,0,0,,1,0,1114.19,0,0,5410,0,0,0,0,1
MCH5411,Kale Inc,5411,Grocery,Partnership,pune,Maharashtra,2024-06-21 06:11:57,,Enabled,Rs. 708,MCH5411,5411,Partnership,Grocery,2024-06-21 06:11:57,0,0,,1,0,708.0,0,0,5411,0,0,0,0,1
mch5413,"K0shy, Batra and K0h1i",5311,Department Store,SOLE_PROPRIETOR,LKO,Uttar Pradesh,04/09/2023,,Live,Rs. 608,MCH5413,5311,Sole Proprietor,Department Stores,2023-09-04 00:00:00,0,0,,1,0,608.0,0,0,5413,0,0,0,0,1
MCH5414,bhandari ltd,07011,Hotel,PRIVATE_LIMITED,DELHI,Delhi,03-26-2025,VQLO7234241275182,A,155.88,MCH5414,7011,Private Limited,Hotels & Hospitality,2025-03-26 00:00:00,0,0,VQLO7234241275182,0,0,155.88,0,0,5414,0,0,0,0,1
MCH5416,Yadav LLC,4131,transprt,Private Limited,Jalandhar,Punjab,,,Enabled,898.37,MCH5416,4131,Private Limited,Transportation,,1,0,,1,0,898.37,0,0,5416,1,1,0,2,2
MCH5420,Sahni-Ghosh,7011,Hotel,sole_proprietor,kolkata,West Bengal,26/09/2025 09:42 PM,1296057901,Enabled,1993.6,MCH5420,7011,Sole Proprietor,Hotels & Hospitality,2025-09-26 21:42:00,0,0,1296057901,0,0,1993.6,0,0,5420,0,0,0,0,1
MCH5422,sawhney llc,misc,Fashion,Sole Proprietor,Calcutta,West Bengal,08/08/2024,MLTB5743748396701,Live,866.35,MCH5422,,Sole Proprietor,Unknown,2024-08-08 00:00:00,0,0,MLTB5743748396701,0,0,866.35,0,0,5422,0,0,0,0,1
MCH5423,"Chanda, Mallick and Butala",MCC-5311,Department Store,sole_proprietor,Jaipur,Rajasthan,2024/08/25,XXXX3345,A,INR 458.56,MCH5423,5311,Sole Proprietor,Department Stores,2024-08-25 00:00:00,0,0,XXXX3345,0,1,458.56,0,0,5423,0,0,0,0,1
MCH5425,"Bora, Kibe and Yadav",4814,TELECOM,INDIVIDUAL,Dilli,Delhi,,3599725292,SUSPENDED,₹810.10,MCH5425,4814,Individual,Telecom,,1,0,3599725292,0,0,810.1,0,0,5425,0,0,0,0,1
mch5426,"DORA, SEHGAL AND CHOUDHURY",MCC-4131,Transport,Individual,Dilli,Delhi,2025/11/14,6432706759,Live,598.49,MCH5426,4131,Individual,Transportation,2025-11-14 00:00:00,0,0,6432706759,0,0,598.49,0,0,5426,0,0,0,0,1
MCH5430,THAKKAR AND SONS,5699,CLOTHS,PRIVATE_LIMITED,Amritsar,Punjab,01-19-2023,,INACTIVE,4264.84,MCH5430,5699,Private Limited,Clothing,2023-01-19 00:00:00,0,0,,1,0,4264.84,0,0,5430,0,0,0,0,1
MCH5433,Subramanian PLC,5699,garments,partnership,LDH,Punjab,07/06/2024 07:30 PM,XXXX5051,ACTIVE,673.68,MCH5433,5699,Partnership,Clothing,2024-06-07 19:30:00,0,0,XXXX5051,0,1,673.68,0,0,5433,0,0,0,0,1
MCH5438,"Krishna, Vohra and Ghose",5912,chemist,sole_proprietor,Madras,Tamil Nadu,11/12/2023 12:58 PM,XXXX0401,Active,"₹1,326.90",MCH5438,5912,Sole Proprietor,Pharmacy & Medical,2023-12-11 12:58:00,0,0,XXXX0401,0,1,1326.9,0,0,5438,0,0,0,0,1
MCH5441,Sur Group,5411,Grocery Stores,PRIVATE_LIMITED,LDH,Punjab,2023/02/08,UQUC6317470493069,Enabled,1094.34,MCH5441,5411,Private Limited,Grocery,2023-02-08 00:00:00,0,0,UQUC6317470493069,0,0,1094.34,0,0,5441,0,0,0,0,1
MCH5442,"ray, bajaj and shetty",5411,Grocery Stores,Individual,Pune,Maharashtra,01/11/2024 11:03 AM,9826997670,Enabled,₹448.90,MCH5442,5411,Individual,Grocery,2024-11-01 11:03:00,0,0,9826997670,0,0,448.9,0,0,5442,1,1,1,3,2
MCH5443,LOYAL-NARASIMHAN,7011,Hotels,individual,Kolkata,West Bengal,2023-09-12 04:07:04,VCRF1570737200411,Live,1593.65,MCH5443,7011,Individual,Hotels & Hospitality,2023-09-12 04:07:04,0,0,VCRF1570737200411,0,0,1593.65,0,0,5443,0,0,0,0,1
MCH 5444,PRADHAN-NAIR,5999,Other,SOLE-PROPRIETOR,lucknow,Uttar Pradesh,27-Jul-2024,7036093641,A,Rs. 372,MCH5444,5999,Sole Proprietor,Other Retail,2024-07-27 00:00:00,0,0,7036093641,0,0,372.0,0,0,5444,0,0,0,0,1
MCH5445,Ganesan Ltd,5311,Retail,PARTNERSHIP,Dilli,Delhi,2025/10/19,BVDS4788304098373,A,"Rs. 2,186",MCH5445,5311,Partnership,Department Stores,2025-10-19 00:00:00,0,0,BVDS4788304098373,0,0,2186.0,0,0,5445,0,0,0,0,1
MCH5447,Chhabra-Bajaj,,GROCERY_STORE,SOLE_PROPRIETOR,Hyderabad,Telangana,2025-04-08 02:41:21,3031826064,A,363.53,MCH5447,,Sole Proprietor,Unknown,2025-04-08 02:41:21,0,0,3031826064,0,0,363.53,0,0,5447,0,1,1,2,2
MCH5448,"Bala, Sha and Bera",5311,Department Store,PRIVATE-LIMITED,Bengaluru,Karnataka,08-12-2025,,Enabled,₹523.59,MCH5448,5311,Private Limited,Department Stores,2025-08-12 00:00:00,0,0,,1,0,523.59,0,0,5448,0,0,0,0,1
MCH5450,"Karnik, Karan and Boase",,Stationery,PARTNERSHIP,kolkata,West Bengal,09-09-2024,,Enabled,852.07,MCH5450,,Partnership,Unknown,2024-09-09 00:00:00,0,0,,1,0,852.07,0,0,5450,0,0,0,0,1
MCH5451,Divan LLC,5411.0,GROCERY_STORE,PARTNERSHIP,JPR,Rajasthan,2025/05/14,,ACTIVE,2492.35,MCH5451,5411,Partnership,Grocery,2025-05-14 00:00:00,0,0,,1,0,2492.35,0,0,5451,0,0,0,0,1
MCH5457,  Deol PLC  ,5942,Book Store,SOLE_PROPRIETOR,Jaipur,Rajasthan,1735564141,XXXX0292,A,"1,085.10",MCH5457,5942,Sole Proprietor,Books & Stationery,2024-12-30 13:09:01,0,0,XXXX0292,0,1,1085.1,0,0,5457,0,0,0,0,1
MCH5458,"Korpal, Venkatesh and Choudhary",7011,Hotel,individual,JPR,Rajasthan,2024-03-17 02:49:02,,Live,,MCH5458,7011,Individual,Hotels & Hospitality,2024-03-17 02:49:02,0,0,,1,0,,1,0,5458,0,0,0,0,1
MCH5459,Sachdev Ltd,5699,Clothing,sole_proprietor,BLR,Karnataka,,HQPJ1613148200279,Hold,1804.28,MCH5459,5699,Sole Proprietor,Clothing,,1,0,HQPJ1613148200279,0,0,1804.28,0,0,5459,0,0,0,0,1
MCH5465,"KEER, GILL AND TANK",MCC-4814,TELECOM,individual,JPR,Rajasthan,23/10/2023,WBGT3042878113023,ACTIVE,"Rs. 3,170",MCH5465,4814,Individual,Telecom,2023-10-23 00:00:00,0,0,WBGT3042878113023,0,0,3170.0,0,0,5465,0,0,0,0,1
MCH5467,"Kurian, Anne and Borra",4814,Mobile Recharge,INDIVIDUAL,LDH,Punjab,17-May-2024,3367286055,A,Rs. 940,MCH5467,4814,Individual,Telecom,2024-05-17 00:00:00,0,0,3367286055,0,0,940.0,0,0,5467,0,0,0,0,1
5472,Dua Group,5942,BOOKS_STATIONERY,Private Limited,Ludhiana,Punjab,09-23-2024,2328427852,Active,Rs. 778,5472,5942,Private Limited,Books & Stationery,2024-09-23 00:00:00,0,0,2328427852,0,0,778.0,0,0,5472,0,0,0,0,1
MCH5476,Buch Group,,chemist,Private Limited,Delhi,Delhi,03-08-2024,,Active,1311.87,MCH5476,,Private Limited,Unknown,2024-03-08 00:00:00,0,0,,1,0,1311.87,0,0,5476,0,0,0,0,1
MCH 5477,Mahajan Ltd,5699,CLOTHS,individual,Bengaluru,Karnataka,01-Sep-2025,CBRP2025489889025,Live,"3,690.89",MCH5477,5699,Individual,Clothing,2025-09-01 00:00:00,0,0,CBRP2025489889025,0,0,3690.89,0,0,5477,1,0,1,2,2
MCH5478,"Prashad, Tripathi and Bala",4814,TELECOM,Private Limited,JPR,Rajasthan,06-14-2024,XXXX3083,A,3789.33,MCH5478,4814,Private Limited,Telecom,2024-06-14 00:00:00,0,0,XXXX3083,0,1,3789.33,0,0,5478,0,0,0,0,1
MCH 5479,"Mukherjee, Nazareth and Palla",5812,Restaurants,SOLE-PROPRIETOR,ludhiana,Punjab,19/02/2024,XXXX2442,Enabled,,MCH5479,5812,Sole Proprietor,Food & Restaurants,2024-02-19 00:00:00,0,0,XXXX2442,0,1,,1,0,5479,0,0,0,0,1
MCH5482,"tiwari, jain and hayer",MCC-4131,transprt,sole_proprietor,Chennai,Tamil Nadu,,7104632186,ACTIVE,249.86,MCH5482,4131,Sole Proprietor,Transportation,,1,0,7104632186,0,0,249.86,0,0,5482,1,1,1,3,2
MCH 5483,Khare Inc,5311,Retail,SOLE-PROPRIETOR,Jalandhar,Punjab,2025-04-28 14:52:17,5460112584,Active,INR 827.39,MCH5483,5311,Sole Proprietor,Department Stores,2025-04-28 14:52:17,0,0,5460112584,0,0,827.39,0,0,5483,0,0,0,0,1
MCH 5484,Vasa PLC,7011.0,HOTEL_LODGING,individual,Lucknow,Uttar Pradesh,06-01-2023,KFFT4078081558704,Active,,MCH5484,7011,Individual,Hotels & Hospitality,2023-06-01 00:00:00,0,0,KFFT4078081558704,0,0,,1,0,5484,0,0,0,0,1
5488,Pradhan-Nagy,4814.0,TELECOM,PRIVATE_LIMITED,Lucknow,Uttar Pradesh,,,Enabled,"Rs. 1,893",5488,4814,Private Limited,Telecom,,1,0,,1,0,1893.0,0,0,5488,1,1,1,3,2
mch5489,NATH LTD,5311,Department Stores,INDIVIDUAL,Jaipur,Rajasthan,01-22-2025,XXXX9871,Live,3788.36,MCH5489,5311,Individual,Department Stores,2025-01-22 00:00:00,0,0,XXXX9871,0,1,3788.36,0,0,5489,0,0,0,0,1
MCH5490,"Bahl, Kakar and Dara",5699,Fashion,individual,Hyd,Telangana,2025/12/28,JQDE2976951081698,ACTIVE,1917.65,MCH5490,5699,Individual,Clothing,2025-12-28 00:00:00,0,0,JQDE2976951081698,0,0,1917.65,0,0,5490,0,0,0,0,1
MCH5493,KANT-BHANDARI,7011,Hospitality,INDIVIDUAL,Madras,Tamil Nadu,,,Active,"₹2,521.07",MCH5493,7011,Individual,Hotels & Hospitality,,1,0,,1,0,2521.07,0,0,5493,1,1,1,3,3
MCH5494,raja ltd,05942,Stationery,PARTNERSHIP,ludhiana,Punjab,19-Jul-2025,XXXX2189,A,₹209.91,MCH5494,5942,Partnership,Books & Stationery,2025-07-19 00:00:00,0,0,XXXX2189,0,1,209.91,0,0,5494,1,1,1,3,3
MCH5496,  Bhagat and Sons  ,5912,Medical,PARTNERSHIP,lucknow,Uttar Pradesh,13-Aug-2024,DOMQ3055982121356,A,-199.73,MCH5496,5912,Partnership,Pharmacy & Medical,2024-08-13 00:00:00,0,0,DOMQ3055982121356,0,0,-199.73,0,1,5496,0,1,1,2,2
MCH5497,Dayal and Sons,5999,Miscellaneous,Private Limited,DELHI,Delhi,28/04/2024 10:58 PM,XXXX0595,Enabled,1767.24,MCH5497,5999,Private Limited,Other Retail,2024-04-28 22:58:00,0,0,XXXX0595,0,1,1767.24,0,0,5497,1,1,1,3,2
5498,"Gera, Narayan and Sankaran",5311,Department Store,Partnership,Calcutta,West Bengal,10/11/2025,8296349363,ACTIVE,849.49,5498,5311,Partnership,Department Stores,2025-11-10 00:00:00,0,0,8296349363,0,0,849.49,0,0,5498,0,0,0,0,1
MCH5500,"Dubey, Tandon and Batta",4814,TELECOM,Sole Proprietor,Lucknow,Uttar Pradesh,06-Jun-2024,8963304371,Live,2211.38,MCH5500,4814,Sole Proprietor,Telecom,2024-06-06 00:00:00,0,0,8963304371,0,0,2211.38,0,0,5500,0,0,0,0,1
5502,Dutta and Sons,MCC-5311,Department Stores,partnership,Kolkata,West Bengal,2025/04/08,5772238249,ACTIVE,-595.34,5502,5311,Partnership,Department Stores,2025-04-08 00:00:00,0,0,5772238249,0,0,-595.34,0,1,5502,1,1,1,3,2
MCH 5503,Suri Ltd,4131,transprt,private_limited,kolkata,West Bengal,30/08/2024 06:32 PM,,ACTIVE,2446.68,MCH5503,4131,Private Limited,Transportation,2024-08-30 18:32:00,0,0,,1,0,2446.68,0,0,5503,0,0,0,0,1
MCH5505,Korpal Inc,4814,Telecom,INDIVIDUAL,Bombay,Maharashtra,05-05-2025,,Live,1908.25,MCH5505,4814,Individual,Telecom,2025-05-05 00:00:00,0,0,,1,0,1908.25,0,0,5505,1,1,1,3,3
MCH 5511,"Pandya, Dugar and Dube",05999,Miscellaneous,individual,delhi,Delhi,09/02/2025 08:12 AM,,Active,997.89,MCH5511,5999,Individual,Other Retail,2025-02-09 08:12:00,0,0,,1,0,997.89,0,0,5511,0,0,0,0,1
MCH5516,Muni LLC,5699,CLOTHS,Individual,kolkata,West Bengal,1763385312,,Active,"Rs. 1,139",MCH5516,5699,Individual,Clothing,2025-11-17 13:15:12,0,0,,1,0,1139.0,0,0,5516,0,0,0,0,1
MCH5518,Bhalla-Chaudhuri,5812,Food,Individual,LKO,Uttar Pradesh,19/04/2025,,Active,1038.42,MCH5518,5812,Individual,Food & Restaurants,2025-04-19 00:00:00,0,0,,1,0,1038.42,0,0,5518,1,1,1,3,2
MCH5523,Behl Inc,05699,CLOTHS,Individual,lucknow,Uttar Pradesh,1749945764,GIRV9312114208892,Active,"₹2,946.06",MCH5523,5699,Individual,Clothing,2025-06-15 00:02:44,0,0,GIRV9312114208892,0,0,2946.06,0,0,5523,0,0,0,0,1
MCH5524,"Mangat, Sanghvi and Shah",5942,Books,PARTNERSHIP,Jalandar,Punjab,2024/09/30,XXXX2255,ACTIVE,"INR 6,188.20",MCH5524,5942,Partnership,Books & Stationery,2024-09-30 00:00:00,0,0,XXXX2255,0,1,6188.2,0,0,5524,0,0,0,0,1
MCH5525,Nagy and Sons,7011,HOTEL_LODGING,partnership,Bangalore,Karnataka,29/01/2026 04:09 AM,EFCT6045045841970,A,"INR 1,141.10",MCH5525,7011,Partnership,Hotels & Hospitality,2026-01-29 04:09:00,0,0,EFCT6045045841970,0,0,1141.1,0,0,5525,0,0,0,0,1
MCH5528,"Bhagat, Sathe and Iyengar",05411,Grocery,sole_proprietor,Pune,Maharashtra,13/02/2026 11:24 AM,,Active,INR 668.43,MCH5528,5411,Sole Proprietor,Grocery,2026-02-13 11:24:00,0,0,,1,0,668.43,0,0,5528,0,0,0,0,1
MCH5529,"  Ganguly, Mukherjee and Boase  ",,groceries,private_limited,Madras,Tamil Nadu,01-Apr-2025,EMNT5419387001495,Live,Rs. 879,MCH5529,,Private Limited,Unknown,2025-04-01 00:00:00,0,0,EMNT5419387001495,0,0,879.0,0,0,5529,0,0,0,0,1
MCH5531,"Dhingra, Sangha and Sidhu",5411,Grocery,partnership,Mumbay,Maharashtra,2025/04/25,0878189587,I,-414.79,MCH5531,5411,Partnership,Grocery,2025-04-25 00:00:00,0,0,0878189587,0,0,-414.79,0,1,5531,0,0,0,0,1
MCH5538,Barad-Nigam,,Telecom,Partnership,pune,Maharashtra,2025/01/10,,Live,2223.97,MCH5538,,Partnership,Unknown,2025-01-10 00:00:00,0,0,,1,0,2223.97,0,0,5538,0,0,0,0,1
MCH5541,Sheth and Sons,05812,FOOD_SERVICES,individual,Bengaluru,Karnataka,2024-07-13 09:55:59,,ACTIVE,₹548.54,MCH5541,5812,Individual,Food & Restaurants,2024-07-13 09:55:59,0,0,,1,0,548.54,0,0,5541,0,0,0,0,1
MCH5545,  Parikh-Raja  ,5942,BOOKS_STATIONERY,SOLE-PROPRIETOR,Lucknow,Uttar Pradesh,2023/06/04,,Live,1144.37,MCH5545,5942,Sole Proprietor,Books & Stationery,2023-06-04 00:00:00,0,0,,1,0,1144.37,0,0,5545,0,0,0,0,1
MCH5546,"Brar, Rajan and Bhat",4814,phone service,Private Limited,Bengaluru,Karnataka,16-Oct-2024,,A,843.23,MCH5546,4814,Private Limited,Telecom,2024-10-16 00:00:00,0,0,,1,0,843.23,0,0,5546,1,1,1,3,2
MCH5547,RAJU GROUP,5411,Grocery Stores,Partnership,bengaluru,Karnataka,15/04/2025,,ACTIVE,₹915.94,MCH5547,5411,Partnership,Grocery,2025-04-15 00:00:00,0,0,,1,0,915.94,0,0,5547,1,0,1,2,2
MCH5549,Bahri Ltd,5812,FOOD_SERVICES,PARTNERSHIP,Madras,Tamil Nadu,2023/10/06,XXXX0036,ACTIVE,1045.04,MCH5549,5812,Partnership,Food & Restaurants,2023-10-06 00:00:00,0,0,XXXX0036,0,1,1045.04,0,0,5549,0,0,0,0,1
MCH5551,Narain-Goda,5699,Fashion,Private Limited,mumbai,Maharashtra,09/01/2026,,Live,₹817.05,MCH5551,5699,Private Limited,Clothing,2026-01-09 00:00:00,0,0,,1,0,817.05,0,0,5551,0,0,0,0,1
MCH5553,Salvi-Contractor,5411,groceries,INDIVIDUAL,Calcutta,West Bengal,03-21-2024,,A,"₹3,894.89",MCH5553,5411,Individual,Grocery,2024-03-21 00:00:00,0,0,,1,0,3894.89,0,0,5553,1,1,1,3,2
MCH 5555,"Banerjee, Kurian and Tara",4814,TELECOM,sole_proprietor,jalandhar,Punjab,05-21-2025,,Live,,MCH5555,4814,Sole Proprietor,Telecom,2025-05-21 00:00:00,0,0,,1,0,,1,0,5555,1,1,1,3,2
MCH5556,  Pau-Kale  ,5912,MEDICAL_STORE,PRIVATE-LIMITED,mumbai,Maharashtra,1698726181,FLTM9160494360696,Active,513.95,MCH5556,5912,Private Limited,Pharmacy & Medical,2023-10-31 04:23:01,0,0,FLTM9160494360696,0,0,513.95,0,0,5556,0,0,0,0,1
MCH5558,"Rao, Sidhu and Barad",7011,Hospitality,partnership,ASR,Punjab,14/09/2024,,Live,Rs. 626,MCH5558,7011,Partnership,Hotels & Hospitality,2024-09-14 00:00:00,0,0,,1,0,626.0,0,0,5558,0,0,0,0,1
MCH5559,Kata Ltd,7011,Hospitality,SOLE-PROPRIETOR,ludhiana,Punjab,,XXXX7757,Active,,MCH5559,7011,Sole Proprietor,Hotels & Hospitality,,1,0,XXXX7757,0,1,,1,0,5559,1,1,1,3,4
mch5560,"D’Alia, Dasgupta and Chakrabarti",4131.0,Transportation,sole_proprietor,jalandhar,Punjab,09/02/2023,,Inactive,1247.75,MCH5560,4131,Sole Proprietor,Transportation,2023-02-09 00:00:00,0,0,,1,0,1247.75,0,0,5560,0,0,0,0,1
MCH-5562,Savant-Narayan,4131,TRAVEL,private_limited,Hyderabad,Telangana,18-Nov-2025,1333760731,A,"INR 2,799.21",MCH5562,4131,Private Limited,Transportation,2025-11-18 00:00:00,0,0,1333760731,0,0,2799.21,0,0,5562,0,0,0,0,1
MCH5563,"Dubey, Wali and Yadav",,garments,sole_proprietor,kolkata,West Bengal,01-28-2024,5163059320,ACTIVE,"Rs. 2,198",MCH5563,,Sole Proprietor,Unknown,2024-01-28 00:00:00,0,0,5163059320,0,0,2198.0,0,0,5563,0,0,0,0,1
MCH5565,Chatterjee and Sons,5411,Grocery,SOLE-PROPRIETOR,Poona,Maharashtra,12-11-2025,NMWT6772454974745,A,1083.09,MCH5565,5411,Sole Proprietor,Grocery,2025-12-11 00:00:00,0,0,NMWT6772454974745,0,0,1083.09,0,0,5565,0,0,0,0,1
5567,D’Alia Ltd,7011,Hotel,Individual,BLR,Karnataka,2025/09/09,XXXX2596,Active,INR 271.02,5567,7011,Individual,Hotels & Hospitality,2025-09-09 00:00:00,0,0,XXXX2596,0,1,271.02,0,0,5567,1,1,1,3,3
MCH5569,"Thaman, Kar and Dass",MCC-5999,Misc Retail,SOLE-PROPRIETOR,Mumbai,Maharashtra,2026/01/27,3302815921,I,3592.34,MCH5569,5999,Sole Proprietor,Other Retail,2026-01-27 00:00:00,0,0,3302815921,0,0,3592.34,0,0,5569,0,0,0,0,1
MCH5570,"Sahni, Bala and Sharma",5999,Miscellaneous,individual,New Delhi,Delhi,2025-11-28 06:01:37,,Blocked,"₹1,506.33",MCH5570,5999,Individual,Other Retail,2025-11-28 06:01:37,0,0,,1,0,1506.33,0,0,5570,0,0,0,0,1
MCH5573,"GUHA, DAYAL AND MUTTI",5411,groceries,sole_proprietor,chennai,Tamil Nadu,,XXXX9546,Live,"₹2,684.58",MCH5573,5411,Sole Proprietor,Grocery,,1,0,XXXX9546,0,1,2684.58,0,0,5573,1,1,1,3,2
MCH5575,  Sandal LLC  ,5411,kirana,partnership,Chennai,Tamil Nadu,13-Feb-2024,XXXX5528,A,"INR 5,255.72",MCH5575,5411,Partnership,Grocery,2024-02-13 00:00:00,0,0,XXXX5528,0,1,5255.72,0,0,5575,0,0,0,0,1
MCH5576,oza plc,4131,Transportation,SOLE_PROPRIETOR,Bengaluru,Karnataka,27/07/2024,XXXX6114,ACTIVE,,MCH5576,4131,Sole Proprietor,Transportation,2024-07-27 00:00:00,0,0,XXXX6114,0,1,,1,0,5576,0,0,0,0,1
MCH5580,Chatterjee-Andra,04131,TRAVEL,PRIVATE-LIMITED,lucknow,Uttar Pradesh,01-Jan-2026,2440958731,A,512.38,MCH5580,4131,Private Limited,Transportation,2026-01-01 00:00:00,0,0,2440958731,0,0,512.38,0,0,5580,0,0,0,0,1
MCH5583,"Sama, Thaman and Bakshi",4814.0,Mobile Recharge,INDIVIDUAL,pune,Maharashtra,2023-07-21 01:11:03,XXXX8722,Enabled,2696.94,MCH5583,4814,Individual,Telecom,2023-07-21 01:11:03,0,0,XXXX8722,0,1,2696.94,0,0,5583,0,0,0,0,1
MCH5586,Andra-Sha,5699,CLOTHS,PRIVATE_LIMITED,amritsar,Punjab,03-Jul-2023,4565854983,Suspended,-349.98,MCH5586,5699,Private Limited,Clothing,2023-07-03 00:00:00,0,0,4565854983,0,0,-349.98,0,1,5586,0,0,0,0,1
mch5587,Pau-Gour,5812,Food,Private Limited,Pune,Maharashtra,1760386442,AIKN3298712438615,Active,INR 246.08,MCH5587,5812,Private Limited,Food & Restaurants,2025-10-13 20:14:02,0,0,AIKN3298712438615,0,0,246.08,0,0,5587,1,1,1,3,3
MCH5588,Divan-Yohannan,04131,transprt,individual,HYDERABAD,Telangana,,,Live,Rs. 203,MCH5588,4131,Individual,Transportation,,1,0,,1,0,203.0,0,0,5588,0,0,0,0,1
MCH 5590,"Bhandari, M0re and Bhatti",4131,TRAVEL,partnership,Pune,Maharashtra,07-Oct-2024,CXPI7064872826114,Closed,"₹2,034.57",MCH5590,4131,Partnership,Transportation,2024-10-07 00:00:00,0,0,CXPI7064872826114,0,1,2034.57,0,0,5590,0,0,0,0,1
MCH5594,Savant-Bhargava,MCC-5411,Grocery Stores,sole_proprietor,bengaluru,Karnataka,2025/01/19,1080833717,S,1235.6,MCH5594,5411,Sole Proprietor,Grocery,2025-01-19 00:00:00,0,0,1080833717,0,0,1235.6,0,0,5594,1,1,1,3,2
MCH-5595,"Menon, Ahluwalia and Mistry",7011,Hospitality,SOLE_PROPRIETOR,jaipur,Rajasthan,1770716564,,Active,INR 376.55,MCH5595,7011,Sole Proprietor,Hotels & Hospitality,2026-02-10 09:42:44,0,0,,1,0,376.55,0,0,5595,0,0,0,0,1
MCH5596,Biswas Group,5311,Retail,partnership,Bangalore,Karnataka,12-02-2024,MQQQ6004896266330,S,-464.03,MCH5596,5311,Partnership,Department Stores,2024-12-02 00:00:00,0,0,MQQQ6004896266330,0,0,-464.03,0,1,5596,0,0,0,0,1
MCH5597,"Shankar, Pandey and Sridhar",5812.0,eating place,PRIVATE-LIMITED,Lucknow,Uttar Pradesh,,,Active,INR 380.65,MCH5597,5812,Private Limited,Food & Restaurants,,1,0,,1,0,380.65,0,0,5597,0,0,0,0,1
MCH5598,"Thakur, Verma and Venkataraman",5912,chemist,INDIVIDUAL,jalandhar,Punjab,13/09/2023,,Enabled,"INR 2,948.79",MCH5598,5912,Individual,Pharmacy & Medical,2023-09-13 00:00:00,0,0,,1,0,2948.79,0,0,5598,0,0,0,0,1
MCH-5599,Peri-Bhatti,05942,Book Store,INDIVIDUAL,Mumbay,Maharashtra,06/06/2023 05:11 AM,,Active,8103.17,MCH5599,5942,Individual,Books & Stationery,2023-06-06 05:11:00,0,0,,1,0,8103.17,0,0,5599,0,0,0,0,1
MCH5601,Raj-Gopal,7011,Hotels,Private Limited,Jalandhar,Punjab,17/05/2024 10:26 PM,6301334461,Live,,MCH5601,7011,Private Limited,Hotels & Hospitality,2024-05-17 22:26:00,0,0,6301334461,0,0,,1,0,5601,0,0,0,0,1
MCH-5602,Kaul PLC,5411,Grocery Stores,private_limited,Hyderabad,Telangana,05-17-2023,2312889197,Inactive,469.06,MCH5602,5411,Private Limited,Grocery,2023-05-17 00:00:00,0,0,2312889197,0,0,469.06,0,0,5602,0,0,0,0,1
MCH5603,Saha-Sahota,,Restaurants,PARTNERSHIP,mumbai,Maharashtra,2025-09-12 13:03:44,XXXX8202,Active,"₹1,242.85",MCH5603,,Partnership,Unknown,2025-09-12 13:03:44,0,0,XXXX8202,0,1,1242.85,0,0,5603,0,0,0,0,1
MCH5606,Sunder Inc,,Hospitality,partnership,Ludhiana,Punjab,25/06/2023,TYTS3020219689289,ACTIVE,965.69,MCH5606,,Partnership,Unknown,2023-06-25 00:00:00,0,0,TYTS3020219689289,0,0,965.69,0,0,5606,1,0,0,1,2
5607,Sengupta-Murty,5942,Books,SOLE_PROPRIETOR,delhi,Delhi,05/10/2023,GVNH6755841589954,Live,"2,739.15",5607,5942,Sole Proprietor,Books & Stationery,2023-10-05 00:00:00,0,0,GVNH6755841589954,0,0,2739.15,0,0,5607,1,1,1,3,2
MCH5608,raman-behl,5812.0,Food,individual,ASR,Punjab,05/10/2023,,Enabled,251.88,MCH5608,5812,Individual,Food & Restaurants,2023-10-05 00:00:00,0,0,,1,0,251.88,0,0,5608,0,0,0,0,1
MCH5611,"Bawa, Grewal and Chakrabarti",5311,Department Stores,PARTNERSHIP,mumbai,Maharashtra,,,ACTIVE,Rs. 764,MCH5611,5311,Partnership,Department Stores,,1,0,,1,0,764.0,0,0,5611,1,0,1,2,2
MCH5618,Mital-Sandhu,5411,Grocery Stores,PARTNERSHIP,Poona,Maharashtra,,4978324715,Live,Rs. 862,MCH5618,5411,Partnership,Grocery,,1,0,4978324715,0,0,862.0,0,0,5618,1,0,1,2,2
5619,"Iyer, Lata and Bhatnagar",4131,transprt,PARTNERSHIP,Bengaluru,Karnataka,09/07/2025,XXXX4930,ACTIVE,"Rs. 5,962",5619,4131,Partnership,Transportation,2025-07-09 00:00:00,0,0,XXXX4930,0,1,5962.0,0,0,5619,0,0,0,0,1
MCH5622,"Biswas, Shetty and Nazareth",5912.0,Pharmacy,partnership,lucknow,Uttar Pradesh,13/11/2025,,Enabled,"1,250.67",MCH5622,5912,Partnership,Pharmacy & Medical,2025-11-13 00:00:00,0,0,,1,0,1250.67,0,0,5622,1,1,1,3,2
MCH5626,"Borah, Bedi and Khalsa",7011,Hotel,SOLE-PROPRIETOR,HYDERABAD,Telangana,2026/02/25,,Hold,1422.38,MCH5626,7011,Sole Proprietor,Hotels & Hospitality,2026-02-25 00:00:00,0,0,,1,0,1422.38,0,0,5626,0,0,0,0,1
MCH5627,"SRIDHAR, YOGI AND PANCHAL",5411,GROCERY_STORE,sole_proprietor,JPR,Rajasthan,2025/09/23,,Enabled,Rs. 483,MCH5627,5411,Sole Proprietor,Grocery,2025-09-23 00:00:00,0,0,,1,0,483.0,0,0,5627,0,0,0,0,1
MCH 5629,Barman Ltd,4131.0,Transport,PARTNERSHIP,New Delhi,Delhi,16/10/2024 08:12 PM,,Enabled,"₹1,135.33",MCH5629,4131,Partnership,Transportation,2024-10-16 20:12:00,0,0,,1,0,1135.33,0,0,5629,1,1,1,3,2
MCH 5630,Srinivas-Doshi,7011,Hotels,SOLE_PROPRIETOR,Amritsar,Punjab,28-Apr-2023,BCPS7283289501457,Closed,"₹2,338.55",MCH5630,7011,Sole Proprietor,Hotels & Hospitality,2023-04-28 00:00:00,0,0,BCPS7283289501457,0,0,2338.55,0,0,5630,0,0,0,0,1
MCH5631,"Bhattacharyya, Behl and Barad",5699,CLOTHS,SOLE_PROPRIETOR,Bangalore,Karnataka,1756573001,XXXX1656,ACTIVE,Rs. 857,MCH5631,5699,Sole Proprietor,Clothing,2025-08-30 16:56:41,0,0,XXXX1656,0,1,857.0,0,0,5631,1,0,1,2,2
MCH 5632,  Tandon Ltd  ,05311,DEPT_STORE,sole_proprietor,Bangalore,Karnataka,2025-05-29 12:56:08,,Active,INR 270.52,MCH5632,5311,Sole Proprietor,Department Stores,2025-05-29 12:56:08,0,0,,1,0,270.52,0,0,5632,0,0,0,0,1
MCH5637,Desai-Sankaran,MCC-5942,BOOKS_STATIONERY,Individual,kolkata,West Bengal,05/12/2025,,Active,-485.95,MCH5637,5942,Individual,Books & Stationery,2025-12-05 00:00:00,0,0,,1,0,-485.95,0,1,5637,1,1,1,3,2
MCH5639,"Viswanathan, Gupta and Varghese",7011,Hotel,sole_proprietor,Bombay,Maharashtra,2023/09/02,,Enabled,"Rs. 2,712",MCH5639,7011,Sole Proprietor,Hotels & Hospitality,2023-09-02 00:00:00,0,0,,1,0,2712.0,0,0,5639,0,0,0,0,1
MCH5641,"Kant, Raju and Sandal",5999,Miscellaneous,PARTNERSHIP,Poona,Maharashtra,30-May-2025,XXXX4214,INACTIVE,"INR 2,474.31",MCH5641,5999,Partnership,Other Retail,2025-05-30 00:00:00,0,0,XXXX4214,0,1,2474.31,0,0,5641,1,0,1,2,2
MCH5642,Ganguly-Kalla,MCC-5912,Pharmacy,PRIVATE-LIMITED,Jalandar,Punjab,2025/11/19,9623880565,Enabled,-870.56,MCH5642,5912,Private Limited,Pharmacy & Medical,2025-11-19 00:00:00,0,0,9623880565,0,0,-870.56,0,1,5642,1,1,1,3,2
MCH5644,Prabhu-Chaudhry,5699,Clothing,individual,Hyderabad,Telangana,09/05/2025 08:50 PM,ZHTO8764288741052,A,-2643.86,MCH5644,5699,Individual,Clothing,2025-05-09 20:50:00,0,0,ZHTO8764288741052,0,0,-2643.86,0,1,5644,0,0,0,0,1
mch5645,Dey Ltd,4814,Telecom,PRIVATE-LIMITED,Jalandhar,Punjab,12-18-2025,9437173245,Live,"₹1,164.31",MCH5645,4814,Private Limited,Telecom,2025-12-18 00:00:00,0,0,9437173245,0,0,1164.31,0,0,5645,0,0,0,0,1
5646,badal-anand,4814,phone service,Private Limited,mumbai,Maharashtra,05/06/2025 11:31 PM,XXXX0079,Enabled,"4,606.04",5646,4814,Private Limited,Telecom,2025-06-05 23:31:00,0,0,XXXX0079,0,1,4606.04,0,0,5646,1,1,1,3,2
MCH5648,Jain-Bera,5912,chemist,Sole Proprietor,Ludhiana,Punjab,,,Inactive,"₹1,745.30",MCH5648,5912,Sole Proprietor,Pharmacy & Medical,,1,0,,1,0,1745.3,0,0,5648,1,1,1,3,3
MCH5652,"Borde, Bhasin and Dua",5411,groceries,INDIVIDUAL,mumbai,Maharashtra,2023/12/10,XXXX7597,Active,-669.05,MCH5652,5411,Individual,Grocery,2023-12-10 00:00:00,0,0,XXXX7597,0,1,-669.05,0,1,5652,0,0,0,0,1
MCH5656,Sen-Dube,5942,BOOKS_STATIONERY,partnership,Poona,Maharashtra,05-03-2024,XTPH3643560347441,Inactive,1139.41,MCH5656,5942,Partnership,Books & Stationery,2024-05-03 00:00:00,0,0,XTPH3643560347441,0,1,1139.41,0,0,5656,1,0,1,2,2
MCH5657,Natt-Goel,5999,Miscellaneous,individual,Dilli,Delhi,,,Enabled,"Rs. 1,355",MCH5657,5999,Individual,Other Retail,,1,0,,1,0,1355.0,0,0,5657,0,0,0,0,1
MCH5660,Sama LLC,UNKNOWN,CLOTHS,PRIVATE_LIMITED,LKO,Uttar Pradesh,,,ACTIVE,"₹18,060.85",MCH5660,,Private Limited,Unknown,,1,0,,1,0,18060.85,0,0,5660,1,1,0,2,2
MCH5662,Kannan-Yogi,4131,transprt,individual,Madras,Tamil Nadu,2025/08/01,,Active,"1,393.63",MCH5662,4131,Individual,Transportation,2025-08-01 00:00:00,0,0,,1,0,1393.63,0,0,5662,0,1,1,2,2
MCH5663,"goyal, brahmbhatt and raja",5912.0,MEDICAL_STORE,INDIVIDUAL,Ludhiana,Punjab,31/05/2023,,Hold,2417.27,MCH5663,5912,Individual,Pharmacy & Medical,2023-05-31 00:00:00,0,0,,1,0,2417.27,0,0,5663,0,0,0,0,1
5664,"Om, Kari and Pandit",5812,eating place,PARTNERSHIP,Hyd,Telangana,15/07/2024,7995815997,I,"₹6,853.27",5664,5812,Partnership,Food & Restaurants,2024-07-15 00:00:00,0,0,7995815997,0,0,6853.27,0,0,5664,0,0,0,0,1
MCH5665,"Parikh, Ray and Lall",5942,Stationery,PARTNERSHIP,jaipur,Rajasthan,12-Sep-2023,XXXX1393,Live,"Rs. 1,428",MCH5665,5942,Partnership,Books & Stationery,2023-09-12 00:00:00,0,0,XXXX1393,0,1,1428.0,0,0,5665,0,0,0,0,1
MCH 5669,"Sodhi, Luthra and Batta",5812,Restaurants,private_limited,Jalandhar,Punjab,2025-10-08 07:29:30,XXXX1040,Enabled,1557.34,MCH5669,5812,Private Limited,Food & Restaurants,2025-10-08 07:29:30,0,0,XXXX1040,0,1,1557.34,0,0,5669,0,0,0,0,1
MCH 5671,Bava-Arya,5699,Fashion,Private Limited,HYDERABAD,Telangana,18/11/2023 10:06 PM,SNRX5730951285773,Live,"₹2,123.47",MCH5671,5699,Private Limited,Clothing,2023-11-18 22:06:00,0,0,SNRX5730951285773,0,1,2123.47,0,0,5671,0,0,0,0,1
MCH5673,Palan-Memon,4131,Bus/Taxi,Sole Proprietor,Delhi,Delhi,16-Sep-2023,5428187851,Live,414.92,MCH5673,4131,Sole Proprietor,Transportation,2023-09-16 00:00:00,0,0,5428187851,0,0,414.92,0,0,5673,0,0,0,0,1
MCH-5674,"Chhabra, Samra and Ghosh",04131,transprt,Partnership,Mumbai,Maharashtra,,,Live,1727.77,MCH5674,4131,Partnership,Transportation,,1,0,,1,0,1727.77,0,0,5674,0,0,0,0,1
MCH-5676,"BHATTI, CHAHAL AND MISHRA",5311,Retail,INDIVIDUAL,jalandhar,Punjab,1752558320,9996182575,A,₹744.63,MCH5676,5311,Individual,Department Stores,2025-07-15 05:45:20,0,0,9996182575,0,0,744.63,0,0,5676,1,1,1,3,2
MCH 5678,Bhat-Borra,5912,MEDICAL_STORE,Private Limited,ASR,Punjab,08/06/2024,5991796313,Live,INR 677.93,MCH5678,5912,Private Limited,Pharmacy & Medical,2024-06-08 00:00:00,0,0,5991796313,0,0,677.93,0,0,5678,1,0,1,2,2
MCH5683,"ramesh, bhalla and murthy",4131,transprt,private_limited,kolkata,West Bengal,02/12/2025,,Active,"Rs. 3,635",MCH5683,4131,Private Limited,Transportation,2025-12-02 00:00:00,0,0,,1,0,3635.0,0,0,5683,1,1,1,3,5
MCH5684,Dua-Ghose,5311,Department Stores,PARTNERSHIP,pune,Maharashtra,07/10/2024 04:56 AM,,Active,465.0,MCH5684,5311,Partnership,Department Stores,2024-10-07 04:56:00,0,0,,1,0,465.0,0,0,5684,1,1,1,3,2
MCH5687,"Prasad, Tank and Char",04131,Transport,individual,ludhiana,Punjab,,XXXX6544,A,₹487.38,MCH5687,4131,Individual,Transportation,,1,0,XXXX6544,0,1,487.38,0,0,5687,0,0,0,0,1
mch5695,Divan Inc,5699,CLOTHS,individual,HYDERABAD,Telangana,2025-08-20 19:03:23,6474425874,Active,,MCH5695,5699,Individual,Clothing,2025-08-20 19:03:23,0,0,6474425874,0,0,,1,0,5695,0,0,0,0,1
MCH5696,Mittal Group,5411.0,Grocery,PRIVATE-LIMITED,Chennai,Tamil Nadu,05-18-2024,,Active,"₹2,595.13",MCH5696,5411,Private Limited,Grocery,2024-05-18 00:00:00,0,0,,1,0,2595.13,0,0,5696,0,0,0,0,1
MCH5697,"Kapadia, Sharma and Maharaj",,Retail Other,partnership,Poona,Maharashtra,27/08/2023,IHYO1132265068472,Live,4565.23,MCH5697,,Partnership,Unknown,2023-08-27 00:00:00,0,0,IHYO1132265068472,0,0,4565.23,0,0,5697,0,0,0,0,1
MCH5698,Rana Ltd,5942,Stationery,PRIVATE-LIMITED,chennai,Tamil Nadu,07-Jan-2025,,Enabled,"₹2,808.27",MCH5698,5942,Private Limited,Books & Stationery,2025-01-07 00:00:00,0,0,,1,0,2808.27,0,0,5698,0,0,0,0,1
MCH5701,"Lad, Thakkar and Nazareth",4131,Bus/Taxi,Private Limited,Calcutta,West Bengal,,XXXX7572,A,1254.73,MCH5701,4131,Private Limited,Transportation,,1,0,XXXX7572,0,1,1254.73,0,0,5701,0,0,0,0,1
MCH5704,Biswas-Yohannan,7011,Hotel,SOLE-PROPRIETOR,Calcutta,West Bengal,,XXXX3443,A,₹751.57,MCH5704,7011,Sole Proprietor,Hotels & Hospitality,,1,0,XXXX3443,0,1,751.57,0,0,5704,1,0,1,2,3
mch5705,"PALAN, BHARGAVA AND JAGGI",4131,Transport,INDIVIDUAL,Lucknow,Uttar Pradesh,2026/02/05,,Active,1360.45,MCH5705,4131,Individual,Transportation,2026-02-05 00:00:00,0,0,,1,0,1360.45,0,0,5705,1,1,1,3,2
MCH5707,varughese-hegde,,TELECOM,PRIVATE-LIMITED,lucknow,Uttar Pradesh,2025-07-12 22:37:37,VFHE9510842870262,ACTIVE,,MCH5707,,Private Limited,Unknown,2025-07-12 22:37:37,0,0,VFHE9510842870262,0,0,,1,0,5707,1,1,1,3,3
MCH5709,shroff-mukherjee,4814,Telecom,private_limited,jaipur,Rajasthan,2024-11-10 18:13:32,FPQT8539252763493,ACTIVE,₹668.22,MCH5709,4814,Private Limited,Telecom,2024-11-10 18:13:32,0,0,FPQT8539252763493,0,0,668.22,0,0,5709,0,0,0,0,1
mch5710,Karnik Ltd,5942,Book Store,partnership,jaipur,Rajasthan,2025/12/24,4751773025,Enabled,"INR 2,156.34",MCH5710,5942,Partnership,Books & Stationery,2025-12-24 00:00:00,0,0,4751773025,0,0,2156.34,0,0,5710,0,0,0,0,1
MCH5712,Goda-Kashyap,5942.0,books,private_limited,Amritsar,Punjab,12-Jan-2025,ILKC7960163227117,Active,,MCH5712,5942,Private Limited,Books & Stationery,2025-01-12 00:00:00,0,0,ILKC7960163227117,0,0,,1,0,5712,0,0,0,0,2
mch5715,"Bansal,AryaandBhat",5912,Pharmacy,private_limited,Bangalore,Karnataka,20-Jan-2025,,Active,"₹1,290.00",MCH5715,5912,Private Limited,Pharmacy & Medical,2025-01-20 00:00:00,0,0,,1,0,1290.0,0,0,5715,0,0,0,0,1
MCH5716,nadig inc,4814,phone service,individual,Madras,Tamil Nadu,1750946998,,Live,"INR 1,811.84",MCH5716,4814,Individual,Telecom,2025-06-26 14:09:58,0,0,,1,0,1811.84,0,0,5716,0,0,0,0,1
mch5717,"Kuruvilla, Deol and Rama",5942,Stationery,SOLE_PROPRIETOR,jaipur,Rajasthan,16/05/2023 11:01 PM,,Active,8901.44,MCH5717,5942,Sole Proprietor,Books & Stationery,2023-05-16 23:01:00,0,0,,1,0,8901.44,0,0,5717,0,0,0,0,1
MCH 5720,Karnik Group,MCC-5942,Books,PARTNERSHIP,amritsar,Punjab,28/10/2023,9007561693,A,6186.34,MCH5720,5942,Partnership,Books & Stationery,2023-10-28 00:00:00,0,0,9007561693,0,0,6186.34,0,0,5720,0,0,0,0,1
MCH5722,Kant-Gara,7011,Hospitality,PARTNERSHIP,lucknow,Uttar Pradesh,16/12/2024,3048409027,A,"INR 1,451.76",MCH5722,7011,Partnership,Hotels & Hospitality,2024-12-16 00:00:00,0,0,3048409027,0,0,1451.76,0,0,5722,0,0,0,0,1
5723,Doctor LLC,,GROCERY_STORE,PRIVATE_LIMITED,Calcutta,West Bengal,2023/04/08,XXXX6555,Enabled,-574.8,5723,,Private Limited,Unknown,2023-04-08 00:00:00,0,0,XXXX6555,0,1,-574.8,0,1,5723,0,0,0,0,1
MCH5727,"Sandal, Deshmukh and Lata",5699,Clothing,PARTNERSHIP,Bangalore,Karnataka,2024-04-21 23:21:20,9631209751,A,411.34,MCH5727,5699,Partnership,Clothing,2024-04-21 23:21:20,0,0,9631209751,0,0,411.34,0,0,5727,0,0,0,0,1
MCH5734,BALAN INC,5311,Department Store,Private Limited,jalandhar,Punjab,20-May-2025,,Enabled,2000.53,MCH5734,5311,Private Limited,Department Stores,2025-05-20 00:00:00,0,0,,1,0,2000.53,0,0,5734,0,0,0,0,1
MCH5736,Agate LLC,MCC-4131,transprt,SOLE-PROPRIETOR,delhi,Delhi,16-Apr-2023,XXXX7731,A,"₹3,557.14",MCH5736,4131,Sole Proprietor,Transportation,2023-04-16 00:00:00,0,0,XXXX7731,0,1,3557.14,0,0,5736,0,0,0,0,1
mch5737,"Mangat, Parmer and Khosla",5311.0,DEPT_STORE,sole_proprietor,Poona,Maharashtra,,ERHY5292307870912,Live,2850.24,MCH5737,5311,Sole Proprietor,Department Stores,,1,0,ERHY5292307870912,0,0,2850.24,0,0,5737,1,1,1,3,4
MCH 5740,  Dayal-Desai  ,5699,CLOTHS,SOLE-PROPRIETOR,chennai,Tamil Nadu,10/04/2025,,Enabled,"Rs. 4,887",MCH5740,5699,Sole Proprietor,Clothing,2025-04-10 00:00:00,0,0,,1,0,4887.0,0,0,5740,0,0,0,0,1
MCH5741,Rajagopalan PLC,5942,BOOKS_STATIONERY,INDIVIDUAL,Hyd,Telangana,2025-10-29 08:07:02,2788746336,Disabled,1562.28,MCH5741,5942,Individual,Books & Stationery,2025-10-29 08:07:02,0,0,2788746336,0,0,1562.28,0,0,5741,1,0,1,2,2
MCH5744,Dalal-Lall,07011,Hospitality,PRIVATE-LIMITED,chennai,Tamil Nadu,05-31-2023,XXXX1007,Live,3350.6,MCH5744,7011,Private Limited,Hotels & Hospitality,2023-05-31 00:00:00,0,0,XXXX1007,0,1,3350.6,0,0,5744,0,0,0,0,1
MCH-5745,Sawhney-Apte,,chemist,private_limited,delhi,Delhi,1749009414,6957896911,A,2109.42,MCH5745,,Private Limited,Unknown,2025-06-04 03:56:54,0,0,6957896911,0,0,2109.42,0,0,5745,1,1,1,3,3
MCH5747,"NARASIMHAN, DOSHI AND PALL",5812.0,Food,PRIVATE-LIMITED,Calcutta,West Bengal,05/08/2025,XXXX9034,Live,"4,280.12",MCH5747,5812,Private Limited,Food & Restaurants,2025-08-05 00:00:00,0,0,XXXX9034,0,1,4280.12,0,0,5747,0,0,0,0,1
MCH5749,"Bir, Sibal and Arya",5942,Stationery,partnership,Mumbay,Maharashtra,2024-05-10 03:51:33,,Active,1490.24,MCH5749,5942,Partnership,Books & Stationery,2024-05-10 03:51:33,0,0,,1,0,1490.24,0,0,5749,1,1,1,3,3
5753,"Nair, Pai and Issac",,garments,INDIVIDUAL,Mumbai,Maharashtra,01-29-2026,VEQN2292788694850,Active,1860.02,5753,,Individual,Unknown,2026-01-29 00:00:00,0,0,VEQN2292788694850,0,0,1860.02,0,0,5753,1,1,1,3,3
mch5758,"aggarwal, hayer and nayar",5999,Retail Other,individual,ASR,Punjab,09-22-2023,XXXX0401,A,3630.79,MCH5758,5999,Individual,Other Retail,2023-09-22 00:00:00,0,0,XXXX0401,0,1,3630.79,0,0,5758,0,0,0,0,1
MCH5762,Hayre and Sons,5942,BOOKS_STATIONERY,SOLE_PROPRIETOR,Calcutta,West Bengal,2024-01-05 06:19:29,XXXX2767,ACTIVE,INR 823.98,MCH5762,5942,Sole Proprietor,Books & Stationery,2024-01-05 06:19:29,0,0,XXXX2767,0,1,823.98,0,0,5762,1,1,1,3,2
MCH5765,Murty Inc,4131,Transport,Partnership,Mumbay,Maharashtra,18-Jul-2025,,A,"INR 2,715.83",MCH5765,4131,Partnership,Transportation,2025-07-18 00:00:00,0,0,,1,0,2715.83,0,0,5765,0,0,0,0,1
MCH 5766,Varkey-Datta,4814.0,Telecom,Private Limited,Mumbai,Maharashtra,02-18-2024,,Enabled,-1162.56,MCH5766,4814,Private Limited,Telecom,2024-02-18 00:00:00,0,0,,1,0,-1162.56,0,1,5766,0,0,0,0,1
mch5767,pandya inc,4814,TELECOM,individual,jaipur,Rajasthan,09-Jan-2024,6172553008,A,793.79,MCH5767,4814,Individual,Telecom,2024-01-09 00:00:00,0,0,6172553008,0,0,793.79,0,0,5767,0,0,0,0,1
MCH5768,Minhas Gr0up,UNKNOWN,Telecom,sole_proprietor,Hyderabad,Telangana,09-08-2023,BVES3790408976679,Active,"1,396.68",MCH5768,,Sole Proprietor,Unknown,2023-09-08 00:00:00,0,0,BVES3790408976679,0,0,1396.68,0,0,5768,1,0,1,2,2
MCH5770,kari llc,5912,Medical,Private Limited,HYDERABAD,Telangana,1738147097,,Active,573.41,MCH5770,5912,Private Limited,Pharmacy & Medical,2025-01-29 10:38:17,0,0,,1,0,573.41,0,0,5770,0,0,0,0,1
MCH-5775,SRINIVAS LTD,05311,Department Store,INDIVIDUAL,kolkata,West Bengal,1761994211,AIEV2153769743983,Enabled,"INR 7,152.05",MCH5775,5311,Individual,Department Stores,2025-11-01 10:50:11,0,0,AIEV2153769743983,0,0,7152.05,0,0,5775,1,0,1,2,2
MCH-5776,Varma-Bahri,5699,garments,INDIVIDUAL,MUMBAI,Maharashtra,04-10-2025,0509545143,Inactive,807.85,MCH5776,5699,Individual,Clothing,2025-04-10 00:00:00,0,0,0509545143,0,0,807.85,0,0,5776,1,1,1,3,2
MCH5777,Dubey and Sons,5999,Retail Other,Individual,Bangalore,Karnataka,01/12/2025 07:34 PM,,INACTIVE,4320.83,MCH5777,5999,Individual,Other Retail,2025-12-01 19:34:00,0,0,,1,0,4320.83,0,0,5777,0,0,0,0,1
mch5780,"Kumar, Bedi and Borah",5942,Stationery,INDIVIDUAL,Bangalore,Karnataka,12/01/2025 06:36 PM,,Inactive,845.88,MCH5780,5942,Individual,Books & Stationery,2025-01-12 18:36:00,0,0,,1,0,845.88,0,0,5780,1,1,1,3,3
MCH5781,Bava and Sons,7011,Hospitality,Partnership,HYDERABAD,Telangana,1711274173,,A,"2,364.14",MCH5781,7011,Partnership,Hotels & Hospitality,2024-03-24 09:56:13,0,0,,1,0,2364.14,0,0,5781,0,0,0,0,1
MCH5784,"Kakar, Palla and Vyas",5699,garments,PRIVATE-LIMITED,Jalandhar,Punjab,2024-06-01 22:17:58,,Live,220.77,MCH5784,5699,Private Limited,Clothing,2024-06-01 22:17:58,0,0,,1,0,220.77,0,0,5784,0,0,0,0,1
mch5785,Vohra Inc,5699,CLOTHS,PARTNERSHIP,mumbai,Maharashtra,25/06/2023,6460565959,Active,1694.59,MCH5785,5699,Partnership,Clothing,2023-06-25 00:00:00,0,0,6460565959,0,0,1694.59,0,0,5785,0,0,0,0,1
5786,"Bhasin, Manda1 and Tank",4131,Bus/Taxi,INDIVIDUAL,Kolkata,West Bengal,02/08/2025,2599782072,INACTIVE,1913.26,5786,4131,Individual,Transportation,2025-08-02 00:00:00,0,0,2599782072,0,0,1913.26,0,0,5786,0,0,0,0,1
MCH5787,Bassi Inc,MCC-7011,HOTEL_LODGING,SOLE_PROPRIETOR,Bombay,Maharashtra,2025/06/24,XXXX0298,Enabled,555.97,MCH5787,7011,Sole Proprietor,Hotels & Hospitality,2025-06-24 00:00:00,0,0,XXXX0298,0,1,555.97,0,0,5787,0,0,0,0,1
mch5790,  Devi and Sons  ,5942,Stationery,partnership,JPR,Rajasthan,1717378536,LANA4621044039956,ACTIVE,"₹8,961.20",MCH5790,5942,Partnership,Books & Stationery,2024-06-03 01:35:36,0,0,LANA4621044039956,0,0,8961.2,0,0,5790,0,0,0,0,1
mch5792,"bava, krish and ghose",4131,Bus/Taxi,partnership,Amritsar,Punjab,09/07/2024,0878817279,Hold,1136.54,MCH5792,4131,Partnership,Transportation,2024-07-09 00:00:00,0,0,0878817279,0,0,1136.54,0,0,5792,0,0,0,0,1
MCH5793,  Pathak Group  ,4131,Bus/Taxi,Individual,Mumbai,Maharashtra,2025/04/27,5675595225,Active,"INR 1,570.70",MCH5793,4131,Individual,Transportation,2025-04-27 00:00:00,0,0,5675595225,0,0,1570.7,0,0,5793,0,0,1,1,2
mch5794,Gulati and Sons,5999,Other,PRIVATE_LIMITED,BLR,Karnataka,2024-07-18 15:31:05,,Active,₹614.67,MCH5794,5999,Private Limited,Other Retail,2024-07-18 15:31:05,0,0,,1,0,614.67,0,0,5794,0,0,0,0,1
MCH5795,"Sunder, Bera and Srinivas",7011,HOTEL_LODGING,PRIVATE_LIMITED,Calcutta,West Bengal,19/05/2023 05:04 PM,,ACTIVE,Rs. 167,MCH5795,7011,Private Limited,Hotels & Hospitality,2023-05-19 17:04:00,0,0,,1,0,167.0,0,0,5795,0,0,0,0,1
MCH5797,Bhatt Ltd,5942.0,BOOKS_STATIONERY,individual,chennai,Tamil Nadu,,XXXX5629,ACTIVE,"Rs. 1,641",MCH5797,5942,Individual,Books & Stationery,,1,0,XXXX5629,0,1,1641.0,0,0,5797,0,0,1,1,2
MCH5798,DIVAN-MAHAL,5812,eating place,Individual,Jaipur,Rajasthan,19/02/2023,1492699438,ACTIVE,₹110.98,MCH5798,5812,Individual,Food & Restaurants,2023-02-19 00:00:00,0,0,1492699438,0,0,110.98,0,0,5798,0,0,0,0,1
MCH5799,Nagar Inc,7011,Hotel,private_limited,Jalandhar,Punjab,16/02/2026,RWJB2008792112548,Enabled,INR 209.08,MCH5799,7011,Private Limited,Hotels & Hospitality,2026-02-16 00:00:00,0,0,RWJB2008792112548,0,0,209.08,0,0,5799,0,1,1,2,2
MCH5801,"Narasimhan, Grewal and Vora",MCC-4131,Transportation,PRIVATE-LIMITED,Dilli,Delhi,2023/08/08,,Live,1697.55,MCH5801,4131,Private Limited,Transportation,2023-08-08 00:00:00,0,0,,1,0,1697.55,0,0,5801,0,0,0,0,1
MCH5805,natarajan-walla,04131,Bus/Taxi,PARTNERSHIP,ludhiana,Punjab,2025-06-03 12:56:57,XXXX1704,Active,₹449.15,MCH5805,4131,Partnership,Transportation,2025-06-03 12:56:57,0,0,XXXX1704,0,1,449.15,0,0,5805,0,0,0,0,1
MCH5807,  Madan Ltd  ,5311,Department Store,SOLE-PROPRIETOR,Jalandar,Punjab,06/11/2023,XXXX1600,ACTIVE,1974.14,MCH5807,5311,Sole Proprietor,Department Stores,2023-11-06 00:00:00,0,0,XXXX1600,0,1,1974.14,0,0,5807,0,0,0,0,1
MCH5809,Buch PLC,4131,Bus/Taxi,INDIVIDUAL,BLR,Karnataka,22/01/2025,,Live,INR 461.99,MCH5809,4131,Individual,Transportation,2025-01-22 00:00:00,0,0,,1,0,461.99,0,0,5809,1,0,1,2,2
MCH 5812,aurora and sons,7011,Hotel,Sole Proprietor,HYDERABAD,Telangana,03-03-2024,7984668048,ACTIVE,410.12,MCH5812,7011,Sole Proprietor,Hotels & Hospitality,2024-03-03 00:00:00,0,0,7984668048,0,0,410.12,0,0,5812,0,0,0,0,1
MCH5813,Nair Inc,4814,Mobile Recharge,Sole Proprietor,Chennai,Tamil Nadu,,,A,1408.29,MCH5813,4814,Sole Proprietor,Telecom,,1,0,,1,0,1408.29,0,0,5813,0,0,0,0,1
MCH5822,Gandhi-Krish,5311.0,Retail,Sole Proprietor,Bangalore,Karnataka,10/02/2023,7874103727,ACTIVE,1268.39,MCH5822,5311,Sole Proprietor,Department Stores,2023-02-10 00:00:00,0,0,7874103727,0,0,1268.39,0,0,5822,0,0,0,0,1
MCH5823,Sen LLC,4814,phone service,sole_proprietor,pune,Maharashtra,30/08/2024 01:05 AM,,A,"7,119.48",MCH5823,4814,Sole Proprietor,Telecom,2024-08-30 01:05:00,0,0,,1,0,7119.48,0,0,5823,1,0,1,2,2
MCH5825,Bhardwaj-Sachdeva,5942,Stationery,PARTNERSHIP,Bangalore,Karnataka,2024-05-17 00:03:40,,Live,-1108.32,MCH5825,5942,Partnership,Books & Stationery,2024-05-17 00:03:40,0,0,,1,0,-1108.32,0,1,5825,0,0,0,0,1
MCH5829,BATTA LTD,5812,Food,SOLE_PROPRIETOR,jalandhar,Punjab,11-07-2024,SFSR8195478520780,SUSPENDED,₹690.13,MCH5829,5812,Sole Proprietor,Food & Restaurants,2024-11-07 00:00:00,0,0,SFSR8195478520780,0,0,690.13,0,0,5829,1,0,1,2,3
MCH5831,KIBE INC,MCC-4814,TELECOM,Sole Proprietor,Ludhiana,Punjab,2024-01-21 16:49:33,,Live,"INR 2,267.19",MCH5831,4814,Sole Proprietor,Telecom,2024-01-21 16:49:33,0,0,,1,0,2267.19,0,0,5831,0,0,0,0,1
MCH5833,Deep and Sons,5411,Grocery,partnership,jaipur,Rajasthan,04/04/2024,,Enabled,"₹4,335.22",MCH5833,5411,Partnership,Grocery,2024-04-04 00:00:00,0,0,,1,0,4335.22,0,0,5833,0,0,0,0,1
MCH-5834,Sundaram-Sarkar,5812,Food,Partnership,Hyderabad,Telangana,27/07/2025,XXXX6821,A,"₹1,502.09",MCH5834,5812,Partnership,Food & Restaurants,2025-07-27 00:00:00,0,0,XXXX6821,0,1,1502.09,0,0,5834,0,0,0,0,1
MCH5835,"  Kanda, Saraf and Prashad  ",5699,Fashion,sole_proprietor,jalandhar,Punjab,2023/03/06,,A,622.64,MCH5835,5699,Sole Proprietor,Clothing,2023-03-06 00:00:00,0,0,,1,0,622.64,0,0,5835,0,0,0,0,1
MCH5841,Nori Group,5912,Medical,sole_proprietor,mumbai,Maharashtra,11/01/2023 06:18 AM,,Enabled,466.44,MCH5841,5912,Sole Proprietor,Pharmacy & Medical,2023-01-11 06:18:00,0,0,,1,0,466.44,0,0,5841,0,0,0,0,1
MCH5842,"Dutt, Trivedi and Dhingra",05942,Stationery,partnership,amritsar,Punjab,2024-01-21 11:32:28,XXXX5651,A,182.55,MCH5842,5942,Partnership,Books & Stationery,2024-01-21 11:32:28,0,0,XXXX5651,0,1,182.55,0,0,5842,0,0,0,0,1
MCH5843,Wason and Sons,4814,Mobile Recharge,INDIVIDUAL,HYDERABAD,Telangana,2023/05/30,,I,"₹1,023.46",MCH5843,4814,Individual,Telecom,2023-05-30 00:00:00,0,0,,1,0,1023.46,0,0,5843,0,0,0,0,1
MCH5845,Buch PLC,MCC-5311,Retail,SOLE_PROPRIETOR,ludhiana,Punjab,2025/09/25,8892986940,Enabled,1603.87,MCH5845,5311,Sole Proprietor,Department Stores,2025-09-25 00:00:00,0,0,8892986940,0,0,1603.87,0,0,5845,1,1,1,3,2
MCH5847,"Kar, Gupta and Choudhry",7011,HOTEL_LODGING,Sole Proprietor,Kolkata,West Bengal,2023/05/20,8964900216,A,-4487.3,MCH5847,7011,Sole Proprietor,Hotels & Hospitality,2023-05-20 00:00:00,0,0,8964900216,0,0,-4487.3,0,1,5847,1,1,1,3,2
5849,Balakrishnan Ltd,MCC-5699,Fashion,PRIVATE_LIMITED,Lucknow,Uttar Pradesh,06/04/2025,,Active,"₹6,558.56",5849,5699,Private Limited,Clothing,2025-04-06 00:00:00,0,0,,1,0,6558.56,0,0,5849,0,0,0,0,1
MCH5850,Virk-Loke,5699,CLOTHS,PARTNERSHIP,Mumbay,Maharashtra,,QOYF2667573006038,ACTIVE,"Rs. 3,558",MCH5850,5699,Partnership,Clothing,,1,0,QOYF2667573006038,0,0,3558.0,0,0,5850,0,0,0,0,1
MCH5851,"Chakrabarti, Sen and Misra",05411,kirana,SOLE-PROPRIETOR,Poona,Maharashtra,1771167489,XXXX3366,ACTIVE,"1,867.35",MCH5851,5411,Sole Proprietor,Grocery,2026-02-15 14:58:09,0,0,XXXX3366,0,1,1867.35,0,0,5851,1,1,1,3,3
mch5855,"Rajagopalan,MuniandPrasad",,CLOTHS,PARTNERSHIP,Jalandhar,Punjab,08-Sep-2023,,ACTIVE,115.41,MCH5855,,Partnership,Unknown,2023-09-08 00:00:00,0,0,,1,0,115.41,0,0,5855,0,0,0,0,1
MCH-5856,"WASON, SAVANT AND BAHL",UNKNOWN,Miscellaneous,Individual,Mumbai,Maharashtra,11/02/2026,,Live,944.06,MCH5856,,Individual,Unknown,2026-02-11 00:00:00,0,0,,1,0,944.06,0,0,5856,0,0,0,0,1
mch5857,"VARUGHESE, VORA AND CHOKSHI",4814,TELECOM,individual,lucknow,Uttar Pradesh,21/11/2025,,INACTIVE,₹687.33,MCH5857,4814,Individual,Telecom,2025-11-21 00:00:00,0,0,,1,0,687.33,0,0,5857,0,0,0,0,1
MCH 5861,MANNE-CHATTERJEE,05812,Food,SOLE_PROPRIETOR,DELHI,Delhi,2024/10/28,,Active,₹174.45,MCH5861,5812,Sole Proprietor,Food & Restaurants,2024-10-28 00:00:00,0,0,,1,0,174.45,0,0,5861,0,0,0,0,1
mch5870,Deol Group,04131,transprt,sole_proprietor,Madras,Tamil Nadu,02/04/2023 09:18 PM,,Hold,"INR 1,911.31",MCH5870,4131,Sole Proprietor,Transportation,2023-04-02 21:18:00,0,0,,1,0,1911.31,0,0,5870,0,0,0,0,1
mch5872,KaleLLC,4131.0,Transport,Partnership,Bangalore,Karnataka,,,A,"INR 1,429.88",MCH5872,4131,Partnership,Transportation,,1,0,,1,0,1429.88,0,0,5872,1,1,1,3,2
MCH5873,"  Kade, Srivastava and Iyengar  ",5999,Miscellaneous,Partnership,lucknow,Uttar Pradesh,06/10/2023,,Enabled,"₹3,185.85",MCH5873,5999,Partnership,Other Retail,2023-10-06 00:00:00,0,0,,1,0,3185.85,0,0,5873,0,0,0,0,1
MCH5874,pandya plc,MCC-7011,Hotels,PARTNERSHIP,Hyderabad,Telangana,,XXXX1960,Suspended,-3183.86,MCH5874,7011,Partnership,Hotels & Hospitality,,1,0,XXXX1960,0,1,-3183.86,0,1,5874,1,1,1,3,3
MCH5879,"Sridhar, Sani and Ma11",04814,Mobile Recharge,INDIVIDUAL,Hyd,Telangana,1767128251,XXXX4907,Active,-3624.48,MCH5879,4814,Individual,Telecom,2025-12-30 20:57:31,0,0,XXXX4907,0,1,-3624.48,0,1,5879,0,0,0,0,1
MCH5880,"Varty, Ratta and Venkataraman",5699,Fashion,Sole Proprietor,ASR,Punjab,11-Jun-2023,0620802937,Enabled,1913.84,MCH5880,5699,Sole Proprietor,Clothing,2023-06-11 00:00:00,0,0,0620802937,0,0,1913.84,0,0,5880,0,0,0,0,1
mch5881,  Baria-Keer  ,4131,transprt,PRIVATE_LIMITED,Jaipur,Rajasthan,2026-02-09 03:41:16,,Closed,2633.32,MCH5881,4131,Private Limited,Transportation,2026-02-09 03:41:16,0,0,,1,0,2633.32,0,0,5881,1,1,1,3,3
5882,"Barad, Kara and Gokhale",misc,phone service,Sole Proprietor,Chennai,Tamil Nadu,25/09/2024,8200004171,Inactive,626.5,5882,,Sole Proprietor,Unknown,2024-09-25 00:00:00,0,0,8200004171,0,0,626.5,0,0,5882,0,0,0,0,1
5883,Pillai Ltd,,BOOKS_STATIONERY,Partnership,pune,Maharashtra,18-Oct-2024,ELEN4323090043469,Active,"2,102.56",5883,,Partnership,Unknown,2024-10-18 00:00:00,0,0,ELEN4323090043469,0,0,2102.56,0,0,5883,0,0,0,0,1
MCH 5884,Raman and Sons,4131,Bus/Taxi,INDIVIDUAL,Chennai,Tamil Nadu,,1966210053,Active,743.19,MCH5884,4131,Individual,Transportation,,1,0,1966210053,0,0,743.19,0,0,5884,0,0,0,0,1
mch5890,Apte-Sant,5311,Department Store,partnership,ASR,Punjab,27/01/2026,BNKX3894227656030,INACTIVE,"2,687.77",MCH5890,5311,Partnership,Department Stores,2026-01-27 00:00:00,0,0,BNKX3894227656030,0,1,2687.77,0,0,5890,0,0,0,0,1
MCH 5892,"Dara, Goswami and Purohit",05812,Restaurants,INDIVIDUAL,Bangalore,Karnataka,2025-02-21 11:15:43,,Active,"Rs. 1,175",MCH5892,5812,Individual,Food & Restaurants,2025-02-21 11:15:43,0,0,,1,0,1175.0,0,0,5892,1,1,1,3,3
MCH5894,Borra-Tiwari,5311,Retail,PARTNERSHIP,bengaluru,Karnataka,24/05/2025 07:29 PM,,Enabled,239.64,MCH5894,5311,Partnership,Department Stores,2025-05-24 19:29:00,0,0,,1,0,239.64,0,0,5894,0,0,0,0,1
mch5895,Dey LLC,4131.0,TRAVEL,Individual,Chennai,Tamil Nadu,08-05-2024,,Active,693.85,MCH5895,4131,Individual,Transportation,2024-08-05 00:00:00,0,0,,1,0,693.85,0,0,5895,0,0,0,0,1
MCH5896,Kale Group,5942.0,Book Store,INDIVIDUAL,HYDERABAD,Telangana,2023/07/21,3922466271,ACTIVE,₹533.74,MCH5896,5942,Individual,Books & Stationery,2023-07-21 00:00:00,0,0,3922466271,0,0,533.74,0,0,5896,0,0,0,0,1
MCH5897,Mutti-Doshi,5912,MEDICAL_STORE,PRIVATE-LIMITED,Amritsar,Punjab,06/01/2026,,Live,"Rs. 1,302",MCH5897,5912,Private Limited,Pharmacy & Medical,2026-01-06 00:00:00,0,0,,1,0,1302.0,0,0,5897,0,0,0,0,1
MCH5898,  Virk-Mani  ,MCC-5699,CLOTHS,PARTNERSHIP,DELHI,Delhi,08-23-2025,1987474945,Enabled,"2,502.05",MCH5898,5699,Partnership,Clothing,2025-08-23 00:00:00,0,0,1987474945,0,0,2502.05,0,0,5898,1,1,1,3,2
MCH 5900,Sarraf-Nagar,5912,Pharmacy,Sole Proprietor,kolkata,West Bengal,2024-03-23 06:41:25,0859371893,Enabled,380.94,MCH5900,5912,Sole Proprietor,Pharmacy & Medical,2024-03-23 06:41:25,0,0,0859371893,0,0,380.94,0,0,5900,0,0,0,0,1
MCH5902,"Iyer, Pal and Kaur",5311,Department Store,private_limited,pune,Maharashtra,2024/08/14,,Active,441.19,MCH5902,5311,Private Limited,Department Stores,2024-08-14 00:00:00,0,0,,1,0,441.19,0,0,5902,0,0,0,0,1
5904,Karan Ltd,5699.0,Fashion,Sole Proprietor,bengaluru,Karnataka,11-29-2023,,Enabled,"Rs. 1,441",5904,5699,Sole Proprietor,Clothing,2023-11-29 00:00:00,0,0,,1,0,1441.0,0,0,5904,0,0,0,0,1
MCH5905,KARNIK LTD,5812,Restaurants,individual,Poona,Maharashtra,02-05-2026,XXXX6996,Enabled,653.53,MCH5905,5812,Individual,Food & Restaurants,2026-02-05 00:00:00,0,0,XXXX6996,0,1,653.53,0,0,5905,1,1,0,2,2
5911,Chacko-Kota,5311,Retail,Partnership,Hyd,Telangana,07-Sep-2023,,Live,INR 797.25,5911,5311,Partnership,Department Stores,2023-09-07 00:00:00,0,0,,1,0,797.25,0,0,5911,0,0,0,0,1
mch5912,shenoy plc,4814.0,Telecom,INDIVIDUAL,Bangalore,Karnataka,12-Dec-2023,,A,₹551.95,MCH5912,4814,Individual,Telecom,2023-12-12 00:00:00,0,0,,1,0,551.95,0,0,5912,0,0,1,1,2
MCH5914,Ku1karni-Deshmukh,5699,garments,individual,JPR,Rajasthan,2025-04-24 21:08:53,,Live,386.71,MCH5914,5699,Individual,Clothing,2025-04-24 21:08:53,0,0,,1,0,386.71,0,0,5914,1,1,1,3,2
mch5915,"Solanki, Banik and Badal",04131,Transport,INDIVIDUAL,Jalandhar,Punjab,10-22-2024,XXXX8472,Live,"1,488.90",MCH5915,4131,Individual,Transportation,2024-10-22 00:00:00,0,0,XXXX8472,0,1,1488.9,0,0,5915,0,0,0,0,1
MCH 5917,"TARA, BHASIN AND SINGH",5912,Pharmacies,SOLE-PROPRIETOR,Pune,Maharashtra,26/08/2023,6037353463,Suspended,443.4,MCH5917,5912,Sole Proprietor,Pharmacy & Medical,2023-08-26 00:00:00,0,0,6037353463,0,0,443.4,0,0,5917,0,0,0,0,1
MCH5918,bora-rege,5699,garments,Partnership,pune,Maharashtra,23/09/2024,USII8978521648386,Live,-203.17,MCH5918,5699,Partnership,Clothing,2024-09-23 00:00:00,0,0,USII8978521648386,0,0,-203.17,0,1,5918,0,0,0,0,1
5921,Saraf-Saraf,7011,Hotel,INDIVIDUAL,JPR,Rajasthan,1748704491,XXXX9547,INACTIVE,352.95,5921,7011,Individual,Hotels & Hospitality,2025-05-31 15:14:51,0,0,XXXX9547,0,1,352.95,0,0,5921,0,0,0,0,1
mch5923,"  Banik, Yogi and Seth  ",4814,mobile recharge,INDIVIDUAL,Delhi,Delhi,,CKTY3945451387681,Disabled,₹378.20,MCH5923,4814,Individual,Telecom,,1,0,CKTY3945451387681,0,0,378.2,0,0,5923,0,0,0,0,2
MCH5924,Chana-Thaman,04814,phone service,SOLE-PROPRIETOR,New Delhi,Delhi,1759016535,XXXX2862,Live,1054.56,MCH5924,4814,Sole Proprietor,Telecom,2025-09-27 23:42:15,0,0,XXXX2862,0,1,1054.56,0,0,5924,0,0,0,0,1
MCH5927,"Hayer, Palla and Ganesh",5699,garments,private_limited,Lucknow,Uttar Pradesh,16/06/2024,,ACTIVE,3764.09,MCH5927,5699,Private Limited,Clothing,2024-06-16 00:00:00,0,0,,1,0,3764.09,0,0,5927,0,0,0,0,1
MCH 5929,Chaudry-Pal,7011,Hotels,private_limited,chennai,Tamil Nadu,11-12-2024,RXEM4030982599966,Enabled,705.57,MCH5929,7011,Private Limited,Hotels & Hospitality,2024-11-12 00:00:00,0,0,RXEM4030982599966,0,1,705.57,0,0,5929,1,1,1,3,2
MCH 5932,Jani-Sathe,4814,TELECOM,PARTNERSHIP,ludhiana,Punjab,2024-10-09 04:03:57,,INACTIVE,"INR 2,383.64",MCH5932,4814,Partnership,Telecom,2024-10-09 04:03:57,0,0,,1,0,2383.64,0,0,5932,0,0,0,0,1
MCH5933,"natarajan, swaminathan and dugar",5999,Retail Other,PARTNERSHIP,Kolkata,West Bengal,26/09/2025 08:35 PM,XXXX6381,Active,-2711.41,MCH5933,5999,Partnership,Other Retail,2025-09-26 20:35:00,0,0,XXXX6381,0,1,-2711.41,0,1,5933,0,0,0,0,1
MCH5934,Krish-Doshi,4131.0,Transport,INDIVIDUAL,jaipur,Rajasthan,1708744241,2184684980,Live,"₹2,895.40",MCH5934,4131,Individual,Transportation,2024-02-24 03:10:41,0,0,2184684980,0,0,2895.4,0,0,5934,1,1,1,3,3
MCH-5937,"Babu, Contractor and Sem",5411,Grocery,PRIVATE_LIMITED,Hyd,Telangana,04/01/2023,,Disabled,415.88,MCH5937,5411,Private Limited,Grocery,2023-01-04 00:00:00,0,0,,1,0,415.88,0,0,5937,0,0,0,0,1
MCH5938,Prabhu LLC,05999,Other,SOLE_PROPRIETOR,Jalandar,Punjab,16/10/2024,,Active,590.79,MCH5938,5999,Sole Proprietor,Other Retail,2024-10-16 00:00:00,0,0,,1,0,590.79,0,0,5938,1,1,0,2,2
MCH5939,"mohan, varughese and johal",5411,GROCERY_STORE,Partnership,bengaluru,Karnataka,20/12/2024,XXXX0991,Active,"4,307.34",MCH5939,5411,Partnership,Grocery,2024-12-20 00:00:00,0,0,XXXX0991,0,1,4307.34,0,0,5939,0,0,0,0,1
MCH5941,G0ur Ltd,5942,Books,PRIVATE_LIMITED,lucknow,Uttar Pradesh,04-30-2023,XXXX2222,Inactive,1448.04,MCH5941,5942,Private Limited,Books & Stationery,2023-04-30 00:00:00,0,0,XXXX2222,0,1,1448.04,0,0,5941,0,0,0,0,1
MCH5944,Arya Inc,5699,CLOTHS,PARTNERSHIP,jaipur,Rajasthan,1743394037,,Live,394.63,MCH5944,5699,Partnership,Clothing,2025-03-31 04:07:17,0,0,,1,0,394.63,0,0,5944,1,1,1,3,3
MCH5950,Dey-Raj,5999,Retail Other,SOLE-PROPRIETOR,amritsar,Punjab,11-29-2025,0371217445,A,-3256.77,MCH5950,5999,Sole Proprietor,Other Retail,2025-11-29 00:00:00,0,0,0371217445,0,0,-3256.77,0,1,5950,1,1,1,3,2
5951,"Sahni, Gour and Sama",05311,Department Store,Private Limited,Pune,Maharashtra,13/05/2024,,ACTIVE,2353.06,5951,5311,Private Limited,Department Stores,2024-05-13 00:00:00,0,0,,1,0,2353.06,0,0,5951,0,0,0,0,1
MCH-5953,"Sandhu, Srinivas and Thakur",5699,garments,PRIVATE-LIMITED,Amritsar,Punjab,10/09/2023 07:25 PM,TMUQ0408880729796,Live,"₹3,101.03",MCH5953,5699,Private Limited,Clothing,2023-09-10 19:25:00,0,0,TMUQ0408880729796,0,0,3101.03,0,0,5953,0,0,0,0,1
MCH5954,"Chand, Dora and Dey",UNKNOWN,Restaurant,PRIVATE_LIMITED,Chennai,Tamil Nadu,2025-08-28 14:38:01,,Active,1159.45,MCH5954,,Private Limited,Unknown,2025-08-28 14:38:01,0,0,,1,0,1159.45,0,0,5954,0,0,0,0,1
MCH5955,"Rana, Mangat and De",4814,Mobile Recharge,SOLE-PROPRIETOR,Kolkata,West Bengal,02-05-2025,XXXX7902,Live,"INR 1,491.64",MCH5955,4814,Sole Proprietor,Telecom,2025-02-05 00:00:00,0,0,XXXX7902,0,1,1491.64,0,0,5955,1,0,1,2,2
5957,Bose PLC,5942,BOOKS_STATIONERY,partnership,jaipur,Rajasthan,2023/09/22,,Disabled,"1,309.17",5957,5942,Partnership,Books & Stationery,2023-09-22 00:00:00,0,0,,1,0,1309.17,0,0,5957,0,0,0,0,1
mch5958,"panchal, krishnan and thakkar",5812,Restaurants,PRIVATE-LIMITED,Madras,Tamil Nadu,16-Jun-2025,1176480578,Closed,999.64,MCH5958,5812,Private Limited,Food & Restaurants,2025-06-16 00:00:00,0,0,1176480578,0,0,999.64,0,0,5958,0,0,0,0,1
mch5959,nigam group,5942,Book Store,private_limited,Bombay,Maharashtra,14-Jun-2025,TOMC3445782175803,I,"Rs. 2,495",MCH5959,5942,Private Limited,Books & Stationery,2025-06-14 00:00:00,0,0,TOMC3445782175803,0,0,2495.0,0,0,5959,0,0,0,0,1
MCH5961,Batra Ltd,5812,Restaurant,Individual,jalandhar,Punjab,05-24-2024,CHMJ2049480871128,Live,Rs. 608,MCH5961,5812,Individual,Food & Restaurants,2024-05-24 00:00:00,0,0,CHMJ2049480871128,0,0,608.0,0,0,5961,0,0,0,0,1
MCH 5963,GOYAL-SUR,5812,Restaurants,PRIVATE_LIMITED,chennai,Tamil Nadu,14/09/2025 08:31 AM,XXXX6740,Live,"Rs. 3,785",MCH5963,5812,Private Limited,Food & Restaurants,2025-09-14 08:31:00,0,0,XXXX6740,0,1,3785.0,0,0,5963,1,1,1,3,2
MCH5965,Wason LLC,4814,phone service,Partnership,Hyderabad,Telangana,2025-06-03 21:59:21,,A,"Rs. 2,365",MCH5965,4814,Partnership,Telecom,2025-06-03 21:59:21,0,0,,1,0,2365.0,0,0,5965,0,0,0,0,1
MCH5966,"Bala, Tandon and Keer",misc,Grocery Stores,INDIVIDUAL,LKO,Uttar Pradesh,02-06-2023,,Live,255.77,MCH5966,,Individual,Unknown,2023-02-06 00:00:00,0,0,,1,0,255.77,0,0,5966,0,0,0,0,1
MCH5968,"SOMAN, ISSAC AND GOSWAMI",5311,DEPT_STORE,Private Limited,Jalandhar,Punjab,16/10/2025,2039525092,A,5598.75,MCH5968,5311,Private Limited,Department Stores,2025-10-16 00:00:00,0,0,2039525092,0,0,5598.75,0,0,5968,0,0,0,0,1
MCH5970,Babu and Sons,5699,Clothing,Private Limited,amritsar,Punjab,01-14-2025,,Inactive,2060.67,MCH5970,5699,Private Limited,Clothing,2025-01-14 00:00:00,0,0,,1,0,2060.67,0,0,5970,0,0,0,0,1
MCH5972,Parmar-Ramanathan,4814,phone service,SOLE-PROPRIETOR,Mumbai,Maharashtra,,,Disabled,"₹3,048.92",MCH5972,4814,Sole Proprietor,Telecom,,1,0,,1,0,3048.92,0,0,5972,1,1,1,3,2
MCH 5973,Biswas-Dass,5699,Fashion,SOLE_PROPRIETOR,LKO,Uttar Pradesh,25-Nov-2025,XXXX1507,Live,,MCH5973,5699,Sole Proprietor,Clothing,2025-11-25 00:00:00,0,0,XXXX1507,0,1,,1,0,5973,0,0,0,0,1
MCH5974,Padmanabhan LLC,5812,Food,individual,lucknow,Uttar Pradesh,2023-03-11 10:03:46,XXXX9484,A,"Rs. 1,194",MCH5974,5812,Individual,Food & Restaurants,2023-03-11 10:03:46,0,0,XXXX9484,0,1,1194.0,0,0,5974,0,0,0,0,1
MCH5979,Mani Group,4131,TRAVEL,PRIVATE-LIMITED,BLR,Karnataka,15/07/2024,,SUSPENDED,4686.23,MCH5979,4131,Private Limited,Transportation,2024-07-15 00:00:00,0,0,,1,0,4686.23,0,0,5979,0,0,0,0,1
MCH5980,Arya LLC,7011,Hospitality,PRIVATE-LIMITED,Ludhiana,Punjab,,,ACTIVE,"₹2,432.63",MCH5980,7011,Private Limited,Hotels & Hospitality,,1,0,,1,0,2432.63,0,0,5980,1,1,0,2,2
MCH 5983,"Morar, Memon and Kala",5311,Department Store,Sole Proprietor,Pune,Maharashtra,2025-05-06 09:44:28,4976019828,Live,-306.11,MCH5983,5311,Sole Proprietor,Department Stores,2025-05-06 09:44:28,0,0,4976019828,0,0,-306.11,0,1,5983,0,0,0,0,1
5984,acharya-badal,5999,other,Sole Proprietor,kolkata,West Bengal,03/01/2023,,Inactive,Rs. 515,5984,5999,Sole Proprietor,Other Retail,2023-01-03 00:00:00,0,0,,1,0,515.0,0,0,5984,0,0,1,1,2
MCH5992,"Anne, Gole and Bhatnagar",05912,chemist,PRIVATE_LIMITED,Ludhiana,Punjab,31/12/2025,QOVD2358529671548,Active,1637.97,MCH5992,5912,Private Limited,Pharmacy & Medical,2025-12-31 00:00:00,0,0,QOVD2358529671548,0,0,1637.97,0,0,5992,0,0,0,0,1
5995,Bassi Ltd,5812,eating place,private_limited,LKO,Uttar Pradesh,01-Feb-2024,XXXX5294,Live,"INR 2,631.68",5995,5812,Private Limited,Food & Restaurants,2024-02-01 00:00:00,0,0,XXXX5294,0,1,2631.68,0,0,5995,0,1,1,2,2
MCH5997,"Kothari,BasuandKothari",5912,Medical,Sole Proprietor,Delhi,Delhi,2025-09-07 16:46:16,4059468429,I,2459.46,MCH5997,5912,Sole Proprietor,Pharmacy & Medical,2025-09-07 16:46:16,0,0,4059468429,0,0,2459.46,0,0,5997,0,0,0,0,1
MCH-5998,Joshi Inc,5411,GROCERY_STORE,Private Limited,Chennai,Tamil Nadu,2024/08/30,,Live,"₹1,152.74",MCH5998,5411,Private Limited,Grocery,2024-08-30 00:00:00,0,0,,1,0,1152.74,0,0,5998,0,0,0,0,1
MCH5999,NORI INC,MCC-5999,Other,Private Limited,jalandhar,Punjab,1767393296,XXXX4498,ACTIVE,629.41,MCH5999,5999,Private Limited,Other Retail,2026-01-02 22:34:56,0,0,XXXX4498,0,1,629.41,0,0,5999,0,0,0,0,1
MCH6001,Murthy-Batra,7011,Hotels,sole_proprietor,Jalandar,Punjab,31-Aug-2024,DRAQ5734718978671,A,"1,116.47",MCH6001,7011,Sole Proprietor,Hotels & Hospitality,2024-08-31 00:00:00,0,0,DRAQ5734718978671,0,0,1116.47,0,0,6001,0,0,0,0,1
MCH6002,Bal Group,5912,MEDICAL_STORE,partnership,Dilli,Delhi,14/05/2025,,Active,Rs. 718,MCH6002,5912,Partnership,Pharmacy & Medical,2025-05-14 00:00:00,0,0,,1,0,718.0,0,0,6002,1,1,1,3,2
mch6004,Raval and Sons,5812,eating place,Partnership,Bangalore,Karnataka,20/10/2025 12:33 PM,,ACTIVE,477.72,MCH6004,5812,Partnership,Food & Restaurants,2025-10-20 12:33:00,0,0,,1,0,477.72,0,0,6004,0,0,0,0,1
MCH6009,"Nagar, Chowdhury and Raghavan",UNKNOWN,Stationery,Private Limited,Pune,Maharashtra,,XXXX6864,Active,1266.03,MCH6009,,Private Limited,Unknown,,1,0,XXXX6864,0,1,1266.03,0,0,6009,0,0,0,0,1
MCH6010,"Tak, Sani and Jaggi",5912,Pharmacies,individual,JPR,Rajasthan,20/01/2024,TXCH9949373918886,Active,1022.54,MCH6010,5912,Individual,Pharmacy & Medical,2024-01-20 00:00:00,0,0,TXCH9949373918886,0,1,1022.54,0,0,6010,0,0,0,0,1
MCH6013,Date Ltd,5699,Apparel,INDIVIDUAL,MUMBAI,Maharashtra,2025-11-12 09:48:09,9831248184,Disabled,INR 138.89,MCH6013,5699,Individual,Clothing,2025-11-12 09:48:09,0,0,9831248184,0,0,138.89,0,0,6013,0,0,0,0,1
MCH-6016,Goda Inc,,Books,Sole Proprietor,Calcutta,West Bengal,1753137556,FWRQ5490581831729,ACTIVE,"INR 1,254.10",MCH6016,,Sole Proprietor,Unknown,2025-07-21 22:39:16,0,0,FWRQ5490581831729,0,0,1254.1,0,0,6016,1,1,1,3,2
MCH6017,"Loyal, Sidhu and Balay",4814,Telecom,sole_proprietor,Amritsar,Punjab,01/08/2025 01:30 AM,,Inactive,985.33,MCH6017,4814,Sole Proprietor,Telecom,2025-08-01 01:30:00,0,0,,1,0,985.33,0,0,6017,1,1,1,3,2
MCH6019,Chatterjee Ltd,UNKNOWN,Food,PRIVATE-LIMITED,Dilli,Delhi,25/01/2026,UFWO7733965180914,Enabled,100.27,MCH6019,,Private Limited,Unknown,2026-01-25 00:00:00,0,0,UFWO7733965180914,0,0,100.27,0,0,6019,0,0,0,0,1
mch6020,Goda Ltd,5942,Books,SOLE_PROPRIETOR,Lucknow,Uttar Pradesh,09/01/2025,XXXX5529,A,"INR 2,555.72",MCH6020,5942,Sole Proprietor,Books & Stationery,2025-01-09 00:00:00,0,0,XXXX5529,0,1,2555.72,0,0,6020,0,0,0,0,1
MCH-6023,DATTA PLC,5411,kirana,Partnership,LDH,Punjab,01-27-2026,6184043041,ACTIVE,2183.74,MCH6023,5411,Partnership,Grocery,2026-01-27 00:00:00,0,0,6184043041,0,0,2183.74,0,0,6023,0,0,0,0,1
MCH6024,"Saran, Sinha and Barman",5812,Restaurants,SOLE-PROPRIETOR,Jalandhar,Punjab,18/01/2026 12:39 AM,XXXX8830,Live,"1,185.95",MCH6024,5812,Sole Proprietor,Food & Restaurants,2026-01-18 00:39:00,0,0,XXXX8830,0,1,1185.95,0,0,6024,1,1,1,3,3
MCH6025,Wable and Sons,4814,Mobile Recharge,sole_proprietor,pune,Maharashtra,14/01/2026 04:31 AM,,A,2018.15,MCH6025,4814,Sole Proprietor,Telecom,2026-01-14 04:31:00,0,0,,1,0,2018.15,0,0,6025,1,1,1,3,4
MCH6026,NARAYANAN-BHATT,MCC-5942,Books,partnership,Hyderabad,Telangana,09-14-2025,1281831300,Enabled,746.02,MCH6026,5942,Partnership,Books & Stationery,2025-09-14 00:00:00,0,0,1281831300,0,0,746.02,0,0,6026,0,0,0,0,1
MCH6028,"Devan, Saha and Nagar",7011,Hospitality,partnership,jalandhar,Punjab,2023-05-02 08:52:59,XXXX4040,Active,2112.02,MCH6028,7011,Partnership,Hotels & Hospitality,2023-05-02 08:52:59,0,0,XXXX4040,0,1,2112.02,0,0,6028,0,0,0,0,1
MCH6030,"DHILLON, SUNDER AND SODHI",05999,Miscellaneous,partnership,JPR,Rajasthan,2025/02/19,FIPF1132011620068,Active,884.98,MCH6030,5999,Partnership,Other Retail,2025-02-19 00:00:00,0,0,FIPF1132011620068,0,0,884.98,0,0,6030,0,0,0,0,1
MCH6031,Chauhan Group,MCC-5699,CLOTHS,individual,HYDERABAD,Telangana,13/12/2024 10:44 PM,XXXX4944,Enabled,Rs. 654,MCH6031,5699,Individual,Clothing,2024-12-13 22:44:00,0,0,XXXX4944,0,1,654.0,0,0,6031,0,0,0,0,1
MCH6033,"Sama, Basak and Majumdar",MCC-5999,other,PRIVATE-LIMITED,Hyderabad,Telangana,05-Mar-2025,0665928024,Active,Rs. 365,MCH6033,5999,Private Limited,Other Retail,2025-03-05 00:00:00,0,0,0665928024,0,0,365.0,0,0,6033,0,0,0,0,2
MCH6034,Sane Inc,05912,MEDICAL_STORE,PRIVATE_LIMITED,jaipur,Rajasthan,18-Oct-2025,5791425986,ACTIVE,1353.34,MCH6034,5912,Private Limited,Pharmacy & Medical,2025-10-18 00:00:00,0,0,5791425986,0,0,1353.34,0,0,6034,0,0,0,0,1
MCH 6035,radhakrishnan-chad,5812,eating place,PARTNERSHIP,New Delhi,Delhi,2026/01/25,,Enabled,INR 706.81,MCH6035,5812,Partnership,Food & Restaurants,2026-01-25 00:00:00,0,0,,1,0,706.81,0,0,6035,1,0,1,2,2
MCH-6036,chhabra group,MCC-5699,Fashion,sole_proprietor,ASR,Punjab,01-10-2024,XXXX4226,Active,,MCH6036,5699,Sole Proprietor,Clothing,2024-01-10 00:00:00,0,0,XXXX4226,0,1,,1,0,6036,0,0,0,0,1
MCH6039,Padmanabhan-Bora,4814,TELECOM,SOLE-PROPRIETOR,lucknow,Uttar Pradesh,,,A,"6,727.69",MCH6039,4814,Sole Proprietor,Telecom,,1,0,,1,0,6727.69,0,0,6039,0,0,0,0,1
MCH6043,Saran-Rai,5411,groceries,Private Limited,jaipur,Rajasthan,17/11/2025,,A,2845.67,MCH6043,5411,Private Limited,Grocery,2025-11-17 00:00:00,0,0,,1,0,2845.67,0,0,6043,1,1,1,3,2
MCH-6044,Narain-Srivastava,7011,Hospitality,SOLE_PROPRIETOR,HYDERABAD,Telangana,11/02/2026,,Live,INR 141.65,MCH6044,7011,Sole Proprietor,Hotels & Hospitality,2026-02-11 00:00:00,0,0,,1,0,141.65,0,0,6044,0,0,0,0,1
MCH6045,"bajwa, wali and walla",5912,Pharmacy,PRIVATE_LIMITED,Bengaluru,Karnataka,28-Sep-2023,2003662760,Active,"Rs. 2,897",MCH6045,5912,Private Limited,Pharmacy & Medical,2023-09-28 00:00:00,0,0,2003662760,0,0,2897.0,0,0,6045,0,0,0,0,1
MCH6046,"Palla, Yadav and Bhatnagar",5999,Other,INDIVIDUAL,Bengaluru,Karnataka,2024-03-27 20:41:48,,A,2396.76,MCH6046,5999,Individual,Other Retail,2024-03-27 20:41:48,0,0,,1,0,2396.76,0,0,6046,0,0,0,0,1
MCH-6050,"Choudhary, Shanker and Rajan",5812,Restaurants,Individual,LDH,Punjab,2024-03-26 21:03:47,1328212555,ACTIVE,-2324.79,MCH6050,5812,Individual,Food & Restaurants,2024-03-26 21:03:47,0,0,1328212555,0,0,-2324.79,0,1,6050,0,0,0,0,1
MCH 6051,"Prashad, Date and Sodhi",5311,Department Stores,Private Limited,Jalandhar,Punjab,18/01/2026,,Enabled,-212.27,MCH6051,5311,Private Limited,Department Stores,2026-01-18 00:00:00,0,0,,1,0,-212.27,0,1,6051,0,0,0,0,1
MCH-6052,nayak-wadhwa,5912,Pharmacy,PRIVATE-LIMITED,Jaipur,Rajasthan,2023/07/12,XXXX8602,Live,600.38,MCH6052,5912,Private Limited,Pharmacy & Medical,2023-07-12 00:00:00,0,0,XXXX8602,0,1,600.38,0,0,6052,0,0,0,0,1
MCH6053,Barad-Sen,5999,Retail Other,INDIVIDUAL,Calcutta,West Bengal,20/10/2025,4325467547,Live,2730.09,MCH6053,5999,Individual,Other Retail,2025-10-20 00:00:00,0,0,4325467547,0,0,2730.09,0,0,6053,1,0,0,1,2
MCH 6056,IYENGAR-HEGDE,04131,Transport,Partnership,Amritsar,Punjab,23-Mar-2025,,Enabled,"1,004.69",MCH6056,4131,Partnership,Transportation,2025-03-23 00:00:00,0,0,,1,0,1004.69,0,0,6056,0,0,0,0,1
MCH6058,Loke LLC,5942,Book Store,sole_proprietor,amritsar,Punjab,,TMOY5327017538734,Enabled,317.07,MCH6058,5942,Sole Proprietor,Books & Stationery,,1,0,TMOY5327017538734,0,0,317.07,0,0,6058,0,0,0,0,1
MCH6059,Bhargava PLC,7011,Hotels,Private Limited,Jaipur,Rajasthan,16/07/2025,XXXX7802,Hold,INR 333.57,MCH6059,7011,Private Limited,Hotels & Hospitality,2025-07-16 00:00:00,0,0,XXXX7802,0,1,333.57,0,0,6059,0,0,0,0,1
MCH-6060,Chacko-Sundaram,4131.0,Transportation,INDIVIDUAL,JPR,Rajasthan,25-Mar-2023,XXXX2924,Disabled,"₹2,026.75",MCH6060,4131,Individual,Transportation,2023-03-25 00:00:00,0,0,XXXX2924,0,1,2026.75,0,0,6060,0,0,0,0,1
MCH6061,Anand-Savant,5411,GROCERY_STORE,SOLE-PROPRIETOR,amritsar,Punjab,2026-02-08 12:13:00,,ACTIVE,-625.71,MCH6061,5411,Sole Proprietor,Grocery,2026-02-08 12:13:00,0,0,,1,0,-625.71,0,1,6061,1,1,1,3,6
MCH6062,Kata PLC,5699,Clothing,SOLE_PROPRIETOR,MUMBAI,Maharashtra,2025/09/10,3065314778,Live,"Rs. 9,045",MCH6062,5699,Sole Proprietor,Clothing,2025-09-10 00:00:00,0,0,3065314778,0,0,9045.0,0,0,6062,1,1,1,3,2
MCH6064,Viswanathan-Tak,5942.0,BOOKS_STATIONERY,SOLE-PROPRIETOR,Madras,Tamil Nadu,,RDFT0727994735934,Blocked,519.38,MCH6064,5942,Sole Proprietor,Books & Stationery,,1,0,RDFT0727994735934,0,0,519.38,0,0,6064,1,1,1,3,2
MCH6067,Chaw1a-Gangu1y,UNKNOWN,Hospitality,sole_proprietor,mumbai,Maharashtra,2025/12/03,FNQE1460028710860,Inactive,700.95,MCH6067,,Sole Proprietor,Unknown,2025-12-03 00:00:00,0,0,FNQE1460028710860,0,0,700.95,0,0,6067,0,0,0,0,1
MCH6069,Krish-Joshi,,Fashion,Private Limited,ASR,Punjab,30/07/2024,XXXX1701,Active,252.19,MCH6069,,Private Limited,Unknown,2024-07-30 00:00:00,0,0,XXXX1701,0,1,252.19,0,0,6069,0,0,0,0,1
MCH6071,nagy inc,5311,DEPT_STORE,private_limited,DELHI,Delhi,,XXXX2349,A,-2743.11,MCH6071,5311,Private Limited,Department Stores,,1,0,XXXX2349,0,1,-2743.11,0,1,6071,0,0,0,0,1
6072,"  Bassi, Sarma and Yohannan  ",misc,Other,sole_proprietor,Madras,Tamil Nadu,01-14-2024,OFUG5890068758335,Live,"₹1,959.53",6072,,Sole Proprietor,Unknown,2024-01-14 00:00:00,0,0,OFUG5890068758335,0,0,1959.53,0,0,6072,0,0,0,0,1
MCH-6075,"Lad, Menon and Tiwari",4814,Mobile Recharge,PRIVATE-LIMITED,BLR,Karnataka,06/08/2023,3853486592,Live,709.64,MCH6075,4814,Private Limited,Telecom,2023-08-06 00:00:00,0,0,3853486592,0,0,709.64,0,0,6075,0,0,0,0,1
mch6078,Oza-Srinivasan,04814,Telecom,Individual,Bombay,Maharashtra,15/10/2023 07:51 PM,,A,4379.06,MCH6078,4814,Individual,Telecom,2023-10-15 19:51:00,0,0,,1,0,4379.06,0,0,6078,0,0,0,0,1
MCH6079,"SESHADRI, MUNI AND BANIK",7011,HOTEL_LODGING,INDIVIDUAL,kolkata,West Bengal,02-24-2026,,ACTIVE,434.97,MCH6079,7011,Individual,Hotels & Hospitality,2026-02-24 00:00:00,0,0,,1,0,434.97,0,0,6079,1,1,1,3,3
6080,"kanda, krishnan and chaudry",5411,GROCERY_STORE,Private Limited,chennai,Tamil Nadu,27/02/2023 12:47 AM,,INACTIVE,1675.16,6080,5411,Private Limited,Grocery,2023-02-27 00:47:00,0,0,,1,0,1675.16,0,0,6080,0,0,0,0,1
MCH6083,"Shah, Deep and Swaminathan",5411,GROCERY_STORE,PARTNERSHIP,amritsar,Punjab,06-28-2025,,Enabled,"Rs. 1,417",MCH6083,5411,Partnership,Grocery,2025-06-28 00:00:00,0,0,,1,0,1417.0,0,0,6083,0,0,0,0,1
mch6084,Gera-Patla,UNKNOWN,Bus/Taxi,SOLE_PROPRIETOR,Lucknow,Uttar Pradesh,26/01/2026 03:06 PM,0059005491,A,3360.46,MCH6084,,Sole Proprietor,Unknown,2026-01-26 15:06:00,0,0,0059005491,0,0,3360.46,0,0,6084,1,1,1,3,3
MCH6090,Bahl-Ramanathan,07011,Hotel,sole_proprietor,Jalandar,Punjab,1741566545,3270315873,Live,"₹1,685.43",MCH6090,7011,Sole Proprietor,Hotels & Hospitality,2025-03-10 00:29:05,0,0,3270315873,0,0,1685.43,0,0,6090,1,1,0,2,2
MCH6091,Ratti-Kalita,5942,Stationery,Sole Proprietor,Ludhiana,Punjab,06/09/2023,XXXX4886,A,₹458.92,MCH6091,5942,Sole Proprietor,Books & Stationery,2023-09-06 00:00:00,0,0,XXXX4886,0,1,458.92,0,0,6091,1,1,1,3,2
MCH-6095,"Sahota, Misra and Kata",,Stationery,PARTNERSHIP,Hyd,Telangana,29/11/2024,,Live,Rs. 665,MCH6095,,Partnership,Unknown,2024-11-29 00:00:00,0,0,,1,0,665.0,0,0,6095,0,0,0,0,1
MCH6097,MANNAN PLC,5812.0,Restaurant,PARTNERSHIP,LKO,Uttar Pradesh,1739407191,XXXX8307,Live,₹258.41,MCH6097,5812,Partnership,Food & Restaurants,2025-02-13 00:39:51,0,0,XXXX8307,0,1,258.41,0,0,6097,0,0,0,0,1
MCH6099,Yadav LLC,04814,TELECOM,PARTNERSHIP,Bengaluru,Karnataka,16/06/2025,7606007756,Active,"₹4,726.00",MCH6099,4814,Partnership,Telecom,2025-06-16 00:00:00,0,0,7606007756,0,0,4726.0,0,0,6099,0,0,0,0,1
MCH6100,"PILLAY, MERCHANT AND SEM",5942,BOOKS_STATIONERY,PRIVATE_LIMITED,Jalandhar,Punjab,05/09/2023 09:50 AM,0672030590,Enabled,1374.95,MCH6100,5942,Private Limited,Books & Stationery,2023-09-05 09:50:00,0,0,0672030590,0,0,1374.95,0,0,6100,0,0,0,0,1
MCH6101,DORA-BAJWA,5912.0,Medical,Private Limited,Pune,Maharashtra,28/07/2025,2854493333,ACTIVE,"INR 3,328.35",MCH6101,5912,Private Limited,Pharmacy & Medical,2025-07-28 00:00:00,0,0,2854493333,0,0,3328.35,0,0,6101,1,1,1,3,2
MCH6102,"hayre, peri and sura",7011,Hotel,private_limited,Ludhiana,Punjab,01-26-2024,FLWX5559304020457,Active,-4593.66,MCH6102,7011,Private Limited,Hotels & Hospitality,2024-01-26 00:00:00,0,0,FLWX5559304020457,0,1,-4593.66,0,1,6102,1,1,1,3,2
MCH6104,Keer-Gade,MCC-5311,Department Store,INDIVIDUAL,Calcutta,West Bengal,01/01/2023 08:32 PM,DQNV8530720672123,INACTIVE,935.82,MCH6104,5311,Individual,Department Stores,2023-01-01 20:32:00,0,0,DQNV8530720672123,0,0,935.82,0,0,6104,0,0,0,0,1
MCH-6105,upadhyay plc,7011,hotels,Sole Proprietor,Calcutta,West Bengal,1707265586,,Suspended,527.81,MCH6105,7011,Sole Proprietor,Hotels & Hospitality,2024-02-07 00:26:26,0,0,,1,0,527.81,0,0,6105,0,0,1,1,3
MCH6107,Bassi and Sons,5912.0,MEDICAL_STORE,Sole Proprietor,Hyderabad,Telangana,,,INACTIVE,"Rs. 1,888",MCH6107,5912,Sole Proprietor,Pharmacy & Medical,,1,0,,1,0,1888.0,0,0,6107,1,1,1,3,3
MCH6109,Sampath Ltd,4814,Telecom,INDIVIDUAL,LDH,Punjab,15/01/2026 11:34 PM,6737069990,A,₹399.08,MCH6109,4814,Individual,Telecom,2026-01-15 23:34:00,0,0,6737069990,0,0,399.08,0,0,6109,0,0,0,0,1
MCH6112,LUTHRA-GROVER,5942,Books,partnership,Jaipur,Rajasthan,22/06/2024,,Live,"Rs. 1,366",MCH6112,5942,Partnership,Books & Stationery,2024-06-22 00:00:00,0,0,,1,0,1366.0,0,0,6112,0,0,0,0,1
MCH6113,  Tara-Kala  ,5699,garments,Private Limited,Amritsar,Punjab,,,ACTIVE,915.2,MCH6113,5699,Private Limited,Clothing,,1,0,,1,0,915.2,0,0,6113,1,1,1,3,2
MCH6114,"  Khurana, Chowdhury and Chaudhary  ",,Mobile Recharge,PRIVATE_LIMITED,chennai,Tamil Nadu,,XXXX2122,ACTIVE,"Rs. 1,212",MCH6114,,Private Limited,Unknown,,1,0,XXXX2122,0,1,1212.0,0,0,6114,0,0,0,0,1
MCH6115,Padmanabhan-Chahal,misc,Retail,Private Limited,Bombay,Maharashtra,01/03/2024,XXXX5769,I,INR 266.65,MCH6115,,Private Limited,Unknown,2024-03-01 00:00:00,0,0,XXXX5769,0,1,266.65,0,0,6115,0,0,0,0,1
MCH-6116,KEER-SHUKLA,4131,Transport,individual,Delhi,Delhi,18-Feb-2025,5115475557,Enabled,"Rs. 3,651",MCH6116,4131,Individual,Transportation,2025-02-18 00:00:00,0,0,5115475557,0,0,3651.0,0,0,6116,0,0,0,0,1
MCH6118,"radhakrishnan, lala and devi",5311,DEPT_STORE,sole_proprietor,Dilli,Delhi,06/01/2024,6215610983,Active,"Rs. 11,547",MCH6118,5311,Sole Proprietor,Department Stores,2024-01-06 00:00:00,0,0,6215610983,0,0,11547.0,0,0,6118,0,0,0,0,1
MCH-6119,HayerLtd,5912,Pharmacies,Individual,ASR,Punjab,2025/12/11,,Live,"₹1,262.04",MCH6119,5912,Individual,Pharmacy & Medical,2025-12-11 00:00:00,0,0,,1,0,1262.04,0,0,6119,1,1,1,3,2
MCH-6121,Madan PLC,MCC-5311,Retail,Private Limited,Bangalore,Karnataka,09-07-2023,2257947989,Active,1208.86,MCH6121,5311,Private Limited,Department Stores,2023-09-07 00:00:00,0,0,2257947989,0,0,1208.86,0,0,6121,1,0,0,1,2
MCH6122,RAI LTD,MCC-4131,Transport,PRIVATE-LIMITED,Jalandar,Punjab,02-11-2024,JNKS9651802205909,INACTIVE,"₹2,198.19",MCH6122,4131,Private Limited,Transportation,2024-02-11 00:00:00,0,0,JNKS9651802205909,0,0,2198.19,0,0,6122,0,1,1,2,2
mch6131,"Dhar, Dada and Bakshi",,cloths,Partnership,Bangalore,Karnataka,2024-03-10 19:58:24,4600930161,Inactive,"Rs. 1,921",MCH6131,,Partnership,Unknown,2024-03-10 19:58:24,0,0,4600930161,0,0,1921.0,0,0,6131,0,0,1,1,2
MCH-6137,"Saxena, Aggarwa1 and Sem",5812,eating place,INDIVIDUAL,HYDERABAD,Telangana,,3824594690,Live,421.31,MCH6137,5812,Individual,Food & Restaurants,,1,0,3824594690,0,0,421.31,0,0,6137,0,1,1,2,2
MCH6143,BARAL PLC,5411,kirana,PARTNERSHIP,Calcutta,West Bengal,2024-12-05 02:07:44,7112045329,Enabled,1054.97,MCH6143,5411,Partnership,Grocery,2024-12-05 02:07:44,0,0,7112045329,0,0,1054.97,0,0,6143,1,1,0,2,2
MCH6144,Ravi-Dhingra,5912,chemist,PRIVATE-LIMITED,Hyderabad,Telangana,2023/04/28,,Active,"Rs. 2,686",MCH6144,5912,Private Limited,Pharmacy & Medical,2023-04-28 00:00:00,0,0,,1,0,2686.0,0,0,6144,0,0,0,0,1
MCH6146,Handa LLC,5912,MEDICAL_STORE,individual,ASR,Punjab,01-Jan-2023,BIZN7645519547179,Enabled,-1061.38,MCH6146,5912,Individual,Pharmacy & Medical,2023-01-01 00:00:00,0,0,BIZN7645519547179,0,0,-1061.38,0,1,6146,0,0,0,0,1
mch6147,Singhal-Murthy,4131.0,Transport,Partnership,Mumbay,Maharashtra,01-06-2023,,Active,-1814.59,MCH6147,4131,Partnership,Transportation,2023-01-06 00:00:00,0,0,,1,0,-1814.59,0,1,6147,0,0,0,0,1
MCH6148,"Sem, Aggarwa1 and Uppa1",5311,DEPT_STORE,sole_proprietor,LKO,Uttar Pradesh,29/11/2025 06:29 AM,8892638195,Disabled,3148.18,MCH6148,5311,Sole Proprietor,Department Stores,2025-11-29 06:29:00,0,0,8892638195,0,0,3148.18,0,0,6148,1,1,1,3,3
MCH6150,"  Chada, Vala and Merchant  ",4814.0,Mobile Recharge,private_limited,Hyd,Telangana,10-Oct-2024,6593744761,INACTIVE,Rs. 616,MCH6150,4814,Private Limited,Telecom,2024-10-10 00:00:00,0,0,6593744761,0,0,616.0,0,0,6150,1,1,1,3,2
MCH6152,Mukhopadhyay PLC,05942,Stationery,INDIVIDUAL,JPR,Rajasthan,12-20-2025,OXKW4550087815999,ACTIVE,1642.16,MCH6152,5942,Individual,Books & Stationery,2025-12-20 00:00:00,0,0,OXKW4550087815999,0,1,1642.16,0,0,6152,1,1,1,3,3
MCH6155,"Mukhopadhyay, Doshi and Gopal",05411,Grocery Stores,SOLE-PROPRIETOR,Jalandhar,Punjab,03-Oct-2025,XXXX5418,ACTIVE,-830.87,MCH6155,5411,Sole Proprietor,Grocery,2025-10-03 00:00:00,0,0,XXXX5418,0,1,-830.87,0,1,6155,1,1,1,3,3
MCH6158,"Dhingra, Ratti and Palla",4131,Bus/Taxi,Sole Proprietor,Amritsar,Punjab,26/04/2023,VDGT0468038681462,ACTIVE,1443.6,MCH6158,4131,Sole Proprietor,Transportation,2023-04-26 00:00:00,0,0,VDGT0468038681462,0,0,1443.6,0,0,6158,0,0,0,0,1
MCH6161,Sura-Wadhwa,misc,Telecom,Individual,bengaluru,Karnataka,22/04/2025,QWHT6526941757258,A,₹490.18,MCH6161,,Individual,Unknown,2025-04-22 00:00:00,0,0,QWHT6526941757258,0,0,490.18,0,0,6161,1,1,1,3,2
MCH6162,"Naik, Kade and Singh",4131,Bus/Taxi,PARTNERSHIP,ASR,Punjab,21/03/2025,XXXX4537,Enabled,2176.24,MCH6162,4131,Partnership,Transportation,2025-03-21 00:00:00,0,0,XXXX4537,0,1,2176.24,0,0,6162,0,0,0,0,1
MCH-6163,Mani Ltd,5942,Book Store,PARTNERSHIP,HYDERABAD,Telangana,30/10/2025,RJUA0543412555773,Enabled,2298.3,MCH6163,5942,Partnership,Books & Stationery,2025-10-30 00:00:00,0,0,RJUA0543412555773,0,0,2298.3,0,0,6163,1,1,0,2,2
6164,"Bir, Patil and Chahal",,Pharmacy,SOLE-PROPRIETOR,Mumbay,Maharashtra,01/03/2023 06:39 PM,4503250362,Live,"Rs. 1,451",6164,,Sole Proprietor,Unknown,2023-03-01 18:39:00,0,0,4503250362,0,0,1451.0,0,0,6164,0,0,0,0,1
mch6165,"chandran, dey and dalal",,apparel,Private Limited,delhi,Delhi,29/08/2025 04:50 PM,CFEB4939576870397,Active,1513.56,MCH6165,,Private Limited,Unknown,2025-08-29 16:50:00,0,0,CFEB4939576870397,0,0,1513.56,0,0,6165,1,1,1,3,4
MCH6167,"Chawla, Andra and Varty",4814,Telecom,PARTNERSHIP,Hyderabad,Telangana,2023/05/08,6258351219,ACTIVE,2407.62,MCH6167,4814,Partnership,Telecom,2023-05-08 00:00:00,0,0,6258351219,0,0,2407.62,0,0,6167,0,0,0,0,1
MCH6168,"raj, sharma and panchal",4131,Bus/Taxi,private_limited,LDH,Punjab,19/08/2025,,Active,"1,123.84",MCH6168,4131,Private Limited,Transportation,2025-08-19 00:00:00,0,0,,1,0,1123.84,0,0,6168,0,0,0,0,1
MCH6170,Gh0se-Mann,5999,Miscellaneous,private_limited,LKO,Uttar Pradesh,05-Sep-2023,5980501724,ACTIVE,"1,120.12",MCH6170,5999,Private Limited,Other Retail,2023-09-05 00:00:00,0,0,5980501724,0,0,1120.12,0,0,6170,0,0,0,0,1
MCH 6171,  Naik and Sons  ,5812,Restaurant,Individual,amritsar,Punjab,08-09-2023,,Closed,4084.17,MCH6171,5812,Individual,Food & Restaurants,2023-08-09 00:00:00,0,0,,1,0,4084.17,0,0,6171,0,0,0,0,1
MCH 6172,Raja Inc,5812,Food,Sole Proprietor,Hyderabad,Telangana,09-Nov-2024,,Enabled,"Rs. 1,050",MCH6172,5812,Sole Proprietor,Food & Restaurants,2024-11-09 00:00:00,0,0,,1,0,1050.0,0,0,6172,0,0,0,0,1
MCH6176,"TANDON, BADAL AND NATARAJAN",04131,TRAVEL,PRIVATE_LIMITED,Hyderabad,Telangana,12-10-2025,XXXX9488,Enabled,"INR 2,925.84",MCH6176,4131,Private Limited,Transportation,2025-12-10 00:00:00,0,0,XXXX9488,0,1,2925.84,0,0,6176,0,0,0,0,1
MCH6180,Thakur and Sons,5699.0,Apparel,Private Limited,LKO,Uttar Pradesh,1748055563,MWYN7782824521830,ACTIVE,699.96,MCH6180,5699,Private Limited,Clothing,2025-05-24 02:59:23,0,0,MWYN7782824521830,0,0,699.96,0,0,6180,0,0,0,0,1
MCH6183,DUTT PLC,7011,Hotel,SOLE-PROPRIETOR,Kolkata,West Bengal,2026/02/23,,Active,-1191.35,MCH6183,7011,Sole Proprietor,Hotels & Hospitality,2026-02-23 00:00:00,0,0,,1,0,-1191.35,0,1,6183,1,1,1,3,3
MCH6184,Peri-R0ut,4131,Bus/Taxi,SOLE-PROPRIETOR,MUMBAI,Maharashtra,,XXXX1239,ACTIVE,"INR 1,637.73",MCH6184,4131,Sole Proprietor,Transportation,,1,0,XXXX1239,0,1,1637.73,0,0,6184,0,0,0,0,1
MCH6187,"Shanker, Sastry and Rattan",4131,TRAVEL,Individual,Dilli,Delhi,11-17-2025,,ACTIVE,327.19,MCH6187,4131,Individual,Transportation,2025-11-17 00:00:00,0,0,,1,0,327.19,0,0,6187,0,0,0,0,1
MCH6188,"Batta, Choudhary and Bhalla",4131,transprt,PRIVATE-LIMITED,kolkata,West Bengal,09/01/2026,3109651401,Active,Rs. 163,MCH6188,4131,Private Limited,Transportation,2026-01-09 00:00:00,0,0,3109651401,0,0,163.0,0,0,6188,1,1,1,3,2
MCH 6190,Pal Ltd,5699.0,CLOTHS,PRIVATE_LIMITED,Ludhiana,Punjab,2023/03/01,,Live,INR 376.59,MCH6190,5699,Private Limited,Clothing,2023-03-01 00:00:00,0,0,,1,0,376.59,0,0,6190,0,0,0,0,1
MCH6197,VIRK-VERMA,4131,Bus/Taxi,Partnership,Hyderabad,Telangana,,,Enabled,661.04,MCH6197,4131,Partnership,Transportation,,1,0,,1,0,661.04,0,0,6197,0,0,0,0,2
MCH6198,Rana-Sabharwal,5311,Retail,Individual,Bombay,Maharashtra,,,Live,410.5,MCH6198,5311,Individual,Department Stores,,1,0,,1,0,410.5,0,0,6198,0,0,0,0,1
MCH 6200,"Sen, Walla and Bath",5999,retail other,Private Limited,delhi,Delhi,29/01/2024 08:38 PM,,Inactive,,MCH6200,5999,Private Limited,Other Retail,2024-01-29 20:38:00,0,0,,1,0,,1,0,6200,1,0,1,2,3
MCH6205,  Munshi Inc  ,4814,Telecom,sole_proprietor,LDH,Punjab,01/01/2026,JWPM8696907638772,ACTIVE,230.73,MCH6205,4814,Sole Proprietor,Telecom,2026-01-01 00:00:00,0,0,JWPM8696907638772,0,0,230.73,0,0,6205,1,1,0,2,2
MCH6206,"chander, bawa and setty",7011,Hospitality,Sole Proprietor,lucknow,Uttar Pradesh,08/12/2025 05:06 AM,,Live,"₹1,545.95",MCH6206,7011,Sole Proprietor,Hotels & Hospitality,2025-12-08 05:06:00,0,0,,1,0,1545.95,0,0,6206,1,1,1,3,4
MCH6207,"Ganesan, Bajwa and Reddy",5912,Pharmacy,PARTNERSHIP,JPR,Rajasthan,2023/03/21,1318873894,ACTIVE,₹391.96,MCH6207,5912,Partnership,Pharmacy & Medical,2023-03-21 00:00:00,0,0,1318873894,0,0,391.96,0,0,6207,0,0,0,0,1
6208,Tak-Parmar,04814,Telecom,PRIVATE-LIMITED,LKO,Uttar Pradesh,16-Mar-2024,XXXX8227,Blocked,,6208,4814,Private Limited,Telecom,2024-03-16 00:00:00,0,0,XXXX8227,0,1,,1,0,6208,0,0,0,0,1
MCH6210,Sem Group,5812,eating place,private_limited,amritsar,Punjab,1704249728,,A,2370.64,MCH6210,5812,Private Limited,Food & Restaurants,2024-01-03 02:42:08,0,0,,1,0,2370.64,0,0,6210,0,0,0,0,1
MCH6213,Sangha LLC,,Retail Other,PRIVATE_LIMITED,delhi,Delhi,03/12/2025 12:46 PM,,ACTIVE,Rs. 722,MCH6213,,Private Limited,Unknown,2025-12-03 12:46:00,0,0,,1,0,722.0,0,0,6213,0,0,0,0,1
MCH6216,"Bhatti, Dass and Deshpande",05411,Grocery,individual,Ludhiana,Punjab,08/09/2024 01:01 AM,XXXX5234,Active,"₹1,325.06",MCH6216,5411,Individual,Grocery,2024-09-08 01:01:00,0,0,XXXX5234,0,1,1325.06,0,0,6216,1,1,1,3,2
MCH6218,chad-bhakta,5411,Grocery,SOLE-PROPRIETOR,Madras,Tamil Nadu,12-23-2023,TDSR2442651102267,A,Rs. 218,MCH6218,5411,Sole Proprietor,Grocery,2023-12-23 00:00:00,0,0,TDSR2442651102267,0,0,218.0,0,0,6218,0,0,0,0,1
MCH6219,"Morar, Walla and Behl",MCC-5912,MEDICAL_STORE,partnership,Delhi,Delhi,24/06/2024,,ACTIVE,4347.57,MCH6219,5912,Partnership,Pharmacy & Medical,2024-06-24 00:00:00,0,0,,1,0,4347.57,0,0,6219,0,0,0,0,1
MCH6221,Dey-Maharaj,5912,chemist,PRIVATE-LIMITED,ludhiana,Punjab,2026/01/22,8909550882,Inactive,-402.9,MCH6221,5912,Private Limited,Pharmacy & Medical,2026-01-22 00:00:00,0,0,8909550882,0,0,-402.9,0,1,6221,1,1,1,3,2
MCH6223,Ramanathan-Dhingra,4131,TRAVEL,INDIVIDUAL,Lucknow,Uttar Pradesh,10-03-2023,4296850394,Active,Rs. 306,MCH6223,4131,Individual,Transportation,2023-10-03 00:00:00,0,0,4296850394,0,0,306.0,0,0,6223,0,0,0,0,1
MCH 6224,La1-Anand,5912,chemist,private_limited,New Delhi,Delhi,28-Jul-2025,3453251138,ACTIVE,"Rs. 3,823",MCH6224,5912,Private Limited,Pharmacy & Medical,2025-07-28 00:00:00,0,0,3453251138,0,0,3823.0,0,0,6224,1,1,0,2,2
MCH6225,"LOYAL, MANDER AND AGRAWAL",5411,Grocery,SOLE-PROPRIETOR,Kolkata,West Bengal,2023/12/17,,Enabled,INR 859.91,MCH6225,5411,Sole Proprietor,Grocery,2023-12-17 00:00:00,0,0,,1,0,859.91,0,0,6225,0,0,0,0,1
MCH6228,"Kar, Agarwal and Karpe",5812,eating place,private_limited,Bengaluru,Karnataka,2024/08/05,,Suspended,1145.75,MCH6228,5812,Private Limited,Food & Restaurants,2024-08-05 00:00:00,0,0,,1,0,1145.75,0,0,6228,0,0,1,1,2
MCH-6231,"CHAND, JOHAL AND CHAWLA",5812,FOOD_SERVICES,PRIVATE-LIMITED,Jalandhar,Punjab,2023/06/26,1062018479,Live,Rs. 919,MCH6231,5812,Private Limited,Food & Restaurants,2023-06-26 00:00:00,0,0,1062018479,0,0,919.0,0,0,6231,0,0,0,0,1
MCH6233,Vohra Ltd,5942,Books,PARTNERSHIP,DELHI,Delhi,02-26-2026,,Live,2389.79,MCH6233,5942,Partnership,Books & Stationery,2026-02-26 00:00:00,0,0,,1,0,2389.79,0,0,6233,0,1,1,2,2
MCH-6239,Varkey-More,5699,Clothing,PRIVATE-LIMITED,LKO,Uttar Pradesh,08-20-2025,,Active,849.30,MCH6239,5699,Private Limited,Clothing,2025-08-20 00:00:00,0,0,,1,0,849.3,0,0,6239,1,1,0,2,2
MCH6240,mutti plc,5999,Misc Retail,PARTNERSHIP,Delhi,Delhi,11-08-2025,,Enabled,"₹1,461.10",MCH6240,5999,Partnership,Other Retail,2025-11-08 00:00:00,0,0,,1,0,1461.1,0,0,6240,1,1,0,2,2
MCH6242,  Som Inc  ,5311,Department Store,sole_proprietor,jaipur,Rajasthan,1687841954,ELTM3518126936690,Live,-1984.97,MCH6242,5311,Sole Proprietor,Department Stores,2023-06-27 04:59:14,0,0,ELTM3518126936690,0,0,-1984.97,0,1,6242,0,0,0,0,1
MCH6244,Memon and Sons,5311,Retail,Individual,MUMBAI,Maharashtra,2025/11/24,,Disabled,-1468.71,MCH6244,5311,Individual,Department Stores,2025-11-24 00:00:00,0,0,,1,0,-1468.71,0,1,6244,1,0,1,2,2
MCH 6246,  Zachariah Group  ,5699,CLOTHS,INDIVIDUAL,Madras,Tamil Nadu,16-Jun-2025,,A,1510.7,MCH6246,5699,Individual,Clothing,2025-06-16 00:00:00,0,0,,1,0,1510.7,0,0,6246,0,1,1,2,2
MCH6247,Dhar-Ram,4814,phone service,INDIVIDUAL,JPR,Rajasthan,01-14-2026,,Live,₹468.52,MCH6247,4814,Individual,Telecom,2026-01-14 00:00:00,0,0,,1,0,468.52,0,0,6247,0,0,0,0,1
MCH6251,"Sodhi, Handa and Venkatesh",5411,Grocery Stores,Sole Proprietor,LKO,Uttar Pradesh,18/09/2025,2729847488,S,291.55,MCH6251,5411,Sole Proprietor,Grocery,2025-09-18 00:00:00,0,0,2729847488,0,0,291.55,0,0,6251,0,0,0,0,1
MCH6254,MURTHY GROUP,4814,Telecom,partnership,Amritsar,Punjab,05/07/2025 11:34 PM,7655418410,I,,MCH6254,4814,Partnership,Telecom,2025-07-05 23:34:00,0,0,7655418410,0,0,,1,0,6254,0,0,0,0,1
MCH6255,"GUPTA, KIBE AND AURORA",7011,Hospitality,PARTNERSHIP,lucknow,Uttar Pradesh,2023-10-31 04:07:14,5876602681,Live,"Rs. 3,182",MCH6255,7011,Partnership,Hotels & Hospitality,2023-10-31 04:07:14,0,0,5876602681,0,0,3182.0,0,0,6255,0,0,0,0,1
MCH6256,Rana-Walia,5812,Restaurants,SOLE-PROPRIETOR,LDH,Punjab,2025/02/27,XXXX5533,I,INR 330.34,MCH6256,5812,Sole Proprietor,Food & Restaurants,2025-02-27 00:00:00,0,0,XXXX5533,0,1,330.34,0,0,6256,1,1,1,3,2
MCH6257,"Ba1i, Ahuja and Natarajan",4131,transprt,Individual,DELHI,Delhi,27/11/2025,,Hold,"Rs. 1,050",MCH6257,4131,Individual,Transportation,2025-11-27 00:00:00,0,0,,1,0,1050.0,0,0,6257,1,1,1,3,2
MCH-6258,"Mitra, Nori and Venkataraman",,Pharmacies,private_limited,Hyd,Telangana,10/02/2025 06:46 PM,,ACTIVE,₹353.34,MCH6258,,Private Limited,Unknown,2025-02-10 18:46:00,0,0,,1,0,353.34,0,0,6258,0,0,0,0,1
MCH6260,MITTAL PLC,5912,Pharmacy,PRIVATE-LIMITED,lucknow,Uttar Pradesh,27/01/2025 03:46 PM,XXXX9807,Live,,MCH6260,5912,Private Limited,Pharmacy & Medical,2025-01-27 15:46:00,0,0,XXXX9807,0,1,,1,0,6260,0,0,0,0,1
MCH6262,Saran Ltd,5311,Department Store,partnership,Mumbay,Maharashtra,1754309198,XXXX7596,I,"Rs. 6,560",MCH6262,5311,Partnership,Department Stores,2025-08-04 12:06:38,0,0,XXXX7596,0,1,6560.0,0,0,6262,0,0,0,0,1
MCH6263,"Bahri, Bajaj and Mander",5942,Books,individual,Madras,Tamil Nadu,10-Sep-2025,,Inactive,₹667.85,MCH6263,5942,Individual,Books & Stationery,2025-09-10 00:00:00,0,0,,1,0,667.85,0,0,6263,0,0,0,0,1
MCH-6267,Mandal-Badal,4814,phone service,partnership,MUMBAI,Maharashtra,10-Dec-2024,,A,,MCH6267,4814,Partnership,Telecom,2024-12-10 00:00:00,0,0,,1,0,,1,0,6267,0,0,0,0,1
MCH6268,"yogi, sachar and mammen",5411,Grocery Stores,Sole Proprietor,Jalandhar,Punjab,05-Nov-2025,XXXX1380,A,"Rs. 1,773",MCH6268,5411,Sole Proprietor,Grocery,2025-11-05 00:00:00,0,0,XXXX1380,0,1,1773.0,0,0,6268,1,0,1,2,2
MCH6273,"  Dubey, Narula and Jhaveri  ",5311,Department Store,PRIVATE_LIMITED,pune,Maharashtra,2025/05/06,,Live,₹754.63,MCH6273,5311,Private Limited,Department Stores,2025-05-06 00:00:00,0,0,,1,0,754.63,0,0,6273,0,0,0,0,1
MCH-6274,Mall Inc,7011,HOTEL_LODGING,PARTNERSHIP,Amritsar,Punjab,2025/06/21,XXXX1310,ACTIVE,"₹1,700.39",MCH6274,7011,Partnership,Hotels & Hospitality,2025-06-21 00:00:00,0,0,XXXX1310,0,1,1700.39,0,0,6274,0,0,0,0,1
MCH6275,Tank PLC,4814,Mobile Recharge,Sole Proprietor,chennai,Tamil Nadu,26-Aug-2024,XXXX8300,Active,Rs. 781,MCH6275,4814,Sole Proprietor,Telecom,2024-08-26 00:00:00,0,0,XXXX8300,0,1,781.0,0,0,6275,0,0,0,0,1
MCH6277,"MANGAT, KAUR AND GUHA",07011,Hospitality,PARTNERSHIP,New Delhi,Delhi,2024-04-07 03:31:48,,Active,"Rs. 1,786",MCH6277,7011,Partnership,Hotels & Hospitality,2024-04-07 03:31:48,0,0,,1,0,1786.0,0,0,6277,1,0,1,2,2
mch6278,"Keer, Sha and Sama",05912,Medical,PARTNERSHIP,kolkata,West Bengal,2025/08/23,2867105387,Enabled,"8,713.68",MCH6278,5912,Partnership,Pharmacy & Medical,2025-08-23 00:00:00,0,0,2867105387,0,0,8713.68,0,0,6278,0,0,0,0,1
MCH6280,Khanna-Kanda,5699,garments,SOLE-PROPRIETOR,pune,Maharashtra,,1584508627,Enabled,243.27,MCH6280,5699,Sole Proprietor,Clothing,,1,0,1584508627,0,0,243.27,0,0,6280,0,0,0,0,1
MCH6282,Madan-Din,7011,Hotels,PARTNERSHIP,ASR,Punjab,20-Jan-2026,,Enabled,955.08,MCH6282,7011,Partnership,Hotels & Hospitality,2026-01-20 00:00:00,0,0,,1,0,955.08,0,0,6282,1,1,0,2,2
MCH6284,Ta1war Ltd,7011,Hotels,partnership,amritsar,Punjab,11-27-2025,6681997576,Live,-678.88,MCH6284,7011,Partnership,Hotels & Hospitality,2025-11-27 00:00:00,0,0,6681997576,0,0,-678.88,0,1,6284,1,1,1,3,2
mch6285,Kumer-Mane,MCC-7011,Hotel,PRIVATE-LIMITED,Bengaluru,Karnataka,2024/10/01,,Active,567.98,MCH6285,7011,Private Limited,Hotels & Hospitality,2024-10-01 00:00:00,0,0,,1,0,567.98,0,0,6285,0,0,0,0,1
MCH6290,Chaudhry-Agarwal,5999,Retail Other,PARTNERSHIP,ludhiana,Punjab,01/09/2023,,Disabled,"Rs. 5,757",MCH6290,5999,Partnership,Other Retail,2023-09-01 00:00:00,0,0,,1,0,5757.0,0,0,6290,0,0,0,0,1
MCH 6291,Sheth-Anne,5311,Retail,partnership,Delhi,Delhi,15/10/2025,5416820526,SUSPENDED,-2021.5,MCH6291,5311,Partnership,Department Stores,2025-10-15 00:00:00,0,0,5416820526,0,0,-2021.5,0,1,6291,1,1,1,3,2
MCH6293,Bora-Nigam,5311,Department Store,PARTNERSHIP,Jalandar,Punjab,,,Live,-4957.97,MCH6293,5311,Partnership,Department Stores,,1,0,,1,0,-4957.97,0,1,6293,0,0,0,0,1
MCH6296,"Goyal, Vora and Loke",5411,GROCERY_STORE,PRIVATE_LIMITED,lucknow,Uttar Pradesh,,,Live,Rs. 538,MCH6296,5411,Private Limited,Grocery,,1,0,,1,0,538.0,0,0,6296,0,0,0,0,1
MCH6299,Pathak-Mukherjee,5999,other,Individual,Dilli,Delhi,02/02/2025,,Suspended,256.83,MCH6299,5999,Individual,Other Retail,2025-02-02 00:00:00,0,0,,1,0,256.83,0,0,6299,0,0,1,1,2
MCH6300,Kumar PLC,5699.0,CLOTHS,PARTNERSHIP,jaipur,Rajasthan,17/04/2025,,ACTIVE,1647.52,MCH6300,5699,Partnership,Clothing,2025-04-17 00:00:00,0,0,,1,0,1647.52,0,0,6300,0,0,0,0,1
MCH6301,"Apte, Vohra and Gade",4814,Telecom,PARTNERSHIP,Jalandar,Punjab,2023/03/30,,ACTIVE,"2,355.49",MCH6301,4814,Partnership,Telecom,2023-03-30 00:00:00,0,0,,1,0,2355.49,0,0,6301,0,0,0,0,1
mch6302,Gour-Rattan,04131,transprt,Individual,HYDERABAD,Telangana,29-Sep-2024,HNZM4152862016158,ACTIVE,INR 966.01,MCH6302,4131,Individual,Transportation,2024-09-29 00:00:00,0,0,HNZM4152862016158,0,0,966.01,0,0,6302,0,0,0,0,1
MCH6305,"Chakraborty,HansandSahota",4131,Transport,INDIVIDUAL,MUMBAI,Maharashtra,2025/10/20,,Active,1075.82,MCH6305,4131,Individual,Transportation,2025-10-20 00:00:00,0,0,,1,0,1075.82,0,0,6305,0,0,0,0,1
mch6306,"RAMESH, VISWANATHAN AND KALITA",04131,Transport,PRIVATE-LIMITED,chennai,Tamil Nadu,01-05-2026,XXXX8991,ACTIVE,302.6,MCH6306,4131,Private Limited,Transportation,2026-01-05 00:00:00,0,0,XXXX8991,0,1,302.6,0,0,6306,0,0,0,0,1
MCH 6308,Panchal PLC,5999,Other,PARTNERSHIP,JPR,Rajasthan,,,Active,3549.84,MCH6308,5999,Partnership,Other Retail,,1,0,,1,0,3549.84,0,0,6308,1,1,1,3,2
MCH 6313,Ramanathan PLC,UNKNOWN,Grocery,Sole Proprietor,Mumbai,Maharashtra,,THOM0066375833437,Active,"3,430.73",MCH6313,,Sole Proprietor,Unknown,,1,0,THOM0066375833437,0,0,3430.73,0,0,6313,0,0,0,0,1
MCH6314,"kuruvilla, lalla and mallick",5699.0,CLOTHS,Private Limited,lucknow,Uttar Pradesh,05/01/2026 03:15 PM,,Live,697.89,MCH6314,5699,Private Limited,Clothing,2026-01-05 15:15:00,0,0,,1,0,697.89,0,0,6314,1,1,0,2,2
MCH6315,PRABHAKAR-SOMAN,5942,Books,partnership,Mumbai,Maharashtra,,XXXX3336,Hold,341.33,MCH6315,5942,Partnership,Books & Stationery,,1,0,XXXX3336,0,1,341.33,0,0,6315,1,1,1,3,2
MCH6321,Chander Ltd,5999,Other,private_limited,jaipur,Rajasthan,,,A,₹380.10,MCH6321,5999,Private Limited,Other Retail,,1,0,,1,0,380.1,0,0,6321,0,0,0,0,1
MCH6325,"Sathe, Seth and Varghese",5311,Department Stores,PARTNERSHIP,DELHI,Delhi,2025/04/03,,INACTIVE,422.65,MCH6325,5311,Partnership,Department Stores,2025-04-03 00:00:00,0,0,,1,0,422.65,0,0,6325,0,1,1,2,2
mch6326,"Barad,MurtyandTella",5942,books_stationery,PRIVATE-LIMITED,chennai,Tamil Nadu,22/06/2024 06:08 PM,LQXK9607455160094,Enabled,-671.62,MCH6326,5942,Private Limited,Books & Stationery,2024-06-22 18:08:00,0,0,LQXK9607455160094,0,1,-671.62,0,1,6326,0,0,0,0,2
MCH6328,"  Ray, Pandit and Bala  ",4814,phone service,private_limited,Chennai,Tamil Nadu,27/11/2025 12:31 AM,GCWI4729638964155,A,644.89,MCH6328,4814,Private Limited,Telecom,2025-11-27 00:31:00,0,0,GCWI4729638964155,0,0,644.89,0,0,6328,0,0,0,0,1
MCH-6329,Srinivas-Banerjee,,MEDICAL_STORE,INDIVIDUAL,Kolkata,West Bengal,2024/05/12,XXXX2718,ACTIVE,199.46,MCH6329,,Individual,Unknown,2024-05-12 00:00:00,0,0,XXXX2718,0,1,199.46,0,0,6329,0,0,0,0,1
MCH6331,"varughese, sandhu and issac",,BOOKS_STATIONERY,Individual,Hyd,Telangana,09-01-2025,,A,Rs. 868,MCH6331,,Individual,Unknown,2025-09-01 00:00:00,0,0,,1,0,868.0,0,0,6331,1,1,1,3,2
MCH6332,Shuk1a-Hayre,5311,Department Store,sole_proprietor,LKO,Uttar Pradesh,12/01/2026 05:50 PM,,Active,788.91,MCH6332,5311,Sole Proprietor,Department Stores,2026-01-12 17:50:00,0,0,,1,0,788.91,0,0,6332,1,0,0,1,2
MCH6333,"kumer, butala and sawhney",05699,garments,Individual,Chennai,Tamil Nadu,2024-09-08 02:04:48,HRFV9386173143650,A,831.77,MCH6333,5699,Individual,Clothing,2024-09-08 02:04:48,0,0,HRFV9386173143650,0,0,831.77,0,0,6333,0,0,0,0,1
mch6336,"Kunda, Kumar and Gulati",,transprt,Private Limited,chennai,Tamil Nadu,16/03/2024 04:19 PM,XXXX8337,Enabled,772.78,MCH6336,,Private Limited,Unknown,2024-03-16 16:19:00,0,0,XXXX8337,0,1,772.78,0,0,6336,0,0,0,0,1
MCH6337,Chander LLC,5912.0,Pharmacies,INDIVIDUAL,Calcutta,West Bengal,28/12/2025 10:16 PM,,Live,1428.08,MCH6337,5912,Individual,Pharmacy & Medical,2025-12-28 22:16:00,0,0,,1,0,1428.08,0,0,6337,0,0,0,0,1
MCH6338,Dutta PLC,05311,DEPT_STORE,INDIVIDUAL,Kolkata,West Bengal,29-Jun-2024,,Enabled,"₹1,835.50",MCH6338,5311,Individual,Department Stores,2024-06-29 00:00:00,0,0,,1,0,1835.5,0,0,6338,0,0,0,0,1
MCH6343,Prabhakar Ltd,5411,Grocery,SOLE-PROPRIETOR,ludhiana,Punjab,13-Nov-2025,,Disabled,8227.32,MCH6343,5411,Sole Proprietor,Grocery,2025-11-13 00:00:00,0,0,,1,0,8227.32,0,0,6343,1,1,1,3,2
mch6345,Mani Group,5999,Other,PARTNERSHIP,Ludhiana,Punjab,,,A,"₹1,339.21",MCH6345,5999,Partnership,Other Retail,,1,0,,1,0,1339.21,0,0,6345,0,0,0,0,1
MCH6351,Mahal-Padmanabhan,05812,Restaurant,PARTNERSHIP,BLR,Karnataka,2025/03/30,IXWO1858083433710,ACTIVE,"₹3,129.06",MCH6351,5812,Partnership,Food & Restaurants,2025-03-30 00:00:00,0,0,IXWO1858083433710,0,1,3129.06,0,0,6351,0,0,0,0,1
MCH-6352,ChadhaGroup,,kirana,Private Limited,Chennai,Tamil Nadu,1716130503,QWFC2198127321151,Suspended,419.41,MCH6352,,Private Limited,Unknown,2024-05-19 14:55:03,0,0,QWFC2198127321151,0,0,419.41,0,0,6352,1,1,1,3,2
MCH6354,"Gulati, Khosla and Peri",5812,Restaurants,PARTNERSHIP,Lucknow,Uttar Pradesh,08-14-2025,,Active,122.8,MCH6354,5812,Partnership,Food & Restaurants,2025-08-14 00:00:00,0,0,,1,0,122.8,0,0,6354,0,0,0,0,1
MCH6355,Dutt PLC,05699,CLOTHS,PRIVATE_LIMITED,Bangalore,Karnataka,1743483161,4977061313,Live,INR 495.94,MCH6355,5699,Private Limited,Clothing,2025-04-01 04:52:41,0,0,4977061313,0,0,495.94,0,0,6355,0,0,0,0,1
MCH6356,"pandit, wagle and kata",7011,Hospitality,private_limited,ASR,Punjab,1722677488,XXXX6397,Disabled,499.8,MCH6356,7011,Private Limited,Hotels & Hospitality,2024-08-03 09:31:28,0,0,XXXX6397,0,1,499.8,0,0,6356,0,0,0,0,1
MCH6359,  Pai-Dada  ,,TRAVEL,INDIVIDUAL,JPR,Rajasthan,2025/05/27,XFLS9466066220965,Live,484.00,MCH6359,,Individual,Unknown,2025-05-27 00:00:00,0,0,XFLS9466066220965,0,1,484.0,0,0,6359,0,0,0,0,1
MCH6360,"  Desai, Shroff and Goel  ",7011,Hotel,private_limited,Jalandhar,Punjab,11-Nov-2025,7990572488,INACTIVE,635.23,MCH6360,7011,Private Limited,Hotels & Hospitality,2025-11-11 00:00:00,0,0,7990572488,0,0,635.23,0,0,6360,1,1,1,3,3
MCH6361,"Saran, Dhar and Chaudhry",7011,Hotel,SOLE_PROPRIETOR,New Delhi,Delhi,2023-04-18 22:29:15,9705258117,Live,₹701.89,MCH6361,7011,Sole Proprietor,Hotels & Hospitality,2023-04-18 22:29:15,0,0,9705258117,0,0,701.89,0,0,6361,0,0,0,0,1
MCH6365,Bora-Sood,5311,Department Stores,Individual,Pune,Maharashtra,2025/06/28,,Active,-3013.41,MCH6365,5311,Individual,Department Stores,2025-06-28 00:00:00,0,0,,1,0,-3013.41,0,1,6365,1,1,1,3,2
MCH6366,"hora, edwin and zacharia",4814,Mobile Recharge,sole_proprietor,ludhiana,Punjab,29/03/2025,8367872742,ACTIVE,₹780.59,MCH6366,4814,Sole Proprietor,Telecom,2025-03-29 00:00:00,0,0,8367872742,0,0,780.59,0,0,6366,0,0,0,0,1
MCH6369,"Chaudhry, Batra and Rama",4131,Transportation,PARTNERSHIP,jalandhar,Punjab,15/04/2024,3514628122,Disabled,INR 612.29,MCH6369,4131,Partnership,Transportation,2024-04-15 00:00:00,0,0,3514628122,0,0,612.29,0,0,6369,0,0,0,0,1
mch6370,"Dass, Hegde and Viswanathan",05812,FOOD_SERVICES,Partnership,jaipur,Rajasthan,2023-03-24 18:53:14,PUYW3534134349316,Live,2201.27,MCH6370,5812,Partnership,Food & Restaurants,2023-03-24 18:53:14,0,0,PUYW3534134349316,0,0,2201.27,0,0,6370,0,0,0,0,1
MCH6372,G0da and S0ns,5699.0,Apparel,Individual,chennai,Tamil Nadu,05-14-2024,WEUJ5834386997769,ACTIVE,515.6,MCH6372,5699,Individual,Clothing,2024-05-14 00:00:00,0,0,WEUJ5834386997769,0,0,515.6,0,0,6372,1,1,1,3,2
MCH6376,"Naik, Dhillon and Sama",5942,Books,partnership,Jalandar,Punjab,20/01/2024,KHDL5323426037616,Live,2593.39,MCH6376,5942,Partnership,Books & Stationery,2024-01-20 00:00:00,0,0,KHDL5323426037616,0,0,2593.39,0,0,6376,1,0,1,2,2
MCH6377,BalasubramanianLLC,5912,MEDICAL_STORE,Individual,Mumbai,Maharashtra,06/12/2025,LULW1753905866525,A,"1,259.93",MCH6377,5912,Individual,Pharmacy & Medical,2025-12-06 00:00:00,0,0,LULW1753905866525,0,0,1259.93,0,0,6377,1,1,1,3,2
MCH6379,CHANA-MAHAJAN,5942,BOOKS_STATIONERY,PRIVATE_LIMITED,BLR,Karnataka,08/08/2025 05:00 PM,XXXX7525,Live,2923.98,MCH6379,5942,Private Limited,Books & Stationery,2025-08-08 17:00:00,0,0,XXXX7525,0,1,2923.98,0,0,6379,0,0,0,0,1
MCH6380,Naik-Kalla,5999,Other,Individual,Pune,Maharashtra,2026-01-02 06:05:56,6290942991,Blocked,-1353.03,MCH6380,5999,Individual,Other Retail,2026-01-02 06:05:56,0,0,6290942991,0,0,-1353.03,0,1,6380,0,0,0,0,1
MCH6383,Shere-Mander,,Bus/Taxi,private_limited,New Delhi,Delhi,20-May-2024,,Blocked,1196.32,MCH6383,,Private Limited,Unknown,2024-05-20 00:00:00,0,0,,1,0,1196.32,0,0,6383,1,1,1,3,2
MCH6384,"Rave1, Mane and Madan",05912,Pharmacies,Partnership,Delhi,Delhi,26/04/2023 06:56 AM,8497490345,A,₹334.08,MCH6384,5912,Partnership,Pharmacy & Medical,2023-04-26 06:56:00,0,0,8497490345,0,0,334.08,0,0,6384,0,0,0,0,1
MCH6386,Mahajan Inc,5311,Retail,individual,ASR,Punjab,02-03-2025,,ACTIVE,,MCH6386,5311,Individual,Department Stores,2025-02-03 00:00:00,0,0,,1,0,,1,0,6386,0,0,0,0,1
MCH6388,  Raval-Cherian  ,,Restaurant,PARTNERSHIP,Mumbay,Maharashtra,2023-11-15 00:49:17,,Active,2297.8,MCH6388,,Partnership,Unknown,2023-11-15 00:49:17,0,0,,1,0,2297.8,0,0,6388,1,1,1,3,2
mch6390,barman plc,UNKNOWN,MEDICAL_STORE,INDIVIDUAL,kolkata,West Bengal,24/11/2023,XXXX9714,Active,-904.29,MCH6390,,Individual,Unknown,2023-11-24 00:00:00,0,0,XXXX9714,0,1,-904.29,0,1,6390,0,0,0,0,1
MCH6391,"BHATTI, KEER AND GUPTA",4814,Telecom,INDIVIDUAL,MUMBAI,Maharashtra,22/08/2025 10:17 AM,,Live,Rs. 684,MCH6391,4814,Individual,Telecom,2025-08-22 10:17:00,0,0,,1,0,684.0,0,0,6391,1,0,1,2,2
mch6392,Golla-Pau,,Other,private_limited,Dilli,Delhi,2025-01-04 07:52:24,TXWK8189724291317,ACTIVE,471.06,MCH6392,,Private Limited,Unknown,2025-01-04 07:52:24,0,0,TXWK8189724291317,0,1,471.06,0,0,6392,1,1,1,3,3
MCH6394,YogiInc,5699.0,CLOTHS,PRIVATE-LIMITED,Calcutta,West Bengal,20/10/2023,,Active,1717.76,MCH6394,5699,Private Limited,Clothing,2023-10-20 00:00:00,0,0,,1,0,1717.76,0,0,6394,0,0,0,0,1
MCH-6396,Mani-Puri,5999.0,Retail Other,INDIVIDUAL,LKO,Uttar Pradesh,21-Apr-2025,XXXX7558,Live,4113.97,MCH6396,5999,Individual,Other Retail,2025-04-21 00:00:00,0,0,XXXX7558,0,1,4113.97,0,0,6396,1,1,1,3,2
MCH6397,  Tella-Lad  ,05912,Pharmacies,private_limited,Lucknow,Uttar Pradesh,2025/10/10,,Enabled,Rs. 872,MCH6397,5912,Private Limited,Pharmacy & Medical,2025-10-10 00:00:00,0,0,,1,0,872.0,0,0,6397,1,1,1,3,3
MCH6400,Sem-Keer,5411,Grocery Stores,PARTNERSHIP,ludhiana,Punjab,12-21-2025,4217077300,A,13683.2,MCH6400,5411,Partnership,Grocery,2025-12-21 00:00:00,0,0,4217077300,0,0,13683.2,0,0,6400,0,0,0,0,1
MCH6401,"Shenoy, Doctor and Gola",5912,Medical,INDIVIDUAL,Mumbai,Maharashtra,2025-02-09 13:26:39,,Suspended,690.47,MCH6401,5912,Individual,Pharmacy & Medical,2025-02-09 13:26:39,0,0,,1,0,690.47,0,0,6401,1,1,1,3,2
MCH6403,"Sahni, Kapur and Ganesh",,CLOTHS,private_limited,Madras,Tamil Nadu,30-May-2024,,ACTIVE,₹344.49,MCH6403,,Private Limited,Unknown,2024-05-30 00:00:00,0,0,,1,0,344.49,0,0,6403,0,0,0,0,1
MCH6404,Tailor Group,5999,Other,PRIVATE_LIMITED,Jaipur,Rajasthan,1770219178,,Suspended,792.4,MCH6404,5999,Private Limited,Other Retail,2026-02-04 15:32:58,0,0,,1,0,792.4,0,0,6404,0,0,0,0,1
MCH6405,Jaggi Ltd,5411,groceries,PARTNERSHIP,DELHI,Delhi,26/01/2024 06:23 AM,XXXX6470,A,"Rs. 4,074",MCH6405,5411,Partnership,Grocery,2024-01-26 06:23:00,0,0,XXXX6470,0,1,4074.0,0,0,6405,0,0,0,0,1
MCH6408,Gade and Sons,5942,Books,SOLE_PROPRIETOR,chennai,Tamil Nadu,11-Jun-2024,,A,"INR 4,374.58",MCH6408,5942,Sole Proprietor,Books & Stationery,2024-06-11 00:00:00,0,0,,1,0,4374.58,0,0,6408,0,0,0,0,1
MCH6409,Wason and Sons,5699,Clothing,PRIVATE_LIMITED,BLR,Karnataka,10-07-2024,TVOP0202048560476,S,"INR 1,111.14",MCH6409,5699,Private Limited,Clothing,2024-10-07 00:00:00,0,0,TVOP0202048560476,0,0,1111.14,0,0,6409,0,0,0,0,1
MCH6410,Dua-Kara,5699,Clothing,INDIVIDUAL,Dilli,Delhi,,,Enabled,1003.3,MCH6410,5699,Individual,Clothing,,1,0,,1,0,1003.3,0,0,6410,0,0,0,0,1
MCH6418,  Doctor Ltd  ,7011,Hotels,SOLE_PROPRIETOR,Jalandhar,Punjab,,,Active,1362.45,MCH6418,7011,Sole Proprietor,Hotels & Hospitality,,1,0,,1,0,1362.45,0,0,6418,0,0,0,0,1
MCH6419,"Bhalla, Dubey and Salvi",,Medical,SOLE_PROPRIETOR,Jaipur,Rajasthan,15/01/2024 01:23 AM,,A,"INR 3,881.01",MCH6419,,Sole Proprietor,Unknown,2024-01-15 01:23:00,0,0,,1,0,3881.01,0,0,6419,0,0,0,0,1
MCH6420,Wadhwa and Sons,5912,Medical,PARTNERSHIP,Bangalore,Karnataka,,0724197412,Enabled,160.44,MCH6420,5912,Partnership,Pharmacy & Medical,,1,0,0724197412,0,0,160.44,0,0,6420,0,0,0,0,1
MCH6421,WadhwaLtd,5699,Apparel,sole_proprietor,Bangalore,Karnataka,30/01/2024 09:37 PM,,Enabled,1782.12,MCH6421,5699,Sole Proprietor,Clothing,2024-01-30 21:37:00,0,0,,1,0,1782.12,0,0,6421,0,0,0,0,1
MCH6422,"Bhatnagar, Bora and Venkataraman",5912,Pharmacies,SOLE_PROPRIETOR,Poona,Maharashtra,11/05/2025 11:45 AM,,Live,"₹1,587.75",MCH6422,5912,Sole Proprietor,Pharmacy & Medical,2025-05-11 11:45:00,0,0,,1,0,1587.75,0,0,6422,1,1,1,3,2
MCH6425,Pall-Kanda,5942,BOOKS_STATIONERY,SOLE-PROPRIETOR,New Delhi,Delhi,,,ACTIVE,-1143.39,MCH6425,5942,Sole Proprietor,Books & Stationery,,1,0,,1,0,-1143.39,0,1,6425,0,0,0,0,1
MCH 6427,Bose Inc,05999,Misc Retail,PRIVATE-LIMITED,ludhiana,Punjab,07-02-2025,UHFS8061607261976,Closed,"1,949.70",MCH6427,5999,Private Limited,Other Retail,2025-07-02 00:00:00,0,0,UHFS8061607261976,0,0,1949.7,0,0,6427,0,0,0,0,1
MCH6429,Doshi Group,5699,Apparel,Sole Proprietor,Amritsar,Punjab,15/10/2025,YIYE8202990184325,Live,369.26,MCH6429,5699,Sole Proprietor,Clothing,2025-10-15 00:00:00,0,0,YIYE8202990184325,0,0,369.26,0,0,6429,0,0,0,0,1
MCH6430,prakash group,4814,TELECOM,individual,Hyd,Telangana,2025/08/05,,Blocked,"₹5,278.71",MCH6430,4814,Individual,Telecom,2025-08-05 00:00:00,0,0,,1,0,5278.71,0,0,6430,0,0,0,0,1
MCH6431,"batra, pant and devan",7011,Hotels,Partnership,Bengaluru,Karnataka,2026/01/31,XXXX1013,Inactive,"Rs. 1,564",MCH6431,7011,Partnership,Hotels & Hospitality,2026-01-31 00:00:00,0,0,XXXX1013,0,1,1564.0,0,0,6431,0,0,0,0,1
MCH6433,Bhattacharyya Ltd,4814,TELECOM,PARTNERSHIP,Bengaluru,Karnataka,2024/12/31,,INACTIVE,"₹1,248.03",MCH6433,4814,Partnership,Telecom,2024-12-31 00:00:00,0,0,,1,0,1248.03,0,0,6433,0,0,0,0,1
MCH6440,"Rajagopalan,ParsaandRana",5311,Department Store,PARTNERSHIP,Calcutta,West Bengal,,XXXX7920,Active,,MCH6440,5311,Partnership,Department Stores,,1,0,XXXX7920,0,1,,1,0,6440,0,1,1,2,2
MCH6441,Bhatia and Sons,7011,Hotel,partnership,lucknow,Uttar Pradesh,20/12/2025 07:37 AM,,Active,INR 995.16,MCH6441,7011,Partnership,Hotels & Hospitality,2025-12-20 07:37:00,0,0,,1,0,995.16,0,0,6441,1,1,0,2,3
MCH6445,Shere and Sons,5912,Medical,individual,Ludhiana,Punjab,2025/01/28,,A,Rs. 766,MCH6445,5912,Individual,Pharmacy & Medical,2025-01-28 00:00:00,0,0,,1,0,766.0,0,0,6445,0,0,0,0,1
MCH6446,upadhyay-upadhyay,5812,eating place,PARTNERSHIP,jalandhar,Punjab,05/12/2024 03:55 PM,,Live,-2923.06,MCH6446,5812,Partnership,Food & Restaurants,2024-12-05 15:55:00,0,0,,1,0,-2923.06,0,1,6446,1,1,1,3,2
MCH6447,Kant-Tella,07011,Hotel,PARTNERSHIP,Delhi,Delhi,22/01/2026,,A,994.25,MCH6447,7011,Partnership,Hotels & Hospitality,2026-01-22 00:00:00,0,0,,1,0,994.25,0,0,6447,1,1,0,2,2
MCH6448,"  Kara, Mahal and Borah  ",5699,garments,individual,Chennai,Tamil Nadu,02/02/2025 01:23 AM,2311602120,SUSPENDED,2308.59,MCH6448,5699,Individual,Clothing,2025-02-02 01:23:00,0,0,2311602120,0,0,2308.59,0,0,6448,1,1,1,3,2
mch6449,Chakraborty-Hans,5812,food_services,SOLE-PROPRIETOR,Hyderabad,Telangana,2024/03/01,XXXX5646,Active,1506.6,MCH6449,5812,Sole Proprietor,Food & Restaurants,2024-03-01 00:00:00,0,0,XXXX5646,0,1,1506.6,0,0,6449,0,0,1,1,2
MCH6450,"Goel, Madan and Gola",5942.0,Books,individual,chennai,Tamil Nadu,10-15-2025,,Enabled,Rs. 855,MCH6450,5942,Individual,Books & Stationery,2025-10-15 00:00:00,0,0,,1,0,855.0,0,0,6450,1,0,1,2,4
MCH6451,Cheema Ltd,4814,Telecom,Partnership,MUMBAI,Maharashtra,,,A,,MCH6451,4814,Partnership,Telecom,,1,0,,1,0,,1,0,6451,1,1,1,3,2
MCH 6454,Nagi-Ch0udhury,5699,garments,PRIVATE-LIMITED,Bengaluru,Karnataka,28/03/2024,XXXX1525,Inactive,"Rs. 3,116",MCH6454,5699,Private Limited,Clothing,2024-03-28 00:00:00,0,0,XXXX1525,0,1,3116.0,0,0,6454,0,0,0,0,1
MCH6455,Luthra-Wable,05999,Miscellaneous,PARTNERSHIP,Bombay,Maharashtra,04/09/2023,7955476293,Enabled,1528.51,MCH6455,5999,Partnership,Other Retail,2023-09-04 00:00:00,0,0,7955476293,0,0,1528.51,0,0,6455,0,0,0,0,1
6460,Deol-Narayanan,5311.0,Retail,Partnership,MUMBAI,Maharashtra,19/01/2026 08:20 AM,XXXX8283,Enabled,878.73,6460,5311,Partnership,Department Stores,2026-01-19 08:20:00,0,0,XXXX8283,0,1,878.73,0,0,6460,0,0,0,0,1
MCH6462,"Vaidya, Kunda and Bhavsar",MCC-5311,Retail,PRIVATE-LIMITED,Lucknow,Uttar Pradesh,19/12/2025,5665285252,Active,1652.23,MCH6462,5311,Private Limited,Department Stores,2025-12-19 00:00:00,0,0,5665285252,0,0,1652.23,0,0,6462,0,0,0,0,1
MCH6464,Date LLC,5699,Apparel,PRIVATE_LIMITED,Bengaluru,Karnataka,03-Dec-2025,XXXX4137,Enabled,"Rs. 3,772",MCH6464,5699,Private Limited,Clothing,2025-12-03 00:00:00,0,0,XXXX4137,0,1,3772.0,0,0,6464,0,0,0,0,1
MCH6465,Mody Ltd,5699.0,Fashion,sole_proprietor,Madras,Tamil Nadu,01-Mar-2025,,Hold,Rs. 307,MCH6465,5699,Sole Proprietor,Clothing,2025-03-01 00:00:00,0,0,,1,0,307.0,0,0,6465,1,1,1,3,2
MCH6466,Randhawa LLC,5311,Retail,individual,pune,Maharashtra,06-03-2024,WUJF6073785687916,A,"3,082.90",MCH6466,5311,Individual,Department Stores,2024-06-03 00:00:00,0,0,WUJF6073785687916,0,0,3082.9,0,0,6466,0,0,0,0,1
MCH6468,Golla-Murty,04131,Transportation,Partnership,HYDERABAD,Telangana,06-20-2024,,ACTIVE,,MCH6468,4131,Partnership,Transportation,2024-06-20 00:00:00,0,0,,1,0,,1,0,6468,0,0,0,0,1
MCH6469,"Bahl, Barad and Dhillon",5311,Department Store,Private Limited,Chennai,Tamil Nadu,10/02/2025,,Live,-931.21,MCH6469,5311,Private Limited,Department Stores,2025-02-10 00:00:00,0,0,,1,0,-931.21,0,1,6469,0,0,0,0,1
MCH6473,  Tata Group  ,5812,Restaurants,PRIVATE_LIMITED,LKO,Uttar Pradesh,09-Apr-2023,3128582685,Suspended,2924.69,MCH6473,5812,Private Limited,Food & Restaurants,2023-04-09 00:00:00,0,0,3128582685,0,0,2924.69,0,0,6473,0,0,0,0,1
MCH6474,Bakshi Ltd,5912,Medical,Private Limited,Lucknow,Uttar Pradesh,06-Sep-2025,UIQO0757463991116,Enabled,"₹3,871.85",MCH6474,5912,Private Limited,Pharmacy & Medical,2025-09-06 00:00:00,0,0,UIQO0757463991116,0,0,3871.85,0,0,6474,1,1,0,2,3
MCH6477,Gopal-Dewan,5699,Clothing,Sole Proprietor,mumbai,Maharashtra,20-Dec-2025,GNKM1008209861483,ACTIVE,"INR 1,828.26",MCH6477,5699,Sole Proprietor,Clothing,2025-12-20 00:00:00,0,0,GNKM1008209861483,0,0,1828.26,0,0,6477,0,0,0,0,1
MCH6480,Sundaram and S0ns,5699,Apparel,Partnership,Bombay,Maharashtra,13/11/2023 01:40 AM,XXXX8936,A,680.72,MCH6480,5699,Partnership,Clothing,2023-11-13 01:40:00,0,0,XXXX8936,0,1,680.72,0,0,6480,0,0,0,0,1
MCH6481,Kalita Inc,4131,transprt,PRIVATE-LIMITED,Mumbai,Maharashtra,11-29-2024,BFCN8370004846639,Enabled,1389.63,MCH6481,4131,Private Limited,Transportation,2024-11-29 00:00:00,0,0,BFCN8370004846639,0,0,1389.63,0,0,6481,1,1,1,3,2
MCH6482,Mitra-Agate,5311,Department Store,INDIVIDUAL,amritsar,Punjab,04-06-2024,,Inactive,"Rs. 1,340",MCH6482,5311,Individual,Department Stores,2024-04-06 00:00:00,0,0,,1,0,1340.0,0,0,6482,0,0,0,0,1
MCH6488,"cheema, dubey and kala",misc,garments,Private Limited,Mumbai,Maharashtra,14-Nov-2024,,Enabled,"1,180.07",MCH6488,,Private Limited,Unknown,2024-11-14 00:00:00,0,0,,1,0,1180.07,0,0,6488,0,0,0,0,1
MCH6492,PERI LLC,05912,Pharmacies,Individual,MUMBAI,Maharashtra,1755681483,,Active,3574.25,MCH6492,5912,Individual,Pharmacy & Medical,2025-08-20 09:18:03,0,0,,1,0,3574.25,0,0,6492,0,0,0,0,1
MCH-6493,"SUBRAMANIAM, PRASHAD AND PARMER",,Bus/Taxi,SOLE_PROPRIETOR,Mumbay,Maharashtra,2025/04/13,XXXX8820,I,,MCH6493,,Sole Proprietor,Unknown,2025-04-13 00:00:00,0,0,XXXX8820,0,1,,1,0,6493,0,0,0,0,1
6498,Peri-Saran,,Misc Retail,PRIVATE-LIMITED,Calcutta,West Bengal,1736376830,XXXX0646,ACTIVE,7077.96,6498,,Private Limited,Unknown,2025-01-08 22:53:50,0,0,XXXX0646,0,1,7077.96,0,0,6498,1,1,1,3,3
MCH6501,Ka1a-Garg,,Clothing,sole_proprietor,ludhiana,Punjab,07-May-2023,5422601773,Enabled,471.98,MCH6501,,Sole Proprietor,Unknown,2023-05-07 00:00:00,0,0,5422601773,0,0,471.98,0,0,6501,0,0,0,0,1
MCH6502,Mall PLC,5999,Retail Other,SOLE_PROPRIETOR,Chennai,Tamil Nadu,2025-05-10 03:33:00,,Inactive,"₹1,695.37",MCH6502,5999,Sole Proprietor,Other Retail,2025-05-10 03:33:00,0,0,,1,0,1695.37,0,0,6502,0,0,0,0,1
MCH-6504,"wagle, choudhry and patla",5942,Stationery,Private Limited,Jalandar,Punjab,11-14-2025,,Active,"Rs. 1,748",MCH6504,5942,Private Limited,Books & Stationery,2025-11-14 00:00:00,0,0,,1,0,1748.0,0,0,6504,0,0,0,0,1
MCH6507,"Ba1akrishnan, Shr0ff and Tank",MCC-4131,Bus/Taxi,individual,ludhiana,Punjab,28/10/2024 12:41 PM,XEKQ6062690527278,A,1269.14,MCH6507,4131,Individual,Transportation,2024-10-28 12:41:00,0,0,XEKQ6062690527278,0,1,1269.14,0,0,6507,1,1,1,3,3
MCH6508,Varty Inc,5912,Pharmacies,INDIVIDUAL,Jalandar,Punjab,18/09/2025,,A,"3,434.37",MCH6508,5912,Individual,Pharmacy & Medical,2025-09-18 00:00:00,0,0,,1,0,3434.37,0,0,6508,1,1,1,3,2
MCH 6511,"Doctor, Sur and Badal",5411,kirana,SOLE_PROPRIETOR,Pune,Maharashtra,2024-07-27 20:57:52,XXXX9778,Enabled,INR 778.51,MCH6511,5411,Sole Proprietor,Grocery,2024-07-27 20:57:52,0,0,XXXX9778,0,1,778.51,0,0,6511,0,0,0,0,1
MCH6512,"Sagar, Deep and Rao",,Mobile Recharge,Sole Proprietor,HYDERABAD,Telangana,01-11-2025,1702999144,Live,,MCH6512,,Sole Proprietor,Unknown,2025-01-11 00:00:00,0,0,1702999144,0,0,,1,0,6512,0,0,0,0,1
MCH6513,"Krishna, Deshpande and Kar",5311,DEPT_STORE,INDIVIDUAL,Bombay,Maharashtra,2025/08/13,XXXX3471,Enabled,2622.03,MCH6513,5311,Individual,Department Stores,2025-08-13 00:00:00,0,0,XXXX3471,0,1,2622.03,0,0,6513,1,1,1,3,2
MCH6514,Lalla-Palan,5812,Restaurants,individual,Kolkata,West Bengal,2025-03-26 09:22:56,XXXX0164,Active,,MCH6514,5812,Individual,Food & Restaurants,2025-03-26 09:22:56,0,0,XXXX0164,0,1,,1,0,6514,0,0,0,0,1
MCH6517,"Vig, Sen and Kumar",5699,CLOTHS,SOLE-PROPRIETOR,delhi,Delhi,2023/05/05,,Enabled,1024.93,MCH6517,5699,Sole Proprietor,Clothing,2023-05-05 00:00:00,0,0,,1,0,1024.93,0,0,6517,0,0,0,0,1
MCH6519,Mane-Madan,05699,clothing,Partnership,ludhiana,Punjab,12-25-2024,,Active,978.4,MCH6519,5699,Partnership,Clothing,2024-12-25 00:00:00,0,0,,1,0,978.4,0,0,6519,0,1,1,2,3
MCH6520,Manda-Shah,5912,MEDICAL_STORE,Individual,kolkata,West Bengal,01/08/2024 12:55 AM,,ACTIVE,1457.02,MCH6520,5912,Individual,Pharmacy & Medical,2024-08-01 00:55:00,0,0,,1,0,1457.02,0,0,6520,0,0,0,0,1
MCH6523,Ramanathan-Wali,MCC-5999,Other,Private Limited,Bangalore,Karnataka,27/08/2024,CTGF7705622759501,Active,"2,272.75",MCH6523,5999,Private Limited,Other Retail,2024-08-27 00:00:00,0,0,CTGF7705622759501,0,0,2272.75,0,0,6523,0,0,0,0,1
MCH6524,  Chaudry-Lall  ,7011.0,Hotels,SOLE_PROPRIETOR,delhi,Delhi,2023/12/25,RGKG5701905439053,Disabled,,MCH6524,7011,Sole Proprietor,Hotels & Hospitality,2023-12-25 00:00:00,0,0,RGKG5701905439053,0,0,,1,0,6524,0,0,0,0,1
MCH-6527,"Menon, Subramanian and Pai",7011,Hotel,individual,Ludhiana,Punjab,,,Enabled,1220.94,MCH6527,7011,Individual,Hotels & Hospitality,,1,0,,1,0,1220.94,0,0,6527,1,1,1,3,2
MCH6530,Yogi-D’Alia,MCC-4131,Transport,private_limited,jaipur,Rajasthan,06-16-2024,,Disabled,INR 828.59,MCH6530,4131,Private Limited,Transportation,2024-06-16 00:00:00,0,0,,1,0,828.59,0,0,6530,1,1,1,3,2
MCH6535,Nagy and Sons,05411,Grocery,SOLE_PROPRIETOR,Hyd,Telangana,2023/11/24,,Live,291.26,MCH6535,5411,Sole Proprietor,Grocery,2023-11-24 00:00:00,0,0,,1,0,291.26,0,0,6535,0,0,0,0,1
MCH6541,"Mahal, Panchal and Doshi",5912,chemist,INDIVIDUAL,Mumbay,Maharashtra,2024-06-12 16:15:10,XXXX5174,ACTIVE,Rs. 307,MCH6541,5912,Individual,Pharmacy & Medical,2024-06-12 16:15:10,0,0,XXXX5174,0,1,307.0,0,0,6541,0,0,0,0,1
MCH6542,  Saraf-Dhingra  ,5311,Retail,SOLE-PROPRIETOR,MUMBAI,Maharashtra,16-Dec-2023,UBFA1146451633512,A,321.72,MCH6542,5311,Sole Proprietor,Department Stores,2023-12-16 00:00:00,0,0,UBFA1146451633512,0,0,321.72,0,0,6542,0,0,0,0,1
MCH6543,Nagi-Pradhan,5411,GROCERY_STORE,PRIVATE_LIMITED,Bombay,Maharashtra,2025-07-17 01:33:23,,ACTIVE,"₹2,785.85",MCH6543,5411,Private Limited,Grocery,2025-07-17 01:33:23,0,0,,1,0,2785.85,0,0,6543,1,1,1,3,2
MCH-6545,"Chanda, Mittal and Venkatesh",5912,chemist,Individual,kolkata,West Bengal,,0281511993,Active,909.37,MCH6545,5912,Individual,Pharmacy & Medical,,1,0,0281511993,0,0,909.37,0,0,6545,1,1,1,3,2
MCH6547,"Gupta,DewanandNadig",5942,Books,Individual,HYDERABAD,Telangana,27/05/2023,,Disabled,INR 974.14,MCH6547,5942,Individual,Books & Stationery,2023-05-27 00:00:00,0,0,,1,0,974.14,0,0,6547,0,0,0,0,1
MCH6548,"Nayak, Kannan and Chatterjee",5999,Retail Other,private_limited,Jaipur,Rajasthan,28-Jul-2025,,Enabled,"INR 2,065.28",MCH6548,5999,Private Limited,Other Retail,2025-07-28 00:00:00,0,0,,1,0,2065.28,0,0,6548,1,1,0,2,2
MCH6551,Kala LLC,4131,Transport,private_limited,JPR,Rajasthan,09-11-2025,,Active,,MCH6551,4131,Private Limited,Transportation,2025-09-11 00:00:00,0,0,,1,0,,1,0,6551,1,0,1,2,2
MCH6554,vora llc,7011,Hospitality,Individual,Bengaluru,Karnataka,2024-10-06 15:25:00,,Inactive,"INR 3,625.66",MCH6554,7011,Individual,Hotels & Hospitality,2024-10-06 15:25:00,0,0,,1,0,3625.66,0,0,6554,0,0,0,0,1
MCH6555,Tata-Bajwa,MCC-5311,Retail,PARTNERSHIP,LKO,Uttar Pradesh,2023/12/24,,Hold,"Rs. 3,890",MCH6555,5311,Partnership,Department Stores,2023-12-24 00:00:00,0,0,,1,0,3890.0,0,0,6555,0,0,0,0,1
MCH6556,"gala, kale and manne",5699,Clothing,PARTNERSHIP,delhi,Delhi,22/08/2025,,Active,Rs. 760,MCH6556,5699,Partnership,Clothing,2025-08-22 00:00:00,0,0,,1,0,760.0,0,0,6556,1,1,1,3,3
MCH6559,Patla Ltd,7011,HOTEL_LODGING,Sole Proprietor,bengaluru,Karnataka,18-Dec-2025,,Enabled,922.45,MCH6559,7011,Sole Proprietor,Hotels & Hospitality,2025-12-18 00:00:00,0,0,,1,0,922.45,0,0,6559,1,1,1,3,2
MCH6560,"Pandit, Jayaraman and Chokshi",4814,phone service,individual,Hyd,Telangana,2023/05/29,3945566171,ACTIVE,"₹11,930.97",MCH6560,4814,Individual,Telecom,2023-05-29 00:00:00,0,0,3945566171,0,0,11930.97,0,0,6560,0,0,0,0,1
MCH6562,Kant Inc,7011,HOTEL_LODGING,sole_proprietor,chennai,Tamil Nadu,14/10/2024,XXXX2723,Active,"₹2,590.35",MCH6562,7011,Sole Proprietor,Hotels & Hospitality,2024-10-14 00:00:00,0,0,XXXX2723,0,1,2590.35,0,0,6562,0,0,0,0,1
mch6563,naik plc,4131,travel,individual,Jalandar,Punjab,04/04/2025 12:38 AM,,Active,"Rs. 1,376",MCH6563,4131,Individual,Transportation,2025-04-04 00:38:00,0,0,,1,0,1376.0,0,0,6563,0,0,1,1,2
MCH6565,Parmer-Datta,4814,Mobile Recharge,SOLE_PROPRIETOR,Hyd,Telangana,28-Jul-2023,XXXX1044,ACTIVE,"2,464.68",MCH6565,4814,Sole Proprietor,Telecom,2023-07-28 00:00:00,0,0,XXXX1044,0,1,2464.68,0,0,6565,0,0,0,0,1
MCH6566,"Purohit, Chacko and Kadakia",MCC-4814,Mobile Recharge,Private Limited,chennai,Tamil Nadu,10/03/2024,YAOU8203503390794,Closed,"₹1,923.82",MCH6566,4814,Private Limited,Telecom,2024-03-10 00:00:00,0,0,YAOU8203503390794,0,0,1923.82,0,0,6566,1,0,1,2,2
MCH6568,MINHAS PLC,7011,HOTEL_LODGING,Sole Proprietor,Amritsar,Punjab,2024-04-10 18:11:31,8442730412,Enabled,"Rs. 1,486",MCH6568,7011,Sole Proprietor,Hotels & Hospitality,2024-04-10 18:11:31,0,0,8442730412,0,0,1486.0,0,0,6568,0,0,0,0,1
MCH6570,Venkataraman Ltd,05912,Medical,PRIVATE-LIMITED,New Delhi,Delhi,2024/01/23,,A,332.15,MCH6570,5912,Private Limited,Pharmacy & Medical,2024-01-23 00:00:00,0,0,,1,0,332.15,0,0,6570,0,0,0,0,1
MCH 6572,  Naidu PLC  ,5311,DEPT_STORE,Private Limited,pune,Maharashtra,2025/03/17,HNFH7484368794581,Enabled,INR 402.00,MCH6572,5311,Private Limited,Department Stores,2025-03-17 00:00:00,0,0,HNFH7484368794581,0,0,402.0,0,0,6572,1,1,1,3,2
MCH6574,"Thaman, Gupta and Barad",4814,phone service,PRIVATE_LIMITED,pune,Maharashtra,1709472685,2887690427,Active,"1,371.71",MCH6574,4814,Private Limited,Telecom,2024-03-03 13:31:25,0,0,2887690427,0,0,1371.71,0,0,6574,0,0,0,0,1
MCH6575,Sanghvi PLC,05942,Book Store,Individual,lucknow,Uttar Pradesh,15-Feb-2025,JZFS4748636238917,Active,Rs. 819,MCH6575,5942,Individual,Books & Stationery,2025-02-15 00:00:00,0,0,JZFS4748636238917,0,0,819.0,0,0,6575,1,0,1,2,2
MCH6577,D’Alia Inc,5699,CLOTHS,partnership,Bangalore,Karnataka,05/08/2023 04:50 PM,,Enabled,1979.76,MCH6577,5699,Partnership,Clothing,2023-08-05 16:50:00,0,0,,1,0,1979.76,0,0,6577,0,0,0,0,1
MCH6578,LAL-SACHDEVA,4131.0,Bus/Taxi,Partnership,Jalandar,Punjab,04/01/2026 01:25 PM,2444694216,Active,"INR 1,965.27",MCH6578,4131,Partnership,Transportation,2026-01-04 13:25:00,0,0,2444694216,0,0,1965.27,0,0,6578,1,1,1,3,2
MCH-6582,MUKHOPADHYAY PLC,4814,TELECOM,INDIVIDUAL,Ludhiana,Punjab,,,A,572.51,MCH6582,4814,Individual,Telecom,,1,0,,1,0,572.51,0,0,6582,1,1,1,3,2
mch6583,Raval-Badal,5912,Pharmacies,INDIVIDUAL,kolkata,West Bengal,2025/11/07,6285750236,A,"Rs. 2,083",MCH6583,5912,Individual,Pharmacy & Medical,2025-11-07 00:00:00,0,0,6285750236,0,0,2083.0,0,0,6583,1,1,1,3,2
MCH6585,Bansal Ltd,5411,kirana,PRIVATE_LIMITED,mumbai,Maharashtra,25/01/2025 10:52 AM,WOEP4190245385925,Inactive,729.86,MCH6585,5411,Private Limited,Grocery,2025-01-25 10:52:00,0,0,WOEP4190245385925,0,0,729.86,0,0,6585,1,0,1,2,2
6586,Pandya PLC,05999,Miscellaneous,individual,bengaluru,Karnataka,29/04/2024,ADLW1268933500473,Active,Rs. 520,6586,5999,Individual,Other Retail,2024-04-29 00:00:00,0,0,ADLW1268933500473,0,0,520.0,0,0,6586,0,0,0,0,1
6590,HandaInc,5699,Fashion,INDIVIDUAL,kolkata,West Bengal,07/04/2024,IRLC4441881574347,A,2071.46,6590,5699,Individual,Clothing,2024-04-07 00:00:00,0,0,IRLC4441881574347,0,0,2071.46,0,0,6590,0,0,0,0,1
MCH6593,Sharma-Ahuja,5411,kirana,SOLE-PROPRIETOR,Jalandar,Punjab,2025-06-27 17:43:12,RJHM5836701029342,Live,3094.86,MCH6593,5411,Sole Proprietor,Grocery,2025-06-27 17:43:12,0,0,RJHM5836701029342,0,0,3094.86,0,0,6593,1,1,1,3,3
MCH 6594,Varkey-Bhatti,5411,GROCERY_STORE,partnership,Poona,Maharashtra,2025-01-24 23:13:22,7425361686,A,"Rs. 1,271",MCH6594,5411,Partnership,Grocery,2025-01-24 23:13:22,0,0,7425361686,0,0,1271.0,0,0,6594,0,0,0,0,1
MCH6595,More-Sharma,7011,Hotel,SOLE_PROPRIETOR,jalandhar,Punjab,12-Nov-2023,,ACTIVE,INR 308.54,MCH6595,7011,Sole Proprietor,Hotels & Hospitality,2023-11-12 00:00:00,0,0,,1,0,308.54,0,0,6595,0,0,0,0,1
MCH6598,"Banik, Halder and Sabharwal",7011,hotel_lodging,individual,mumbai,Maharashtra,02-Jun-2025,XXXX2729,Suspended,230.53,MCH6598,7011,Individual,Hotels & Hospitality,2025-06-02 00:00:00,0,0,XXXX2729,0,1,230.53,0,0,6598,1,1,1,3,4
MCH6600,raju inc,7011,HOTEL_LODGING,Individual,Bangalore,Karnataka,04-18-2025,IHUG8298515768880,Live,₹484.58,MCH6600,7011,Individual,Hotels & Hospitality,2025-04-18 00:00:00,0,0,IHUG8298515768880,0,0,484.58,0,0,6600,0,0,0,0,1
MCH6602,Thakkar Ltd,4131,TRAVEL,PARTNERSHIP,Mumbay,Maharashtra,2023-01-03 08:43:35,XXXX6968,Active,INR 483.25,MCH6602,4131,Partnership,Transportation,2023-01-03 08:43:35,0,0,XXXX6968,0,1,483.25,0,0,6602,0,0,0,0,1
MCH6603,  Atwal PLC  ,7011,Hotels,SOLE-PROPRIETOR,Jaipur,Rajasthan,2024/08/20,GWCP5106034968553,ACTIVE,694.88,MCH6603,7011,Sole Proprietor,Hotels & Hospitality,2024-08-20 00:00:00,0,0,GWCP5106034968553,0,0,694.88,0,0,6603,0,0,0,0,1
mch6607,Bedi-Bhandari,05812,Food,SOLE-PROPRIETOR,ludhiana,Punjab,30/12/2023,,Live,"₹1,203.00",MCH6607,5812,Sole Proprietor,Food & Restaurants,2023-12-30 00:00:00,0,0,,1,0,1203.0,0,0,6607,0,0,0,0,1
MCH6608,"puri, dar and mann",,kirana,PRIVATE-LIMITED,delhi,Delhi,2024-02-10 07:57:42,,Active,-410.36,MCH6608,,Private Limited,Unknown,2024-02-10 07:57:42,0,0,,1,0,-410.36,0,1,6608,0,0,0,0,1
6611,Mand PLC,5411,GROCERY_STORE,Private Limited,Chennai,Tamil Nadu,2023/01/01,,A,-1110.3,6611,5411,Private Limited,Grocery,2023-01-01 00:00:00,0,0,,1,0,-1110.3,0,1,6611,0,0,0,0,1
MCH6612,sule-pillay,5812,Restaurant,partnership,pune,Maharashtra,2025/09/09,ATSN3885757440400,A,"INR 2,010.07",MCH6612,5812,Partnership,Food & Restaurants,2025-09-09 00:00:00,0,0,ATSN3885757440400,0,0,2010.07,0,0,6612,0,0,0,0,1
MCH 6615,PILLAY GROUP,5942,Book Store,individual,Hyd,Telangana,2025-09-12 23:50:08,3204013146,S,-785.64,MCH6615,5942,Individual,Books & Stationery,2025-09-12 23:50:08,0,0,3204013146,0,0,-785.64,0,1,6615,0,0,0,0,1
MCH 6617,Buch Group,5699,CLOTHS,sole_proprietor,HYDERABAD,Telangana,2024/09/01,,Live,1759.15,MCH6617,5699,Sole Proprietor,Clothing,2024-09-01 00:00:00,0,0,,1,0,1759.15,0,0,6617,1,1,1,3,2
mch6623,Kakar and Sons,5912,Pharmacy,INDIVIDUAL,Poona,Maharashtra,,8474818927,Enabled,"₹1,424.35",MCH6623,5912,Individual,Pharmacy & Medical,,1,0,8474818927,0,0,1424.35,0,0,6623,0,0,0,0,1
mch6626,Zacharia-Kapadia,5912,Pharmacy,Private Limited,LKO,Uttar Pradesh,07-25-2024,,Inactive,"INR 2,864.89",MCH6626,5912,Private Limited,Pharmacy & Medical,2024-07-25 00:00:00,0,0,,1,0,2864.89,0,0,6626,0,0,0,0,1
MCH6628,Thakur-Kunda,,phone service,PRIVATE_LIMITED,New Delhi,Delhi,13/05/2025 02:37 PM,XXXX4289,ACTIVE,"Rs. 1,718",MCH6628,,Private Limited,Unknown,2025-05-13 14:37:00,0,0,XXXX4289,0,1,1718.0,0,0,6628,0,0,0,0,1
mch6630,"  Kalla, Vyas and Lanka  ",5942,Stationery,Sole Proprietor,JPR,Rajasthan,,,Active,257.87,MCH6630,5942,Sole Proprietor,Books & Stationery,,1,0,,1,0,257.87,0,0,6630,0,0,0,0,1
MCH6632,"  Om, Mall and Sandhu  ",UNKNOWN,Bus/Taxi,PARTNERSHIP,Lucknow,Uttar Pradesh,07-28-2023,XXXX3092,Hold,996.13,MCH6632,,Partnership,Unknown,2023-07-28 00:00:00,0,0,XXXX3092,0,1,996.13,0,0,6632,0,0,0,0,1
MCH6634,Dave-Sundaram,5999,Miscellaneous,PRIVATE_LIMITED,Ludhiana,Punjab,10/12/2024,,Disabled,"INR 1,276.14",MCH6634,5999,Private Limited,Other Retail,2024-12-10 00:00:00,0,0,,1,0,1276.14,0,0,6634,1,1,1,3,2
MCH6635,Sehgal Inc,5812,eating place,Private Limited,Bengaluru,Karnataka,,,ACTIVE,"1,810.23",MCH6635,5812,Private Limited,Food & Restaurants,,1,0,,1,0,1810.23,0,0,6635,0,0,0,0,1
mch6637,Sagar Group,5311.0,Retail,SOLE-PROPRIETOR,JPR,Rajasthan,08-16-2023,,Live,-2926.37,MCH6637,5311,Sole Proprietor,Department Stores,2023-08-16 00:00:00,0,0,,1,0,-2926.37,0,1,6637,0,0,0,0,1
MCH 6639,Sandal Group,5812,eating place,sole_proprietor,Amritsar,Punjab,2024-05-29 07:36:20,7230745501,A,3334.16,MCH6639,5812,Sole Proprietor,Food & Restaurants,2024-05-29 07:36:20,0,0,7230745501,0,0,3334.16,0,0,6639,0,0,0,0,1
MCH6641,Sunder-Taneja,5411,kirana,Individual,kolkata,West Bengal,24/12/2025 11:48 PM,,Active,INR 126.11,MCH6641,5411,Individual,Grocery,2025-12-24 23:48:00,0,0,,1,0,126.11,0,0,6641,0,0,0,0,1
MCH6643,"BALA, PALLA AND SRINIVAS",5942,Stationery,Private Limited,Jalandar,Punjab,1686652536,3868687292,A,"₹1,698.35",MCH6643,5942,Private Limited,Books & Stationery,2023-06-13 10:35:36,0,0,3868687292,0,0,1698.35,0,0,6643,0,0,0,0,1
MCH6645,buch llc,4131,transprt,PRIVATE-LIMITED,Amritsar,Punjab,09-25-2024,,Active,102.32,MCH6645,4131,Private Limited,Transportation,2024-09-25 00:00:00,0,0,,1,0,102.32,0,0,6645,1,1,1,3,2
MCH6650,Kuruvi11a-G01a,5942.0,Stationery,PRIVATE_LIMITED,Bangalore,Karnataka,2024/07/16,XXXX4971,Inactive,"2,725.71",MCH6650,5942,Private Limited,Books & Stationery,2024-07-16 00:00:00,0,0,XXXX4971,0,1,2725.71,0,0,6650,1,1,1,3,2
MCH6651,"CHOUDHRY, SARMA AND SESHADRI",07011,Hotel,Sole Proprietor,delhi,Delhi,2024-10-05 13:55:27,SMUJ2866206053187,ACTIVE,"Rs. 2,606",MCH6651,7011,Sole Proprietor,Hotels & Hospitality,2024-10-05 13:55:27,0,0,SMUJ2866206053187,0,0,2606.0,0,0,6651,1,1,1,3,2
MCH6654,Tella Group,5812,Restaurant,SOLE_PROPRIETOR,HYDERABAD,Telangana,,,Active,"Rs. 1,438",MCH6654,5812,Sole Proprietor,Food & Restaurants,,1,0,,1,0,1438.0,0,0,6654,1,1,1,3,2
mch6656,uppal llc,5812.0,FOOD_SERVICES,INDIVIDUAL,LDH,Punjab,11-Oct-2023,XXXX4591,ACTIVE,488.8,MCH6656,5812,Individual,Food & Restaurants,2023-10-11 00:00:00,0,0,XXXX4591,0,1,488.8,0,0,6656,0,0,0,0,1
MCH6657,Atwal-Sarraf,05411,Grocery,partnership,Hyd,Telangana,,,Enabled,Rs. 804,MCH6657,5411,Partnership,Grocery,,1,0,,1,0,804.0,0,0,6657,0,0,0,0,1
MCH6660,BISWAS GROUP,4131,Transportation,SOLE-PROPRIETOR,chennai,Tamil Nadu,1742337052,,A,204.05,MCH6660,4131,Sole Proprietor,Transportation,2025-03-18 22:30:52,0,0,,1,0,204.05,0,0,6660,1,0,1,2,2
MCH6662,Din-Gour,5999,Misc Retail,INDIVIDUAL,Poona,Maharashtra,2024/02/26,XXXX2767,ACTIVE,"3,959.93",MCH6662,5999,Individual,Other Retail,2024-02-26 00:00:00,0,0,XXXX2767,0,1,3959.93,0,0,6662,0,0,0,0,1
mch6665,WadhwaInc,5311.0,Department Store,PRIVATE-LIMITED,New Delhi,Delhi,05-Jul-2025,,ACTIVE,1714.72,MCH6665,5311,Private Limited,Department Stores,2025-07-05 00:00:00,0,0,,1,0,1714.72,0,0,6665,0,0,0,0,1
MCH6666,  Baral Inc  ,05699,Clothing,Individual,Bengaluru,Karnataka,2025/12/22,DXHD9016941179950,Active,381.87,MCH6666,5699,Individual,Clothing,2025-12-22 00:00:00,0,0,DXHD9016941179950,0,1,381.87,0,0,6666,1,1,1,3,2
MCH 6667,Konda-Jain,05912,Pharmacy,Sole Proprietor,Hyderabad,Telangana,16/10/2024,,A,2831.62,MCH6667,5912,Sole Proprietor,Pharmacy & Medical,2024-10-16 00:00:00,0,0,,1,0,2831.62,0,0,6667,0,0,0,0,1
MCH6670,SAWHNEY INC,5411,Grocery Stores,INDIVIDUAL,BLR,Karnataka,01-17-2026,XXXX5717,Live,-2332.15,MCH6670,5411,Individual,Grocery,2026-01-17 00:00:00,0,0,XXXX5717,0,1,-2332.15,0,1,6670,0,0,0,0,1
MCH6671,Chandran-Dada,5699.0,Clothing,PARTNERSHIP,amritsar,Punjab,12/04/2023,6648722960,ACTIVE,"₹2,579.50",MCH6671,5699,Partnership,Clothing,2023-04-12 00:00:00,0,0,6648722960,0,0,2579.5,0,0,6671,0,0,0,0,1
MCH 6672,nagarajan inc,5812,FOOD_SERVICES,Partnership,lucknow,Uttar Pradesh,11-Oct-2024,,Live,9245.49,MCH6672,5812,Partnership,Food & Restaurants,2024-10-11 00:00:00,0,0,,1,0,9245.49,0,0,6672,0,1,0,1,2
MCH 6675,Vora and Sons,,CLOTHS,PARTNERSHIP,Ludhiana,Punjab,31/07/2025,XXXX5119,Live,769.28,MCH6675,,Partnership,Unknown,2025-07-31 00:00:00,0,0,XXXX5119,0,1,769.28,0,0,6675,0,0,0,0,1
MCH6676,Balakrishnan-Baral,4131,Transport,PARTNERSHIP,chennai,Tamil Nadu,1754129871,,A,"₹1,126.87",MCH6676,4131,Partnership,Transportation,2025-08-02 10:17:51,0,0,,1,0,1126.87,0,0,6676,0,0,0,0,1
MCH6677,"DESHMUKH, CHOUDHRY AND LAD",5912.0,MEDICAL_STORE,PRIVATE_LIMITED,Jalandhar,Punjab,2024/12/05,,Disabled,"₹2,949.00",MCH6677,5912,Private Limited,Pharmacy & Medical,2024-12-05 00:00:00,0,0,,1,0,2949.0,0,0,6677,0,0,0,0,1
MCH6680,Vaidya-Agrawal,5999,Misc Retail,PARTNERSHIP,New Delhi,Delhi,28/05/2025,,Enabled,,MCH6680,5999,Partnership,Other Retail,2025-05-28 00:00:00,0,0,,1,0,,1,0,6680,0,0,0,0,1
MCH6681,Baria PLC,4131,Bus/Taxi,INDIVIDUAL,DELHI,Delhi,17-Feb-2026,0443076547,INACTIVE,"Rs. 1,343",MCH6681,4131,Individual,Transportation,2026-02-17 00:00:00,0,0,0443076547,0,0,1343.0,0,0,6681,0,0,0,0,1
MCH6683,Pai Inc,5411.0,Grocery,Individual,Madras,Tamil Nadu,29/11/2025 12:42 AM,XSXE7944444672498,Live,-808.55,MCH6683,5411,Individual,Grocery,2025-11-29 00:42:00,0,0,XSXE7944444672498,0,1,-808.55,0,1,6683,1,0,1,2,2
MCH-6692,  Parekh Group  ,5942,Book Store,Partnership,ASR,Punjab,23/12/2023,XXXX5642,A,"Rs. 3,070",MCH6692,5942,Partnership,Books & Stationery,2023-12-23 00:00:00,0,0,XXXX5642,0,1,3070.0,0,0,6692,1,1,0,2,3
MCH6697,ANDRA-SENGUPTA,5411,GROCERY_STORE,Partnership,BLR,Karnataka,10-09-2025,,Disabled,1006.44,MCH6697,5411,Partnership,Grocery,2025-10-09 00:00:00,0,0,,1,0,1006.44,0,0,6697,1,1,1,3,2
6700,RAVI LTD,4814,TELECOM,partnership,pune,Maharashtra,,,Enabled,INR 219.11,6700,4814,Partnership,Telecom,,1,0,,1,0,219.11,0,0,6700,0,0,0,0,1
mch6707,Kari Ltd,,Books,Sole Proprietor,Bangalore,Karnataka,21/06/2025,8891593046,Enabled,1949.47,MCH6707,,Sole Proprietor,Unknown,2025-06-21 00:00:00,0,0,8891593046,0,0,1949.47,0,0,6707,1,1,1,3,2
MCH6708,Soman and Sons,5912,MEDICAL_STORE,private_limited,LDH,Punjab,2025/06/03,9694442119,Enabled,Rs. 957,MCH6708,5912,Private Limited,Pharmacy & Medical,2025-06-03 00:00:00,0,0,9694442119,0,0,957.0,0,0,6708,1,1,1,3,2
MCH6711,Loyal-Srinivasan,5411,Grocery,PARTNERSHIP,HYDERABAD,Telangana,15-Jun-2025,XXXX4153,Disabled,931.24,MCH6711,5411,Partnership,Grocery,2025-06-15 00:00:00,0,0,XXXX4153,0,1,931.24,0,0,6711,0,0,0,0,1
MCH6716,Shan PLC,5699,garments,partnership,Amritsar,Punjab,2025/09/07,XXXX2064,A,"₹1,208.93",MCH6716,5699,Partnership,Clothing,2025-09-07 00:00:00,0,0,XXXX2064,0,1,1208.93,0,0,6716,0,0,0,0,1
MCH-6718,Chaudry-Ramachandran,4814,phone service,Individual,lucknow,Uttar Pradesh,2024/07/19,XXXX5658,Active,1635.83,MCH6718,4814,Individual,Telecom,2024-07-19 00:00:00,0,0,XXXX5658,0,1,1635.83,0,0,6718,0,0,0,0,1
MCH6720,"dhingra, shukla and edwin",5912,Medical,PARTNERSHIP,amritsar,Punjab,07/08/2025,XXXX5057,Live,Rs. 638,MCH6720,5912,Partnership,Pharmacy & Medical,2025-08-07 00:00:00,0,0,XXXX5057,0,1,638.0,0,0,6720,0,0,0,0,1
MCH6721,Pradhan-Taneja,5411,Grocery Stores,INDIVIDUAL,BLR,Karnataka,,XXXX4118,Live,433.36,MCH6721,5411,Individual,Grocery,,1,0,XXXX4118,0,1,433.36,0,0,6721,1,0,0,1,2
MCH6722,bhagat llc,5999,Misc Retail,Sole Proprietor,Bombay,Maharashtra,05-13-2023,,ACTIVE,211.13,MCH6722,5999,Sole Proprietor,Other Retail,2023-05-13 00:00:00,0,0,,1,0,211.13,0,0,6722,1,1,1,3,2
MCH6726,Boase-Chatterjee,7011,Hotels,Individual,Chennai,Tamil Nadu,1712733384,,Suspended,"INR 1,583.09",MCH6726,7011,Individual,Hotels & Hospitality,2024-04-10 07:16:24,0,0,,1,0,1583.09,0,0,6726,0,0,0,0,1
MCH6729,  Khatri and Sons  ,misc,Medical,PARTNERSHIP,Madras,Tamil Nadu,07-01-2023,TABO6915851442100,Active,,MCH6729,,Partnership,Unknown,2023-07-01 00:00:00,0,0,TABO6915851442100,0,0,,1,0,6729,1,0,0,1,2
MCH6730,"Babu, Sarma and Setty",5912,chemist,Partnership,Lucknow,Uttar Pradesh,2023/10/28,XXXX4738,ACTIVE,1118.53,MCH6730,5912,Partnership,Pharmacy & Medical,2023-10-28 00:00:00,0,0,XXXX4738,0,1,1118.53,0,0,6730,0,0,0,0,1
MCH6731,ThakurPLC,05812,eating place,Individual,Hyd,Telangana,25/10/2025,,Enabled,₹305.30,MCH6731,5812,Individual,Food & Restaurants,2025-10-25 00:00:00,0,0,,1,0,305.3,0,0,6731,1,1,1,3,4
MCH 6737,Kohli Inc,5942,books_stationery,PARTNERSHIP,ludhiana,Punjab,06/07/2023,7394942754,Active,675.29,MCH6737,5942,Partnership,Books & Stationery,2023-07-06 00:00:00,0,0,7394942754,0,0,675.29,0,0,6737,0,0,1,1,2
6738,"Jain, Kothari and Subramanian",4814.0,Telecom,individual,Delhi,Delhi,1765063583,MCPW5267667383117,I,"₹1,846.61",6738,4814,Individual,Telecom,2025-12-06 23:26:23,0,0,MCPW5267667383117,0,0,1846.61,0,0,6738,1,0,1,2,2
MCH6741,PARIKH-BHATT,7011,Hotel,PARTNERSHIP,DELHI,Delhi,06-20-2025,,Hold,664.53,MCH6741,7011,Partnership,Hotels & Hospitality,2025-06-20 00:00:00,0,0,,1,0,664.53,0,0,6741,0,0,0,0,1
MCH6742,"Garde, Chaudhry and Mistry",07011,Hospitality,Sole Proprietor,jalandhar,Punjab,03-May-2024,,ACTIVE,Rs. 646,MCH6742,7011,Sole Proprietor,Hotels & Hospitality,2024-05-03 00:00:00,0,0,,1,0,646.0,0,0,6742,1,1,1,3,2
MCH6743,Patla Inc,4814,Mobile Recharge,PRIVATE_LIMITED,MUMBAI,Maharashtra,2026/02/20,EOKT5528330953242,ACTIVE,,MCH6743,4814,Private Limited,Telecom,2026-02-20 00:00:00,0,0,EOKT5528330953242,0,0,,1,0,6743,1,1,1,3,5
MCH6744,GREWAL INC,5999,Miscellaneous,PRIVATE_LIMITED,Hyd,Telangana,12-01-2023,,Active,"INR 1,886.71",MCH6744,5999,Private Limited,Other Retail,2023-12-01 00:00:00,0,0,,1,0,1886.71,0,0,6744,0,0,0,0,1
MCH6745,Chaudry PLC,7011,Hospitality,individual,Lucknow,Uttar Pradesh,05-16-2023,,INACTIVE,"₹2,605.91",MCH6745,7011,Individual,Hotels & Hospitality,2023-05-16 00:00:00,0,0,,1,0,2605.91,0,0,6745,0,0,0,0,1
MCH6746,"Tank, Chanda and Kothari",5411.0,Grocery Stores,PRIVATE_LIMITED,Ludhiana,Punjab,04-Feb-2024,2882499145,A,2445.51,MCH6746,5411,Private Limited,Grocery,2024-02-04 00:00:00,0,0,2882499145,0,0,2445.51,0,0,6746,0,0,0,0,1
MCH6748,Sathe Inc,MCC-5411,Grocery Stores,SOLE_PROPRIETOR,kolkata,West Bengal,07/05/2023,,INACTIVE,"₹1,451.17",MCH6748,5411,Sole Proprietor,Grocery,2023-05-07 00:00:00,0,0,,1,0,1451.17,0,0,6748,0,0,0,0,1
MCH6751,Jhaveri-Rege,5942,Book Store,private_limited,Jalandhar,Punjab,30/07/2023,,Active,1649.91,MCH6751,5942,Private Limited,Books & Stationery,2023-07-30 00:00:00,0,0,,1,0,1649.91,0,0,6751,0,0,0,0,1
MCH6755,Subramaniam Inc,7011,Hospitality,partnership,delhi,Delhi,23-Mar-2024,,Live,"1,535.05",MCH6755,7011,Partnership,Hotels & Hospitality,2024-03-23 00:00:00,0,0,,1,0,1535.05,0,0,6755,0,0,0,0,1
MCH6756,Mangal PLC,5812,Restaurants,INDIVIDUAL,kolkata,West Bengal,21/12/2024,XXXX7752,Active,689.85,MCH6756,5812,Individual,Food & Restaurants,2024-12-21 00:00:00,0,0,XXXX7752,0,1,689.85,0,0,6756,0,0,0,0,1
MCH6757,Brar-Saha,5942,Books,sole_proprietor,Ludhiana,Punjab,2024/05/09,NTTY4243627390116,Active,INR 602.25,MCH6757,5942,Sole Proprietor,Books & Stationery,2024-05-09 00:00:00,0,0,NTTY4243627390116,0,0,602.25,0,0,6757,0,0,0,0,1
MCH6758,"Kaul, Vyas and Bobal",5912,chemist,Sole Proprietor,jaipur,Rajasthan,,OLOU3337406191926,Active,1560.09,MCH6758,5912,Sole Proprietor,Pharmacy & Medical,,1,0,OLOU3337406191926,0,0,1560.09,0,0,6758,0,0,0,0,1
MCH6764,rama-vora,4131,transprt,PARTNERSHIP,Hyderabad,Telangana,2025-08-22 07:58:18,XXXX1624,Active,INR 892.82,MCH6764,4131,Partnership,Transportation,2025-08-22 07:58:18,0,0,XXXX1624,0,1,892.82,0,0,6764,0,0,0,0,1
MCH6765,Sengupta-Keer,5912,chemist,INDIVIDUAL,New Delhi,Delhi,17-Nov-2025,XXXX7076,ACTIVE,"₹1,250.47",MCH6765,5912,Individual,Pharmacy & Medical,2025-11-17 00:00:00,0,0,XXXX7076,0,1,1250.47,0,0,6765,1,1,1,3,3
MCH6770,CHAUDHARI-DEWAN,5942,Books,Sole Proprietor,JPR,Rajasthan,,,Live,1139.41,MCH6770,5942,Sole Proprietor,Books & Stationery,,1,0,,1,0,1139.41,0,0,6770,0,0,0,0,1
MCH6772,"Sarin,KaleandBava",5411,groceries,Individual,Amritsar,Punjab,12/03/2024,4810020944,INACTIVE,893.58,MCH6772,5411,Individual,Grocery,2024-03-12 00:00:00,0,0,4810020944,0,0,893.58,0,0,6772,0,0,0,0,1
MCH6773,"parmar, sahota and rajagopalan",05999,Miscellaneous,SOLE-PROPRIETOR,Poona,Maharashtra,23/02/2024,GSZT9943608461358,Enabled,3042.0,MCH6773,5999,Sole Proprietor,Other Retail,2024-02-23 00:00:00,0,0,GSZT9943608461358,0,0,3042.0,0,0,6773,0,0,0,0,1
MCH6774,PARSA LTD,5699,CLOTHS,PRIVATE_LIMITED,ASR,Punjab,17/01/2023,,Live,"2,007.14",MCH6774,5699,Private Limited,Clothing,2023-01-17 00:00:00,0,0,,1,0,2007.14,0,0,6774,0,0,0,0,1
mch6775,La11 Gr0up,5999,Retail Other,private_limited,chennai,Tamil Nadu,,WEWN8816151774902,INACTIVE,₹196.61,MCH6775,5999,Private Limited,Other Retail,,1,0,WEWN8816151774902,0,0,196.61,0,0,6775,0,0,0,0,1
6776,  Hari-Tak  ,4131,Transport,SOLE-PROPRIETOR,Jalandhar,Punjab,25-May-2025,MRFF6144887569600,Inactive,1189.41,6776,4131,Sole Proprietor,Transportation,2025-05-25 00:00:00,0,0,MRFF6144887569600,0,0,1189.41,0,0,6776,1,1,1,3,3
MCH6777,LALL-DATE,5411,groceries,PARTNERSHIP,LKO,Uttar Pradesh,2023-12-20 14:05:11,XXXX6676,Enabled,1143.87,MCH6777,5411,Partnership,Grocery,2023-12-20 14:05:11,0,0,XXXX6676,0,1,1143.87,0,0,6777,0,0,0,0,1
MCH 6780,"  Bhatia, Dalal and Kapur  ",5999,Retail Other,PRIVATE_LIMITED,jalandhar,Punjab,2025-05-24 00:31:32,,ACTIVE,-10952.74,MCH6780,5999,Private Limited,Other Retail,2025-05-24 00:31:32,0,0,,1,0,-10952.74,0,1,6780,0,0,0,0,1
MCH6782,  Basu PLC  ,05812,FOOD_SERVICES,Private Limited,delhi,Delhi,08-30-2025,,ACTIVE,-406.96,MCH6782,5812,Private Limited,Food & Restaurants,2025-08-30 00:00:00,0,0,,1,0,-406.96,0,1,6782,1,0,1,2,2
MCH6783,"Deep, Pall and Suri",5912,medical,INDIVIDUAL,LKO,Uttar Pradesh,28/11/2025 01:45 PM,,Live,"Rs. 1,131",MCH6783,5912,Individual,Pharmacy & Medical,2025-11-28 13:45:00,0,0,,1,0,1131.0,0,0,6783,1,0,1,2,3
MCH6785,rai llc,7011,HOTEL_LODGING,Sole Proprietor,Chennai,Tamil Nadu,1733042445,,A,2498.92,MCH6785,7011,Sole Proprietor,Hotels & Hospitality,2024-12-01 08:40:45,0,0,,1,0,2498.92,0,0,6785,0,0,0,0,1
MCH 6789,Sanghvi-Garg,5699,Apparel,Individual,kolkata,West Bengal,,XXXX2367,Live,8043.93,MCH6789,5699,Individual,Clothing,,1,0,XXXX2367,0,1,8043.93,0,0,6789,0,0,0,0,1
MCH6795,"Hans, Majumdar and Mangat",5999,Misc Retail,individual,Hyderabad,Telangana,05-Jun-2023,,Live,1573.9,MCH6795,5999,Individual,Other Retail,2023-06-05 00:00:00,0,0,,1,0,1573.9,0,0,6795,0,0,0,0,1
MCH6802,"deo, vohra and palla",5311.0,Department Store,PRIVATE_LIMITED,Delhi,Delhi,04-11-2024,,Active,"INR 1,823.92",MCH6802,5311,Private Limited,Department Stores,2024-04-11 00:00:00,0,0,,1,0,1823.92,0,0,6802,0,0,0,0,1
MCH6803,  Babu-Aggarwal  ,5942,Stationery,Partnership,Pune,Maharashtra,24-May-2025,KCIX8411550946242,A,"INR 2,653.94",MCH6803,5942,Partnership,Books & Stationery,2025-05-24 00:00:00,0,0,KCIX8411550946242,0,1,2653.94,0,0,6803,0,0,0,0,1
MCH6804,Johal and Sons,5699,CLOTHS,SOLE-PROPRIETOR,chennai,Tamil Nadu,13/10/2025,9253208573,INACTIVE,"INR 4,018.13",MCH6804,5699,Sole Proprietor,Clothing,2025-10-13 00:00:00,0,0,9253208573,0,0,4018.13,0,0,6804,0,0,0,0,1
6805,Dora Ltd,05311,Department Store,PRIVATE-LIMITED,mumbai,Maharashtra,17-Sep-2025,4896284694,A,371.73,6805,5311,Private Limited,Department Stores,2025-09-17 00:00:00,0,0,4896284694,0,0,371.73,0,0,6805,0,0,0,0,1
MCH6806,Badal-Bhasin,5411,GROCERY_STORE,INDIVIDUAL,HYDERABAD,Telangana,05-Dec-2025,,A,23208.4,MCH6806,5411,Individual,Grocery,2025-12-05 00:00:00,0,0,,1,0,23208.4,0,0,6806,1,1,0,2,2
mch6809,  Reddy-Bhatt  ,,Clothing,Partnership,BLR,Karnataka,2024/08/05,,Active,"Rs. 2,382",MCH6809,,Partnership,Unknown,2024-08-05 00:00:00,0,0,,1,0,2382.0,0,0,6809,0,0,0,0,1
MCH6812,"Gade, Badami and Choudhary",4814,Mobile Recharge,sole_proprietor,ASR,Punjab,2023/12/21,,Active,-200.21,MCH6812,4814,Sole Proprietor,Telecom,2023-12-21 00:00:00,0,0,,1,0,-200.21,0,1,6812,0,0,0,0,1
mch6814,Gara-Seth,4814,TELECOM,PRIVATE_LIMITED,Jaipur,Rajasthan,07-02-2024,2121833537,ACTIVE,-1223.19,MCH6814,4814,Private Limited,Telecom,2024-07-02 00:00:00,0,0,2121833537,0,0,-1223.19,0,1,6814,0,0,0,0,1
mch6815,"Borra, Talwar and Jha",4814.0,Telecom,PARTNERSHIP,Jalandar,Punjab,,0561076238,Enabled,750.82,MCH6815,4814,Partnership,Telecom,,1,0,0561076238,0,0,750.82,0,0,6815,0,0,0,0,1
MCH6816,Muni-Bakshi,,Book Store,PRIVATE_LIMITED,MUMBAI,Maharashtra,1760902580,3427916602,S,"1,412.92",MCH6816,,Private Limited,Unknown,2025-10-19 19:36:20,0,0,3427916602,0,0,1412.92,0,0,6816,0,0,0,0,1
MCH6818,"Halder, Tata and Chand",7011,Hotels,Sole Proprietor,kolkata,West Bengal,20-Apr-2025,,A,Rs. 233,MCH6818,7011,Sole Proprietor,Hotels & Hospitality,2025-04-20 00:00:00,0,0,,1,0,233.0,0,0,6818,1,1,1,3,3
MCH6819,"ARYA, BASSI AND KAUR",,retail other,Partnership,amritsar,Punjab,11-19-2025,,Active,"2,433.05",MCH6819,,Partnership,Unknown,2025-11-19 00:00:00,0,0,,1,0,2433.05,0,0,6819,1,1,1,3,3
MCH6822,"Sankar, Deol and Goswami",4814,Telecom,SOLE-PROPRIETOR,jaipur,Rajasthan,31-Mar-2025,XXXX2270,Closed,-1194.99,MCH6822,4814,Sole Proprietor,Telecom,2025-03-31 00:00:00,0,0,XXXX2270,0,1,-1194.99,0,1,6822,0,0,0,0,1
MCH6824,"  Talwar, Ramesh and Hora  ",,BOOKS_STATIONERY,SOLE-PROPRIETOR,Bangalore,Karnataka,09-10-2023,XXXX8796,ACTIVE,"INR 3,249.65",MCH6824,,Sole Proprietor,Unknown,2023-09-10 00:00:00,0,0,XXXX8796,0,1,3249.65,0,0,6824,0,0,0,0,1
MCH6825,Biswas-Nadig,5999,Other,sole_proprietor,Jalandhar,Punjab,12/10/2023 10:16 AM,FNXI2179536432243,Hold,872.49,MCH6825,5999,Sole Proprietor,Other Retail,2023-10-12 10:16:00,0,0,FNXI2179536432243,0,1,872.49,0,0,6825,1,1,1,3,2
MCH6827,Mangat and Sons,5912,chemist,SOLE-PROPRIETOR,Jalandar,Punjab,,4120235225,Enabled,1859.4,MCH6827,5912,Sole Proprietor,Pharmacy & Medical,,1,0,4120235225,0,0,1859.4,0,0,6827,0,0,0,0,1
MCH6828,Warrior-Bhardwaj,04814,Telecom,Partnership,Lucknow,Uttar Pradesh,2023/06/01,NTMS5038197940684,A,2500.44,MCH6828,4814,Partnership,Telecom,2023-06-01 00:00:00,0,0,NTMS5038197940684,0,0,2500.44,0,0,6828,0,0,0,0,1
MCH6829,"Natarajan, Thaker and Aggarwal",5912.0,MEDICAL_STORE,SOLE_PROPRIETOR,MUMBAI,Maharashtra,2024/01/24,,Live,"₹1,746.05",MCH6829,5912,Sole Proprietor,Pharmacy & Medical,2024-01-24 00:00:00,0,0,,1,0,1746.05,0,0,6829,0,0,0,0,1
MCH6831,"Kothari, De and Arora",5999,Retail Other,Individual,Kolkata,West Bengal,17/11/2025 04:43 PM,FVLK6104664273261,SUSPENDED,,MCH6831,5999,Individual,Other Retail,2025-11-17 16:43:00,0,0,FVLK6104664273261,0,0,,1,0,6831,1,1,1,3,2
MCH-6832,"Chaudry, Barman and Patla",5812,Restaurant,SOLE-PROPRIETOR,lucknow,Uttar Pradesh,2024/09/03,3762925357,Inactive,617.14,MCH6832,5812,Sole Proprietor,Food & Restaurants,2024-09-03 00:00:00,0,0,3762925357,0,0,617.14,0,0,6832,0,0,0,0,1
MCH6836,Gola-Rout,5999,Miscellaneous,sole_proprietor,bengaluru,Karnataka,2025/12/03,6402935239,Blocked,"INR 2,040.92",MCH6836,5999,Sole Proprietor,Other Retail,2025-12-03 00:00:00,0,0,6402935239,0,0,2040.92,0,0,6836,0,0,0,0,1
MCH6837,Oommen-Thaker,,BOOKS_STATIONERY,INDIVIDUAL,jalandhar,Punjab,11/10/2025 04:08 PM,6324216769,ACTIVE,1750.4,MCH6837,,Individual,Unknown,2025-10-11 16:08:00,0,0,6324216769,0,0,1750.4,0,0,6837,1,1,1,3,3
MCH6838,Wali-Nair,5912,chemist,Private Limited,DELHI,Delhi,11-12-2023,3622849709,Live,1461.29,MCH6838,5912,Private Limited,Pharmacy & Medical,2023-11-12 00:00:00,0,0,3622849709,0,0,1461.29,0,0,6838,0,0,0,0,1
MCH-6839,Saha LLC,5411,groceries,INDIVIDUAL,Chennai,Tamil Nadu,07-20-2025,XXXX2777,Active,1531.04,MCH6839,5411,Individual,Grocery,2025-07-20 00:00:00,0,0,XXXX2777,0,1,1531.04,0,0,6839,1,1,1,3,3
MCH6840,saini group,5411.0,Grocery,PRIVATE-LIMITED,bengaluru,Karnataka,2024/09/15,4326022170,A,-731.68,MCH6840,5411,Private Limited,Grocery,2024-09-15 00:00:00,0,0,4326022170,0,0,-731.68,0,1,6840,0,0,0,0,1
MCH6843,Gupta Gr0up,05942,Book Store,SOLE-PROPRIETOR,Jaipur,Rajasthan,,WRES2664733004628,Active,825.48,MCH6843,5942,Sole Proprietor,Books & Stationery,,1,0,WRES2664733004628,0,0,825.48,0,0,6843,1,1,1,3,3
mch6844,"bedi, gill and dube",MCC-7011,Hospitality,Partnership,Kolkata,West Bengal,11/06/2025,MUIE3650763763562,ACTIVE,INR 713.58,MCH6844,7011,Partnership,Hotels & Hospitality,2025-06-11 00:00:00,0,0,MUIE3650763763562,0,0,713.58,0,0,6844,0,0,0,0,1
MCH6848,Dora LLC,5311,Department Store,PARTNERSHIP,Chennai,Tamil Nadu,1758406998,DUSD7272281625368,Active,"₹1,272.49",MCH6848,5311,Partnership,Department Stores,2025-09-20 22:23:18,0,0,DUSD7272281625368,0,0,1272.49,0,0,6848,0,0,0,0,1
MCH6851,Chaudhary and S0ns,4131,transprt,individual,kolkata,West Bengal,04-03-2023,XXXX0557,ACTIVE,"INR 4,509.31",MCH6851,4131,Individual,Transportation,2023-04-03 00:00:00,0,0,XXXX0557,0,1,4509.31,0,0,6851,0,0,0,0,1
MCH6852,Swamy-Srinivas,4814,TELECOM,PRIVATE-LIMITED,Madras,Tamil Nadu,,SOKG3294393943682,Active,-449.44,MCH6852,4814,Private Limited,Telecom,,1,0,SOKG3294393943682,0,0,-449.44,0,1,6852,0,0,0,0,1
MCH 6853,Prashad PLC,7011,Hotel,private_limited,Dilli,Delhi,13/06/2024,KVIV4494971706487,Live,410.64,MCH6853,7011,Private Limited,Hotels & Hospitality,2024-06-13 00:00:00,0,0,KVIV4494971706487,0,0,410.64,0,0,6853,0,0,0,0,1
MCH6854,Singh-Pandya,5942,BOOKS_STATIONERY,PARTNERSHIP,amritsar,Punjab,2023-07-22 14:48:37,,Live,Rs. 353,MCH6854,5942,Partnership,Books & Stationery,2023-07-22 14:48:37,0,0,,1,0,353.0,0,0,6854,0,0,0,0,1
MCH6855,"Soman, Ravel and Anand",5411.0,groceries,Private Limited,kolkata,West Bengal,06-Feb-2026,XXXX2710,Active,1385.58,MCH6855,5411,Private Limited,Grocery,2026-02-06 00:00:00,0,0,XXXX2710,0,1,1385.58,0,0,6855,0,0,0,0,1
MCH6856,"  Dalal, Morar and Gala  ",07011,Hospitality,PRIVATE-LIMITED,Madras,Tamil Nadu,2025-11-18 11:40:38,XXXX3477,Active,-1373.13,MCH6856,7011,Private Limited,Hotels & Hospitality,2025-11-18 11:40:38,0,0,XXXX3477,0,1,-1373.13,0,1,6856,0,0,0,0,1
MCH6857,Barad and Sons,7011,Hotel,partnership,Jalandar,Punjab,2025-09-24 12:38:27,8351493566,Active,"INR 2,452.63",MCH6857,7011,Partnership,Hotels & Hospitality,2025-09-24 12:38:27,0,0,8351493566,0,0,2452.63,0,0,6857,0,0,0,0,1
mch6860,buch plc,5699,Apparel,PRIVATE_LIMITED,Calcutta,West Bengal,09-Jan-2025,,Enabled,Rs. 364,MCH6860,5699,Private Limited,Clothing,2025-01-09 00:00:00,0,0,,1,0,364.0,0,0,6860,0,0,0,0,1
MCH6861,Gandhi-Shukla,,kirana,partnership,Kolkata,West Bengal,09-Jan-2024,,Enabled,"Rs. 1,540",MCH6861,,Partnership,Unknown,2024-01-09 00:00:00,0,0,,1,0,1540.0,0,0,6861,1,1,0,2,2
mch6862,Misra-Dada,4814,TELECOM,PRIVATE_LIMITED,Kolkata,West Bengal,12-Aug-2025,XXXX0069,Live,Rs. 736,MCH6862,4814,Private Limited,Telecom,2025-08-12 00:00:00,0,0,XXXX0069,0,1,736.0,0,0,6862,1,0,1,2,2
MCH6863,Mani Group,5311,DEPT_STORE,individual,JPR,Rajasthan,30-May-2024,EJVY0425294699404,Enabled,"Rs. 2,985",MCH6863,5311,Individual,Department Stores,2024-05-30 00:00:00,0,0,EJVY0425294699404,0,0,2985.0,0,0,6863,0,0,0,0,1
MCH6865,Mander-Chakrabarti,7011,Hotel,private_limited,mumbai,Maharashtra,20/04/2023 10:35 AM,,Enabled,-465.56,MCH6865,7011,Private Limited,Hotels & Hospitality,2023-04-20 10:35:00,0,0,,1,0,-465.56,0,1,6865,0,0,0,0,1
MCH-6866,Gill-Shere,,BOOKS_STATIONERY,Individual,Calcutta,West Bengal,03/01/2025,XXXX3682,A,"Rs. 4,194",MCH6866,,Individual,Unknown,2025-01-03 00:00:00,0,0,XXXX3682,0,1,4194.0,0,0,6866,1,1,1,3,3
6868,Tara Group,MCC-5311,Retail,PARTNERSHIP,pune,Maharashtra,1707009036,,A,323.93,6868,5311,Partnership,Department Stores,2024-02-04 01:10:36,0,0,,1,0,323.93,0,0,6868,0,0,0,0,1
MCH 6869,"Oak, Kalla and Chand",4131,transprt,PRIVATE_LIMITED,Pune,Maharashtra,2025-01-21 15:07:04,XXXX1495,A,"2,412.44",MCH6869,4131,Private Limited,Transportation,2025-01-21 15:07:04,0,0,XXXX1495,0,1,2412.44,0,0,6869,0,0,0,0,1
MCH6870,Basak Group,4814,phone service,SOLE_PROPRIETOR,Poona,Maharashtra,2025/04/03,5001363774,Active,2497.95,MCH6870,4814,Sole Proprietor,Telecom,2025-04-03 00:00:00,0,0,5001363774,0,0,2497.95,0,0,6870,0,0,0,0,1
MCH 6873,Dar and Sons,5311,Department Store,sole_proprietor,Jalandar,Punjab,,XXXX7759,Active,75.71,MCH6873,5311,Sole Proprietor,Department Stores,,1,0,XXXX7759,0,1,75.71,0,0,6873,0,0,0,0,1
MCH6875,Anand-Bajwa,7011,Hotel,PRIVATE-LIMITED,pune,Maharashtra,06-15-2025,5856572593,ACTIVE,1892.34,MCH6875,7011,Private Limited,Hotels & Hospitality,2025-06-15 00:00:00,0,0,5856572593,0,0,1892.34,0,0,6875,1,1,0,2,2
MCH 6877,Nadkarni and Sons,UNKNOWN,kirana,INDIVIDUAL,ludhiana,Punjab,10-12-2025,,ACTIVE,"Rs. 1,757",MCH6877,,Individual,Unknown,2025-10-12 00:00:00,0,0,,1,0,1757.0,0,0,6877,1,1,1,3,2
MCH-6882,"Thaker, Hans and Chandra",4131,Transport,PRIVATE-LIMITED,lucknow,Uttar Pradesh,2025-02-10 06:27:51,XXXX2452,INACTIVE,274.11,MCH6882,4131,Private Limited,Transportation,2025-02-10 06:27:51,0,0,XXXX2452,0,1,274.11,0,0,6882,0,0,0,0,1
MCH6889,Vala PLC,5311,Department Stores,SOLE_PROPRIETOR,Ludhiana,Punjab,03-Jul-2024,XXXX2033,Live,"₹2,028.13",MCH6889,5311,Sole Proprietor,Department Stores,2024-07-03 00:00:00,0,0,XXXX2033,0,1,2028.13,0,0,6889,1,1,1,3,2
MCH6890,Pandit-Narasimhan,7011,hotel,private_limited,Calcutta,West Bengal,21/04/2024,XXXX8046,Inactive,525.87,MCH6890,7011,Private Limited,Hotels & Hospitality,2024-04-21 00:00:00,0,0,XXXX8046,0,1,525.87,0,0,6890,0,0,1,1,2
MCH6892,Chacko-Gaba,5912,Pharmacies,SOLE-PROPRIETOR,Bengaluru,Karnataka,07-May-2025,XXXX0824,Live,684.73,MCH6892,5912,Sole Proprietor,Pharmacy & Medical,2025-05-07 00:00:00,0,0,XXXX0824,0,1,684.73,0,0,6892,0,0,0,0,1
MCH6896,Padmanabhan-Purohit,4814,TELECOM,PRIVATE-LIMITED,Calcutta,West Bengal,09-10-2025,9931095643,Enabled,1862.46,MCH6896,4814,Private Limited,Telecom,2025-09-10 00:00:00,0,0,9931095643,0,0,1862.46,0,0,6896,1,1,0,2,2
MCH6903,sanghvi-suresh,5912.0,Medical,Sole Proprietor,Pune,Maharashtra,2024/12/01,XXXX6921,A,3930.65,MCH6903,5912,Sole Proprietor,Pharmacy & Medical,2024-12-01 00:00:00,0,0,XXXX6921,0,1,3930.65,0,0,6903,1,1,1,3,3
MCH 6904,"dora, buch and dara",5411,kirana,INDIVIDUAL,LKO,Uttar Pradesh,1769552285,3574033912,A,,MCH6904,5411,Individual,Grocery,2026-01-27 22:18:05,0,0,3574033912,0,0,,1,0,6904,1,1,1,3,3
MCH6907,Dhillon-Sama,5812.0,Restaurants,PRIVATE-LIMITED,Jalandar,Punjab,21/12/2024 07:31 AM,,A,4335.88,MCH6907,5812,Private Limited,Food & Restaurants,2024-12-21 07:31:00,0,0,,1,0,4335.88,0,0,6907,0,0,0,0,1
MCH6917,"Deshmukh, Parmar and Lad",4814,phone service,Sole Proprietor,Jaipur,Rajasthan,29/07/2023,KZXC7074900980989,A,"INR 1,543.47",MCH6917,4814,Sole Proprietor,Telecom,2023-07-29 00:00:00,0,0,KZXC7074900980989,0,1,1543.47,0,0,6917,0,0,0,0,1
mch6918,Sant Ltd,4131,Transportation,private_limited,Chennai,Tamil Nadu,01-15-2023,,Active,Rs. 472,MCH6918,4131,Private Limited,Transportation,2023-01-15 00:00:00,0,0,,1,0,472.0,0,0,6918,0,0,0,0,1
MCH6919,Mander Ltd,5999,Other,Partnership,jalandhar,Punjab,02/05/2024 02:08 AM,6597659461,ACTIVE,"INR 2,549.85",MCH6919,5999,Partnership,Other Retail,2024-05-02 02:08:00,0,0,6597659461,0,0,2549.85,0,0,6919,0,0,0,0,1
MCH6920,"Bhagat, Nadkarni and Dyal",5311.0,Department Stores,individual,Calcutta,West Bengal,01/01/2026,JTIZ3629800274600,Live,INR 410.54,MCH6920,5311,Individual,Department Stores,2026-01-01 00:00:00,0,0,JTIZ3629800274600,0,0,410.54,0,0,6920,0,0,0,0,1
MCH6922,"Walia, Mukherjee and Sodhi",05912,Medical,Private Limited,Mumbai,Maharashtra,,FUTM3546823667854,I,Rs. 371,MCH6922,5912,Private Limited,Pharmacy & Medical,,1,0,FUTM3546823667854,0,0,371.0,0,0,6922,1,0,1,2,2
6923,"kumar, hayre and grover",5942,BOOKS_STATIONERY,PARTNERSHIP,LKO,Uttar Pradesh,12-Mar-2024,RIOW5493044350343,Disabled,₹937.24,6923,5942,Partnership,Books & Stationery,2024-03-12 00:00:00,0,0,RIOW5493044350343,0,0,937.24,0,0,6923,0,0,0,0,1
MCH-6926,Bhattacharyya and S0ns,misc,MEDICAL_STORE,PRIVATE-LIMITED,jaipur,Rajasthan,28/08/2025 10:51 AM,,Active,"INR 3,997.27",MCH6926,,Private Limited,Unknown,2025-08-28 10:51:00,0,0,,1,0,3997.27,0,0,6926,0,0,0,0,1
MCH6928,Tata-Wagle,5912,chemist,PARTNERSHIP,Bengaluru,Karnataka,1703998737,RIXU6958241048195,A,"Rs. 1,008",MCH6928,5912,Partnership,Pharmacy & Medical,2023-12-31 04:58:57,0,0,RIXU6958241048195,0,1,1008.0,0,0,6928,1,0,1,2,2
mch6930,dhingra plc,4131,transprt,SOLE-PROPRIETOR,kolkata,West Bengal,12-26-2025,0573344250,A,,MCH6930,4131,Sole Proprietor,Transportation,2025-12-26 00:00:00,0,0,0573344250,0,0,,1,0,6930,1,1,1,3,2
MCH6935,"Sagar,BadalandJha",MCC-5912,Pharmacy,private_limited,Delhi,Delhi,2025/11/06,,Live,₹319.70,MCH6935,5912,Private Limited,Pharmacy & Medical,2025-11-06 00:00:00,0,0,,1,0,319.7,0,0,6935,0,0,0,0,1
MCH-6939,Sampath Ltd,5999,misc retail,SOLE-PROPRIETOR,LKO,Uttar Pradesh,01/07/2025 11:23 AM,XXXX8052,Suspended,2962.51,MCH6939,5999,Sole Proprietor,Other Retail,2025-07-01 11:23:00,0,0,XXXX8052,0,1,2962.51,0,0,6939,1,1,1,3,3
MCH6940,Koshy Inc,4131,Transport,Private Limited,Chennai,Tamil Nadu,06-25-2024,,Live,"₹5,556.50",MCH6940,4131,Private Limited,Transportation,2024-06-25 00:00:00,0,0,,1,0,5556.5,0,0,6940,0,0,0,0,1
MCH6943,  Vyas Group  ,05699,garments,INDIVIDUAL,ASR,Punjab,11-Apr-2023,KIUE4469872424797,Live,-651.75,MCH6943,5699,Individual,Clothing,2023-04-11 00:00:00,0,0,KIUE4469872424797,0,0,-651.75,0,1,6943,0,0,0,0,1
MCH6944,"Ghosh, Hayre and Seth",5699,Apparel,individual,Jaipur,Rajasthan,2024/06/29,,I,,MCH6944,5699,Individual,Clothing,2024-06-29 00:00:00,0,0,,1,0,,1,0,6944,1,0,1,2,2
MCH 6945,Barad LLC,5311.0,Retail,partnership,Ludhiana,Punjab,13/09/2025 06:55 AM,,Live,3350.77,MCH6945,5311,Partnership,Department Stores,2025-09-13 06:55:00,0,0,,1,0,3350.77,0,0,6945,0,0,0,0,1
MCH6947,Sen LLC,5912,Medical,INDIVIDUAL,HYDERABAD,Telangana,29-May-2025,0155753762,ACTIVE,820.37,MCH6947,5912,Individual,Pharmacy & Medical,2025-05-29 00:00:00,0,0,0155753762,0,0,820.37,0,0,6947,1,0,1,2,2
MCH6948,"Kala,LokeandSinghal",4814,phone service,INDIVIDUAL,Bangalore,Karnataka,2025/07/16,,ACTIVE,-752.55,MCH6948,4814,Individual,Telecom,2025-07-16 00:00:00,0,0,,1,0,-752.55,0,1,6948,0,0,0,0,1
MCH 6949,"Dada, Suri and Chhabra",7011,HOTEL_LODGING,SOLE-PROPRIETOR,Poona,Maharashtra,2024/01/26,2829880140,ACTIVE,₹333.77,MCH6949,7011,Sole Proprietor,Hotels & Hospitality,2024-01-26 00:00:00,0,0,2829880140,0,0,333.77,0,0,6949,0,0,0,0,1
MCH6950,"Bal, Swaminathan and Desai",5912,Pharmacy,PARTNERSHIP,jaipur,Rajasthan,10/04/2025 12:08 AM,XXXX4795,ACTIVE,1101.05,MCH6950,5912,Partnership,Pharmacy & Medical,2025-04-10 00:08:00,0,0,XXXX4795,0,1,1101.05,0,0,6950,0,0,0,0,1
MCH-6953,Khurana-Prabhakar,,Books,Partnership,HYDERABAD,Telangana,03/10/2024,,A,-2749.21,MCH6953,,Partnership,Unknown,2024-10-03 00:00:00,0,0,,1,0,-2749.21,0,1,6953,0,0,0,0,1
6959,"Agrawal, Bhatt and Babu",7011,Hotels,partnership,Lucknow,Uttar Pradesh,2024-05-24 03:34:51,,Live,611.31,6959,7011,Partnership,Hotels & Hospitality,2024-05-24 03:34:51,0,0,,1,0,611.31,0,0,6959,0,0,0,0,1
MCH6960,DAS-DHAWAN,misc,FOOD_SERVICES,Partnership,Jaipur,Rajasthan,22/01/2023,,Active,"Rs. 1,832",MCH6960,,Partnership,Unknown,2023-01-22 00:00:00,0,0,,1,0,1832.0,0,0,6960,0,0,0,0,1
MCH6965,Lala Group,MCC-5912,Medical,PRIVATE-LIMITED,pune,Maharashtra,26-Aug-2023,,A,Rs. 256,MCH6965,5912,Private Limited,Pharmacy & Medical,2023-08-26 00:00:00,0,0,,1,0,256.0,0,0,6965,0,0,0,0,1
6966,"Wali, Mand and Prabhakar",5942,BOOKS_STATIONERY,PARTNERSHIP,Amritsar,Punjab,10-16-2023,,Live,"₹2,789.87",6966,5942,Partnership,Books & Stationery,2023-10-16 00:00:00,0,0,,1,0,2789.87,0,0,6966,0,0,0,0,1
MCH6970,CHOPRA-LOKE,5311,Department Store,PARTNERSHIP,JPR,Rajasthan,02-13-2025,,Enabled,564.18,MCH6970,5311,Partnership,Department Stores,2025-02-13 00:00:00,0,0,,1,0,564.18,0,0,6970,1,0,1,2,2
mch6972,Badal-Kamdar,MCC-7011,Hotels,PRIVATE-LIMITED,pune,Maharashtra,1703083788,,Enabled,"INR 1,516.57",MCH6972,7011,Private Limited,Hotels & Hospitality,2023-12-20 14:49:48,0,0,,1,0,1516.57,0,0,6972,0,0,0,0,1
MCH6974,Ramaswamy Ltd,5311,Department Stores,INDIVIDUAL,Delhi,Delhi,01-01-2026,XXXX1883,Live,"Rs. 1,499",MCH6974,5311,Individual,Department Stores,2026-01-01 00:00:00,0,0,XXXX1883,0,1,1499.0,0,0,6974,0,0,0,0,1
MCH6977,SATHE-JHA,5942,Book Store,INDIVIDUAL,LKO,Uttar Pradesh,06-Aug-2023,XXXX2950,Live,-1341.62,MCH6977,5942,Individual,Books & Stationery,2023-08-06 00:00:00,0,0,XXXX2950,0,1,-1341.62,0,1,6977,0,0,0,0,1
MCH6979,Tiwari and Sons,5999,Retail Other,Sole Proprietor,Mumbai,Maharashtra,,XXXX1209,Live,"Rs. 2,312",MCH6979,5999,Sole Proprietor,Other Retail,,1,0,XXXX1209,0,1,2312.0,0,0,6979,1,0,1,2,3
MCH6980,sarna-rajagopal,5999,Misc Retail,PARTNERSHIP,jalandhar,Punjab,2024-02-13 12:55:41,,Enabled,5229.33,MCH6980,5999,Partnership,Other Retail,2024-02-13 12:55:41,0,0,,1,0,5229.33,0,0,6980,0,0,0,0,1
MCH6982,"Baral, Ramachandran and Keer",MCC-5942,Stationery,PARTNERSHIP,LKO,Uttar Pradesh,13/09/2025,IVWY4612352669313,Hold,"INR 5,234.31",MCH6982,5942,Partnership,Books & Stationery,2025-09-13 00:00:00,0,0,IVWY4612352669313,0,0,5234.31,0,0,6982,1,0,1,2,2
MCH6983,Barman-Chand,5311.0,Department Stores,partnership,DELHI,Delhi,2024-10-07 12:44:43,,Live,"3,713.18",MCH6983,5311,Partnership,Department Stores,2024-10-07 12:44:43,0,0,,1,0,3713.18,0,0,6983,0,0,0,0,1
mch6984,wadhwa llc,5411,Grocery Stores,individual,pune,Maharashtra,01-23-2025,3976512741,Active,INR 542.76,MCH6984,5411,Individual,Grocery,2025-01-23 00:00:00,0,0,3976512741,0,0,542.76,0,0,6984,0,0,0,0,1
MCH6985,Devi-Radhakrishnan,5942,Stationery,INDIVIDUAL,jalandhar,Punjab,1674187022,VEKB0627444661101,Active,694.07,MCH6985,5942,Individual,Books & Stationery,2023-01-20 03:57:02,0,0,VEKB0627444661101,0,0,694.07,0,0,6985,0,0,0,0,1
MCH6986,"  Joshi, Chacko and Sawhney  ",05411,kirana,Individual,MUMBAI,Maharashtra,05-Nov-2025,3156013270,Active,606.88,MCH6986,5411,Individual,Grocery,2025-11-05 00:00:00,0,0,3156013270,0,0,606.88,0,0,6986,1,1,0,2,2
MCH6989,Raju LLC,5699,Clothing,INDIVIDUAL,JPR,Rajasthan,03-Nov-2023,4351608402,Disabled,"₹1,427.80",MCH6989,5699,Individual,Clothing,2023-11-03 00:00:00,0,0,4351608402,0,0,1427.8,0,0,6989,0,0,0,0,1
MCH6990,Apte-Choudhary,4131,transprt,partnership,Bangalore,Karnataka,05/05/2023,,Enabled,3342.47,MCH6990,4131,Partnership,Transportation,2023-05-05 00:00:00,0,0,,1,0,3342.47,0,0,6990,0,0,0,0,1
MCH6991,dani ltd,UNKNOWN,Bus/Taxi,partnership,bengaluru,Karnataka,16/07/2025,5759081808,Active,-1831.13,MCH6991,,Partnership,Unknown,2025-07-16 00:00:00,0,0,5759081808,0,0,-1831.13,0,1,6991,0,0,0,0,1
MCH6992,"Srivastava, Sha and Natarajan",5812,Restaurant,Partnership,amritsar,Punjab,01-21-2026,5921074250,Active,Rs. 893,MCH6992,5812,Partnership,Food & Restaurants,2026-01-21 00:00:00,0,0,5921074250,0,0,893.0,0,0,6992,0,0,0,0,1
mch6998,Jani-Nayak,5311,DEPT_STORE,individual,DELHI,Delhi,01-27-2026,,A,"₹3,349.13",MCH6998,5311,Individual,Department Stores,2026-01-27 00:00:00,0,0,,1,0,3349.13,0,0,6998,0,0,0,0,1
MCH6999,Solanki PLC,7011,Hotel,Partnership,Madras,Tamil Nadu,02-26-2024,,Enabled,926.71,MCH6999,7011,Partnership,Hotels & Hospitality,2024-02-26 00:00:00,0,0,,1,0,926.71,0,0,6999,1,0,1,2,2
MCH-7001,Das LLC,4814.0,Telecom,PRIVATE-LIMITED,kolkata,West Bengal,02/09/2025,,Enabled,"INR 3,255.38",MCH7001,4814,Private Limited,Telecom,2025-09-02 00:00:00,0,0,,1,0,3255.38,0,0,7001,0,0,0,0,1
MCH7003,"Dutt, Sachdeva and Sridhar",MCC-5999,Retail Other,INDIVIDUAL,lucknow,Uttar Pradesh,2025/04/30,7336401497,Disabled,418.71,MCH7003,5999,Individual,Other Retail,2025-04-30 00:00:00,0,0,7336401497,0,0,418.71,0,0,7003,1,1,1,3,2
mch7007,Sastry-Soni,7011,Hotels,sole_proprietor,chennai,Tamil Nadu,01/11/2024,XXXX4092,Disabled,-649.1,MCH7007,7011,Sole Proprietor,Hotels & Hospitality,2024-11-01 00:00:00,0,0,XXXX4092,0,1,-649.1,0,1,7007,0,0,0,0,1
MCH7010,kuruvilla-shanker,5411,kirana,SOLE-PROPRIETOR,Dilli,Delhi,07-22-2023,,S,INR 524.40,MCH7010,5411,Sole Proprietor,Grocery,2023-07-22 00:00:00,0,0,,1,0,524.4,0,0,7010,0,0,0,0,1
7013,"Batra,NarangandGala",5912,MEDICAL_STORE,SOLE_PROPRIETOR,New Delhi,Delhi,02-Mar-2025,XXXX0133,ACTIVE,"2,875.47",7013,5912,Sole Proprietor,Pharmacy & Medical,2025-03-02 00:00:00,0,0,XXXX0133,0,1,2875.47,0,0,7013,1,1,1,3,2
MCH7016,Ratti PLC,4131,TRAVEL,PARTNERSHIP,LKO,Uttar Pradesh,2025-10-18 02:35:27,HWTR3220006102269,Enabled,319.94,MCH7016,4131,Partnership,Transportation,2025-10-18 02:35:27,0,0,HWTR3220006102269,0,0,319.94,0,0,7016,0,0,0,0,1
7017,DeepGroup,,Hospitality,INDIVIDUAL,Dilli,Delhi,,,Live,1258.92,7017,,Individual,Unknown,,1,0,,1,0,1258.92,0,0,7017,0,1,1,2,2
MCH7020,Dalal LLC,5311,Department Store,Partnership,Chennai,Tamil Nadu,2023-10-01 13:17:54,,ACTIVE,1105.4,MCH7020,5311,Partnership,Department Stores,2023-10-01 13:17:54,0,0,,1,0,1105.4,0,0,7020,0,0,0,0,1
MCH7021,"dewan, banerjee and purohit",7011,Hotels,SOLE_PROPRIETOR,Bangalore,Karnataka,01-Jul-2024,XXXX8572,ACTIVE,969.81,MCH7021,7011,Sole Proprietor,Hotels & Hospitality,2024-07-01 00:00:00,0,0,XXXX8572,0,1,969.81,0,0,7021,0,0,0,0,1
MCH 7023,Mannan-Mallick,5999,Misc Retail,INDIVIDUAL,Hyderabad,Telangana,,BQNS1502974429250,Enabled,"₹1,891.27",MCH7023,5999,Individual,Other Retail,,1,0,BQNS1502974429250,0,0,1891.27,0,0,7023,1,0,0,1,2
mch7024,gandhi-kunda,5942.0,BOOKS_STATIONERY,private_limited,LKO,Uttar Pradesh,2024/04/22,,Active,₹184.56,MCH7024,5942,Private Limited,Books & Stationery,2024-04-22 00:00:00,0,0,,1,0,184.56,0,0,7024,0,0,0,0,1
MCH7025,"Shanker, Bandi and Bala",5999,Retail Other,INDIVIDUAL,bengaluru,Karnataka,2025/01/26,XXXX6482,A,4575.03,MCH7025,5999,Individual,Other Retail,2025-01-26 00:00:00,0,0,XXXX6482,0,1,4575.03,0,0,7025,0,0,0,0,1
mch7026,Ganesan-Manda,7011,Hotel,Sole Proprietor,MUMBAI,Maharashtra,30/09/2025,6953234378,Live,"Rs. 1,364",MCH7026,7011,Sole Proprietor,Hotels & Hospitality,2025-09-30 00:00:00,0,0,6953234378,0,0,1364.0,0,0,7026,0,0,0,0,1
MCH7027,"Vyas, Ghose and Narasimhan",05311,Department Store,SOLE_PROPRIETOR,Hyderabad,Telangana,04-05-2023,GJGE7959201596190,A,Rs. 860,MCH7027,5311,Sole Proprietor,Department Stores,2023-04-05 00:00:00,0,0,GJGE7959201596190,0,0,860.0,0,0,7027,0,0,0,0,1
MCH7028,Jain-Merchant,5912,Medical,Partnership,lucknow,Uttar Pradesh,10-16-2025,,A,₹542.31,MCH7028,5912,Partnership,Pharmacy & Medical,2025-10-16 00:00:00,0,0,,1,0,542.31,0,0,7028,1,1,1,3,2
MCH7029,  Purohit Ltd  ,4814,Mobile Recharge,Partnership,Bengaluru,Karnataka,2025-03-28 00:44:27,7715883452,Disabled,"1,186.22",MCH7029,4814,Partnership,Telecom,2025-03-28 00:44:27,0,0,7715883452,0,0,1186.22,0,0,7029,1,1,1,3,2
mch7030,Shan Ltd,5311,DEPT_STORE,INDIVIDUAL,ludhiana,Punjab,,,SUSPENDED,466.83,MCH7030,5311,Individual,Department Stores,,1,0,,1,0,466.83,0,0,7030,0,0,0,0,1
MCH 7031,Chander Inc,4814,Telecom,Private Limited,Poona,Maharashtra,28/09/2025,XXXX5142,A,1538.5,MCH7031,4814,Private Limited,Telecom,2025-09-28 00:00:00,0,0,XXXX5142,0,1,1538.5,0,0,7031,0,0,0,0,1
MCH 7032,"Mangat, Naik and Kakar",7011,Hotels,private_limited,ASR,Punjab,01-09-2023,,Live,,MCH7032,7011,Private Limited,Hotels & Hospitality,2023-01-09 00:00:00,0,0,,1,0,,1,0,7032,0,0,0,0,1
MCH-7033,Mani and Sons,5699,Apparel,Partnership,mumbai,Maharashtra,06/07/2023,,A,"₹2,767.54",MCH7033,5699,Partnership,Clothing,2023-07-06 00:00:00,0,0,,1,0,2767.54,0,0,7033,0,0,0,0,1
MCH7034,Deol LLC,MCC-5942,BOOKS_STATIONERY,Individual,Pune,Maharashtra,27-Jan-2026,,Live,₹856.21,MCH7034,5942,Individual,Books & Stationery,2026-01-27 00:00:00,0,0,,1,0,856.21,0,0,7034,1,1,0,2,3
MCH-7038,Mannan-Singh,5942,Books,INDIVIDUAL,BLR,Karnataka,25-May-2025,KOWX5085991997722,Closed,Rs. 620,MCH7038,5942,Individual,Books & Stationery,2025-05-25 00:00:00,0,0,KOWX5085991997722,0,1,620.0,0,0,7038,0,0,0,0,1
MCH7040,Bhasin-Lala,5942,Stationery,Individual,MUMBAI,Maharashtra,11/10/2025,FTZP5237157996499,Suspended,"INR 2,406.66",MCH7040,5942,Individual,Books & Stationery,2025-10-11 00:00:00,0,0,FTZP5237157996499,0,0,2406.66,0,0,7040,0,0,0,0,1
MCH7042,  Halder-Kalla  ,,Misc Retail,PRIVATE_LIMITED,pune,Maharashtra,26/09/2023,,Active,"INR 1,230.30",MCH7042,,Private Limited,Unknown,2023-09-26 00:00:00,0,0,,1,0,1230.3,0,0,7042,1,1,1,3,2
MCH-7044,"Anne, Som and Ganesan",7011.0,Hotels,INDIVIDUAL,jalandhar,Punjab,2025/08/08,XCXH2265403585911,A,,MCH7044,7011,Individual,Hotels & Hospitality,2025-08-08 00:00:00,0,0,XCXH2265403585911,0,1,,1,0,7044,1,1,1,3,2
MCH7047,BATTA-BHAVSAR,4814,phone service,INDIVIDUAL,Lucknow,Uttar Pradesh,,DJKB0646172113081,Active,₹691.03,MCH7047,4814,Individual,Telecom,,1,0,DJKB0646172113081,0,0,691.03,0,0,7047,0,0,0,0,1
MCH7048,Manda Inc,5942,Books,SOLE-PROPRIETOR,Calcutta,West Bengal,17/02/2024 04:08 AM,1555117689,Active,Rs. 776,MCH7048,5942,Sole Proprietor,Books & Stationery,2024-02-17 04:08:00,0,0,1555117689,0,0,776.0,0,0,7048,0,0,0,0,1
mch7050,CHAND AND SONS,MCC-5912,Pharmacy,PRIVATE-LIMITED,bengaluru,Karnataka,2025-02-04 15:33:07,XXXX7630,Enabled,INR 781.34,MCH7050,5912,Private Limited,Pharmacy & Medical,2025-02-04 15:33:07,0,0,XXXX7630,0,1,781.34,0,0,7050,0,0,0,0,1
MCH7051,  Ramachandran-Rajan  ,5812,eating place,PARTNERSHIP,MUMBAI,Maharashtra,2023/12/26,XXXX3526,Live,"1,183.53",MCH7051,5812,Partnership,Food & Restaurants,2023-12-26 00:00:00,0,0,XXXX3526,0,1,1183.53,0,0,7051,0,0,0,0,1
MCH7057,"Lad, Kala and Bhagat",4814.0,TELECOM,PARTNERSHIP,jaipur,Rajasthan,10/02/2026 03:50 PM,,Active,1333.8,MCH7057,4814,Partnership,Telecom,2026-02-10 15:50:00,0,0,,1,0,1333.8,0,0,7057,0,0,0,0,1
mch7058,Chatterjee PLC,misc,CLOTHS,INDIVIDUAL,Jalandhar,Punjab,,,Active,587.63,MCH7058,,Individual,Unknown,,1,0,,1,0,587.63,0,0,7058,1,1,1,3,3
MCH7060,"Nayak, Parmer and Anand",,Pharmacies,PRIVATE-LIMITED,kolkata,West Bengal,26-May-2023,,Active,"INR 1,299.10",MCH7060,,Private Limited,Unknown,2023-05-26 00:00:00,0,0,,1,0,1299.1,0,0,7060,0,0,0,0,1
MCH7061,Grover and Sons,7011,Hospitality,INDIVIDUAL,JPR,Rajasthan,1686608001,,A,462.72,MCH7061,7011,Individual,Hotels & Hospitality,2023-06-12 22:13:21,0,0,,1,0,462.72,0,0,7061,0,0,0,0,1
MCH7062,"Karpe, Sekhon and Memon",5999,miscellaneous,partnership,Madras,Tamil Nadu,2024/07/18,ERAF1958847105569,Active,"Rs. 2,267",MCH7062,5999,Partnership,Other Retail,2024-07-18 00:00:00,0,0,ERAF1958847105569,0,0,2267.0,0,0,7062,1,0,1,2,3
MCH7063,"Garg, Bawa and Hans",4814,Telecom,PRIVATE-LIMITED,LKO,Uttar Pradesh,28-Dec-2025,,A,2717.9,MCH7063,4814,Private Limited,Telecom,2025-12-28 00:00:00,0,0,,1,0,2717.9,0,0,7063,1,1,1,3,2
MCH7074,Lalla-Iyengar,,Pharmacies,individual,jalandhar,Punjab,01-10-2026,9351816139,Enabled,732.21,MCH7074,,Individual,Unknown,2026-01-10 00:00:00,0,0,9351816139,0,0,732.21,0,0,7074,1,0,1,2,4
MCH7075,D’Alia Group,7011,HOTEL_LODGING,PARTNERSHIP,Madras,Tamil Nadu,2024-05-03 20:19:30,1415999033,I,1262.21,MCH7075,7011,Partnership,Hotels & Hospitality,2024-05-03 20:19:30,0,0,1415999033,0,0,1262.21,0,0,7075,0,0,0,0,1
MCH7076,  Bava-Shroff  ,5999.0,Miscellaneous,Sole Proprietor,Chennai,Tamil Nadu,2025-09-03 01:54:16,,Live,₹875.99,MCH7076,5999,Sole Proprietor,Other Retail,2025-09-03 01:54:16,0,0,,1,0,875.99,0,0,7076,0,0,0,0,1
MCH7077,BASU LLC,7011.0,HOTEL_LODGING,individual,Lucknow,Uttar Pradesh,18/08/2025,5226667486,Hold,Rs. 484,MCH7077,7011,Individual,Hotels & Hospitality,2025-08-18 00:00:00,0,0,5226667486,0,0,484.0,0,0,7077,1,1,1,3,2
MCH7078,"Vasa, Gade and Viswanathan",5699,Fashion,INDIVIDUAL,mumbai,Maharashtra,17/08/2025,XXXX5209,A,660.73,MCH7078,5699,Individual,Clothing,2025-08-17 00:00:00,0,0,XXXX5209,0,1,660.73,0,0,7078,0,0,0,0,2
MCH7087,Prashad LLC,5311,Department Store,PARTNERSHIP,chennai,Tamil Nadu,05-29-2023,,Enabled,Rs. 955,MCH7087,5311,Partnership,Department Stores,2023-05-29 00:00:00,0,0,,1,0,955.0,0,0,7087,0,0,0,0,1
mch7088,Prabhu-Agarwal,5311,DEPT_STORE,SOLE_PROPRIETOR,Mumbai,Maharashtra,2025-11-30 13:55:45,1353265918,Closed,5426.05,MCH7088,5311,Sole Proprietor,Department Stores,2025-11-30 13:55:45,0,0,1353265918,0,0,5426.05,0,0,7088,0,0,0,0,1
MCH7089,"Reddy, Dua and Trivedi",5912.0,Medical,Private Limited,Kolkata,West Bengal,2023-08-03 14:43:57,LAWF4141310421548,I,819.59,MCH7089,5912,Private Limited,Pharmacy & Medical,2023-08-03 14:43:57,0,0,LAWF4141310421548,0,0,819.59,0,0,7089,0,0,0,0,1
MCH7093,Pai-Pau,7011,Hotel,individual,MUMBAI,Maharashtra,2025-03-19 11:49:49,,Suspended,1636.89,MCH7093,7011,Individual,Hotels & Hospitality,2025-03-19 11:49:49,0,0,,1,0,1636.89,0,0,7093,0,0,0,0,1
MCH7094,Narasimhan and Sons,5411,groceries,partnership,Lucknow,Uttar Pradesh,03/04/2023 07:40 AM,5172263250,A,-522.74,MCH7094,5411,Partnership,Grocery,2023-04-03 07:40:00,0,0,5172263250,0,0,-522.74,0,1,7094,1,1,1,3,2
MCH 7095,"Sachdev, Sunder and Dalal",,Book Store,partnership,mumbai,Maharashtra,1752999245,6394590196,Live,"₹3,937.60",MCH7095,,Partnership,Unknown,2025-07-20 08:14:05,0,0,6394590196,0,0,3937.6,0,0,7095,1,1,1,3,4
MCH7096,  Saxena-Kara  ,5942,books,partnership,Jaipur,Rajasthan,25/01/2025 02:10 AM,,Active,1167.73,MCH7096,5942,Partnership,Books & Stationery,2025-01-25 02:10:00,0,0,,1,0,1167.73,0,0,7096,1,1,0,2,3
mch7098,Patla PLC,MCC-4131,Bus/Taxi,Individual,Jaipur,Rajasthan,1731596839,,Active,Rs. 926,MCH7098,4131,Individual,Transportation,2024-11-14 15:07:19,0,0,,1,0,926.0,0,0,7098,1,1,1,3,2
mch7100,  Sanghvi-Pandit  ,5699,Apparel,individual,Pune,Maharashtra,09/07/2024,,Enabled,-638.61,MCH7100,5699,Individual,Clothing,2024-07-09 00:00:00,0,0,,1,0,-638.61,0,1,7100,0,0,0,0,1
MCH7104,Kothari LLC,4814.0,phone service,PARTNERSHIP,Jalandar,Punjab,2023/07/12,XXXX8714,Live,810.17,MCH7104,4814,Partnership,Telecom,2023-07-12 00:00:00,0,0,XXXX8714,0,1,810.17,0,0,7104,0,0,0,0,1
mch7105,Mann-Oommen,04814,Telecom,Private Limited,chennai,Tamil Nadu,2025-11-09 10:45:31,,Active,461.62,MCH7105,4814,Private Limited,Telecom,2025-11-09 10:45:31,0,0,,1,0,461.62,0,0,7105,1,1,1,3,4
MCH7106,mody-mitter,5699,CLOTHS,INDIVIDUAL,bengaluru,Karnataka,11/06/2023,ZNDK0366125245871,Active,₹574.51,MCH7106,5699,Individual,Clothing,2023-06-11 00:00:00,0,0,ZNDK0366125245871,0,0,574.51,0,0,7106,1,1,1,3,2
MCH-7108,Krishnan Group,5411,Grocery Stores,SOLE_PROPRIETOR,DELHI,Delhi,14-May-2023,,Live,INR 567.27,MCH7108,5411,Sole Proprietor,Grocery,2023-05-14 00:00:00,0,0,,1,0,567.27,0,0,7108,0,0,0,0,1
MCH7111,Kohli-Zachariah,5411,kirana,partnership,LDH,Punjab,04/08/2025,XXXX9398,A,585.6,MCH7111,5411,Partnership,Grocery,2025-08-04 00:00:00,0,0,XXXX9398,0,1,585.6,0,0,7111,0,0,0,0,1
MCH7113,"Jain,BhattiandSha",5942,BOOKS_STATIONERY,Partnership,Madras,Tamil Nadu,2025-07-30 15:17:22,XXXX9585,Suspended,1921.99,MCH7113,5942,Partnership,Books & Stationery,2025-07-30 15:17:22,0,0,XXXX9585,0,1,1921.99,0,0,7113,0,0,0,0,1
MCH7118,Chaudhry Ltd,5311,Retail,SOLE_PROPRIETOR,HYDERABAD,Telangana,2025/05/15,XXXX9631,A,6144.18,MCH7118,5311,Sole Proprietor,Department Stores,2025-05-15 00:00:00,0,0,XXXX9631,0,1,6144.18,0,0,7118,0,0,0,0,1
MCH7121,"narasimhan, anand and gaba",MCC-5999,Other,PRIVATE_LIMITED,Pune,Maharashtra,25/07/2025 09:18 PM,,Active,"Rs. 2,139",MCH7121,5999,Private Limited,Other Retail,2025-07-25 21:18:00,0,0,,1,0,2139.0,0,0,7121,0,0,0,0,1
MCH7126,Deol Ltd,5999,Other,PARTNERSHIP,delhi,Delhi,25-Jun-2025,,A,₹495.33,MCH7126,5999,Partnership,Other Retail,2025-06-25 00:00:00,0,0,,1,0,495.33,0,0,7126,1,1,1,3,2
MCH7127,"Chhabra, Dayal and Sood",5699,Apparel,individual,amritsar,Punjab,05-Jun-2024,7467986775,Live,"Rs. 1,738",MCH7127,5699,Individual,Clothing,2024-06-05 00:00:00,0,0,7467986775,0,0,1738.0,0,0,7127,1,0,1,2,2
MCH7128,Agarwal Group,5912,chemist,PRIVATE-LIMITED,Jalandhar,Punjab,06/06/2023 08:54 PM,,Enabled,"₹6,405.90",MCH7128,5912,Private Limited,Pharmacy & Medical,2023-06-06 20:54:00,0,0,,1,0,6405.9,0,0,7128,0,0,0,0,1
MCH7133,DinInc,5411,kirana,private_limited,pune,Maharashtra,2023-05-05 02:26:09,,Inactive,,MCH7133,5411,Private Limited,Grocery,2023-05-05 02:26:09,0,0,,1,0,,1,0,7133,0,0,0,0,1
MCH7137,Krishna-Palan,4814,Telecom,Partnership,ludhiana,Punjab,29/09/2025,GJTY8331565779502,Enabled,,MCH7137,4814,Partnership,Telecom,2025-09-29 00:00:00,0,0,GJTY8331565779502,0,0,,1,0,7137,0,1,1,2,2
MCH7138,Shere-Shankar,05411,Grocery Stores,sole_proprietor,Chennai,Tamil Nadu,1709808803,CDLC2524893044250,Live,"1,960.27",MCH7138,5411,Sole Proprietor,Grocery,2024-03-07 10:53:23,0,0,CDLC2524893044250,0,0,1960.27,0,0,7138,0,0,0,0,1
MCH7144,"char, kapadia and palla",5999,Miscellaneous,Private Limited,MUMBAI,Maharashtra,23-Mar-2025,8545782179,Disabled,"INR 4,555.85",MCH7144,5999,Private Limited,Other Retail,2025-03-23 00:00:00,0,0,8545782179,0,0,4555.85,0,0,7144,0,0,0,0,1
MCH7145,Ratti and Sons,,kirana,SOLE_PROPRIETOR,Pune,Maharashtra,01/07/2025,9050093816,Active,"INR 1,161.56",MCH7145,,Sole Proprietor,Unknown,2025-07-01 00:00:00,0,0,9050093816,0,0,1161.56,0,0,7145,0,0,0,0,1
MCH7146,Bali PLC,4814,phone service,PRIVATE_LIMITED,HYDERABAD,Telangana,02-14-2025,6264736894,Live,8255.11,MCH7146,4814,Private Limited,Telecom,2025-02-14 00:00:00,0,0,6264736894,0,0,8255.11,0,0,7146,1,1,0,2,2
7149,  Keer-Dua  ,MCC-4131,Transportation,private_limited,Dilli,Delhi,10/02/2026 05:58 PM,,Active,-852.06,7149,4131,Private Limited,Transportation,2026-02-10 17:58:00,0,0,,1,0,-852.06,0,1,7149,1,1,1,3,3
7152,"Bedi, Patil and Rana",5311.0,Retail,PRIVATE_LIMITED,Chennai,Tamil Nadu,01-02-2026,2453620033,I,"INR 1,076.99",7152,5311,Private Limited,Department Stores,2026-01-02 00:00:00,0,0,2453620033,0,0,1076.99,0,0,7152,1,1,1,3,2
7154,"Raj, Ram and Chokshi",5812,Food,private_limited,chennai,Tamil Nadu,05/11/2023 12:39 PM,,Enabled,₹242.80,7154,5812,Private Limited,Food & Restaurants,2023-11-05 12:39:00,0,0,,1,0,242.8,0,0,7154,0,0,0,0,1
MCH 7156,"Sathe, Patla and Tailor",misc,DEPT_STORE,INDIVIDUAL,jaipur,Rajasthan,07-Apr-2023,3942092126,Live,2168.89,MCH7156,,Individual,Unknown,2023-04-07 00:00:00,0,0,3942092126,0,0,2168.89,0,0,7156,1,1,1,3,3
MCH7157,Bir Inc,,Mobile Recharge,PRIVATE-LIMITED,lucknow,Uttar Pradesh,16-Apr-2023,,ACTIVE,906.12,MCH7157,,Private Limited,Unknown,2023-04-16 00:00:00,0,0,,1,0,906.12,0,0,7157,0,0,0,0,1
MCH7162,Ranganathan-Chakraborty,MCC-5699,garments,PRIVATE_LIMITED,Poona,Maharashtra,17-Feb-2025,LGPC8265918729531,Enabled,"INR 1,830.64",MCH7162,5699,Private Limited,Clothing,2025-02-17 00:00:00,0,0,LGPC8265918729531,0,0,1830.64,0,0,7162,1,1,0,2,3
MCH7163,"Chowdhury, Goyal and Pradhan",4131,Transportation,Sole Proprietor,pune,Maharashtra,08-11-2023,5098805593,Enabled,-806.17,MCH7163,4131,Sole Proprietor,Transportation,2023-08-11 00:00:00,0,0,5098805593,0,0,-806.17,0,1,7163,0,0,0,0,1
MCH7164,lata-parmar,,Food,individual,Madras,Tamil Nadu,18-Nov-2023,8876915291,Enabled,,MCH7164,,Individual,Unknown,2023-11-18 00:00:00,0,0,8876915291,0,0,,1,0,7164,1,0,1,2,2
MCH7165,Kulkarni-Ramanathan,4814,Telecom,Private Limited,Amritsar,Punjab,28/01/2025,8142627827,Live,INR 284.68,MCH7165,4814,Private Limited,Telecom,2025-01-28 00:00:00,0,0,8142627827,0,0,284.68,0,0,7165,0,0,0,0,1
MCH7167,"Bir, Kunda and Manne",05942,Stationery,PARTNERSHIP,Hyderabad,Telangana,2023/05/26,DXXE7335968012539,ACTIVE,Rs. 397,MCH7167,5942,Partnership,Books & Stationery,2023-05-26 00:00:00,0,0,DXXE7335968012539,0,1,397.0,0,0,7167,0,0,0,0,1
MCH7172,Chandran-Palla,5311,Department Stores,PARTNERSHIP,Pune,Maharashtra,09-23-2025,XXXX0145,Enabled,1177.65,MCH7172,5311,Partnership,Department Stores,2025-09-23 00:00:00,0,0,XXXX0145,0,1,1177.65,0,0,7172,0,0,0,0,1
MCH-7176,"SACHAR, WALI AND SAHA",04131,TRAVEL,individual,kolkata,West Bengal,13/02/2026,7683191787,Enabled,980.72,MCH7176,4131,Individual,Transportation,2026-02-13 00:00:00,0,0,7683191787,0,0,980.72,0,0,7176,0,0,0,0,1
MCH7178,Devan and Sons,5411.0,GROCERY_STORE,Sole Proprietor,kolkata,West Bengal,2023/11/11,,Closed,758.21,MCH7178,5411,Sole Proprietor,Grocery,2023-11-11 00:00:00,0,0,,1,0,758.21,0,0,7178,0,0,0,0,1
MCH7181,"Dar, Dada and Kala",4131,transprt,PARTNERSHIP,Calcutta,West Bengal,14/04/2023,XXXX4833,Live,₹859.59,MCH7181,4131,Partnership,Transportation,2023-04-14 00:00:00,0,0,XXXX4833,0,1,859.59,0,0,7181,0,0,0,0,1
MCH7184,Dara Inc,,GROCERY_STORE,SOLE_PROPRIETOR,Mumbay,Maharashtra,31-Aug-2023,,Live,"₹1,095.25",MCH7184,,Sole Proprietor,Unknown,2023-08-31 00:00:00,0,0,,1,0,1095.25,0,0,7184,0,0,0,0,1
MCH 7185,agarwal plc,7011,Hotels,INDIVIDUAL,Pune,Maharashtra,08-26-2025,,Active,1255.08,MCH7185,7011,Individual,Hotels & Hospitality,2025-08-26 00:00:00,0,0,,1,0,1255.08,0,0,7185,1,1,1,3,3
MCH7187,Sandhu Inc,5812,Restaurant,Individual,ASR,Punjab,,0356861723,Live,"INR 4,006.56",MCH7187,5812,Individual,Food & Restaurants,,1,0,0356861723,0,0,4006.56,0,0,7187,0,0,0,0,1
MCH-7190,Som-Kibe,5699.0,CLOTHS,PRIVATE-LIMITED,lucknow,Uttar Pradesh,1681025089,,Enabled,2254.41,MCH7190,5699,Private Limited,Clothing,2023-04-09 07:24:49,0,0,,1,0,2254.41,0,0,7190,0,0,0,0,1
MCH7191,Bhargava Ltd,05942,BOOKS_STATIONERY,Sole Proprietor,Hyd,Telangana,07-26-2023,XXXX5061,Closed,528.97,MCH7191,5942,Sole Proprietor,Books & Stationery,2023-07-26 00:00:00,0,0,XXXX5061,0,1,528.97,0,0,7191,0,0,0,0,1
mch7192,Subramaniam and S0ns,5942,Book Store,PRIVATE-LIMITED,Dilli,Delhi,20-Sep-2025,,Enabled,2702.97,MCH7192,5942,Private Limited,Books & Stationery,2025-09-20 00:00:00,0,0,,1,0,2702.97,0,0,7192,1,0,1,2,2
MCH 7194,Shan and S0ns,4131,Transport,individual,ludhiana,Punjab,,,Live,983.19,MCH7194,4131,Individual,Transportation,,1,0,,1,0,983.19,0,0,7194,0,0,0,0,1
MCH7195,Som and Sons,5999,Miscellaneous,sole_proprietor,Chennai,Tamil Nadu,1729003276,,ACTIVE,1440.74,MCH7195,5999,Sole Proprietor,Other Retail,2024-10-15 14:41:16,0,0,,1,0,1440.74,0,0,7195,0,0,0,0,1
MCH7196,Kunda-Bakshi,05311,Retail,PRIVATE-LIMITED,Kolkata,West Bengal,2026/02/08,,Suspended,859.44,MCH7196,5311,Private Limited,Department Stores,2026-02-08 00:00:00,0,0,,1,0,859.44,0,0,7196,1,1,1,3,2
MCH-7197,Raval-Chadha,5812,Food,individual,Bombay,Maharashtra,1695601162,,Enabled,218.40,MCH7197,5812,Individual,Food & Restaurants,2023-09-25 00:19:22,0,0,,1,0,218.4,0,0,7197,0,0,0,0,1
MCH7198,Dar-Sani,7011,Hotel,Private Limited,HYDERABAD,Telangana,2023-06-27 13:24:21,HWWD0144016589581,Active,1840.43,MCH7198,7011,Private Limited,Hotels & Hospitality,2023-06-27 13:24:21,0,0,HWWD0144016589581,0,0,1840.43,0,0,7198,1,1,1,3,3
MCH 7199,MANDA AND SONS,MCC-5942,Books,SOLE_PROPRIETOR,DELHI,Delhi,10/02/2026 11:11 AM,,Enabled,"INR 1,077.86",MCH7199,5942,Sole Proprietor,Books & Stationery,2026-02-10 11:11:00,0,0,,1,0,1077.86,0,0,7199,0,0,0,0,1
MCH7200,Madan PLC,5699,Fashion,INDIVIDUAL,New Delhi,Delhi,03/02/2025,4050915455,ACTIVE,190.57,MCH7200,5699,Individual,Clothing,2025-02-03 00:00:00,0,0,4050915455,0,0,190.57,0,0,7200,0,0,0,0,1
MCH7201,"patil, mahajan and issac",5999,Miscellaneous,Private Limited,Mumbai,Maharashtra,2025/03/16,0796859598,Active,282.54,MCH7201,5999,Private Limited,Other Retail,2025-03-16 00:00:00,0,0,0796859598,0,0,282.54,0,0,7201,0,0,0,0,1
MCH7202,UPPAL PLC,4131,Transportation,INDIVIDUAL,Jaipur,Rajasthan,03-01-2023,INKB4884883910397,Disabled,-1350.11,MCH7202,4131,Individual,Transportation,2023-03-01 00:00:00,0,0,INKB4884883910397,0,0,-1350.11,0,1,7202,0,0,0,0,1
7203,Sani-Memon,,Retail,SOLE_PROPRIETOR,ASR,Punjab,2023/03/25,OFZD1453201567778,Enabled,-205.09,7203,,Sole Proprietor,Unknown,2023-03-25 00:00:00,0,0,OFZD1453201567778,0,0,-205.09,0,1,7203,0,0,0,0,1
MCH7204,Thaman Ltd,,Stationery,individual,jalandhar,Punjab,05-Sep-2023,,ACTIVE,Rs. 937,MCH7204,,Individual,Unknown,2023-09-05 00:00:00,0,0,,1,0,937.0,0,0,7204,0,0,0,0,1
MCH7205,Dara PLC,5912,chemist,SOLE_PROPRIETOR,ludhiana,Punjab,26-Sep-2023,,A,1778.94,MCH7205,5912,Sole Proprietor,Pharmacy & Medical,2023-09-26 00:00:00,0,0,,1,0,1778.94,0,0,7205,0,0,0,0,1
7206,srivastava and sons,5411,kirana,Private Limited,lucknow,Uttar Pradesh,08-18-2025,1550287427,Live,"INR 1,434.41",7206,5411,Private Limited,Grocery,2025-08-18 00:00:00,0,0,1550287427,0,0,1434.41,0,0,7206,0,0,0,0,1
mch7211,"Apte, Vasa and Batta",5942.0,BOOKS_STATIONERY,SOLE-PROPRIETOR,Bombay,Maharashtra,2024-11-18 13:48:32,,Live,"Rs. 1,841",MCH7211,5942,Sole Proprietor,Books & Stationery,2024-11-18 13:48:32,0,0,,1,0,1841.0,0,0,7211,1,1,1,3,2
MCH7215,"Kau1, Pur0hit and Ar0ra",MCC-5311,Retail,private_limited,Hyderabad,Telangana,07-10-2023,8944621322,Enabled,2403.84,MCH7215,5311,Private Limited,Department Stores,2023-07-10 00:00:00,0,0,8944621322,0,0,2403.84,0,0,7215,0,0,0,0,1
MCH7216,PILLAI AND SONS,4814,Mobile Recharge,INDIVIDUAL,Amritsar,Punjab,12/02/2025 11:50 PM,,Live,Rs. 356,MCH7216,4814,Individual,Telecom,2025-02-12 23:50:00,0,0,,1,0,356.0,0,0,7216,0,0,0,0,1
mch7218,Varghese-Arya,07011,Hospitality,Private Limited,LKO,Uttar Pradesh,25-Dec-2025,VAFX9362941506530,A,2725.82,MCH7218,7011,Private Limited,Hotels & Hospitality,2025-12-25 00:00:00,0,0,VAFX9362941506530,0,1,2725.82,0,0,7218,0,0,0,0,1
MCH7219,Dhawan-Saha,7011.0,HOTEL_LODGING,INDIVIDUAL,Dilli,Delhi,01-06-2026,HJFW5603026154965,Inactive,2354.94,MCH7219,7011,Individual,Hotels & Hospitality,2026-01-06 00:00:00,0,0,HJFW5603026154965,0,0,2354.94,0,0,7219,0,0,0,0,1
MCH7220,Rege-Sharaf,5812,Restaurants,private_limited,Amritsar,Punjab,2023/12/15,RRUP8952328372225,A,978.47,MCH7220,5812,Private Limited,Food & Restaurants,2023-12-15 00:00:00,0,0,RRUP8952328372225,0,0,978.47,0,0,7220,0,0,0,0,1
MCH7222,  Verma and Sons  ,4814,TELECOM,individual,Dilli,Delhi,11/07/2023,,Disabled,-4154.85,MCH7222,4814,Individual,Telecom,2023-07-11 00:00:00,0,0,,1,0,-4154.85,0,1,7222,0,0,0,0,1
MCH7225,APTE-WADHWA,5812,FOOD_SERVICES,Individual,jalandhar,Punjab,1741332055,XXXX2773,ACTIVE,-5618.9,MCH7225,5812,Individual,Food & Restaurants,2025-03-07 07:20:55,0,0,XXXX2773,0,1,-5618.9,0,1,7225,0,0,0,0,1
MCH-7226,"Peri, Barad and Panchal",5942,Books,SOLE_PROPRIETOR,Delhi,Delhi,11-30-2024,VDWB1270434840968,ACTIVE,"Rs. 4,237",MCH7226,5942,Sole Proprietor,Books & Stationery,2024-11-30 00:00:00,0,0,VDWB1270434840968,0,0,4237.0,0,0,7226,0,0,0,0,1
MCH7228,SwaminathanLtd,,TELECOM,PARTNERSHIP,ludhiana,Punjab,13/03/2024,XXXX9584,ACTIVE,,MCH7228,,Partnership,Unknown,2024-03-13 00:00:00,0,0,XXXX9584,0,1,,1,0,7228,0,0,0,0,1
MCH7229,"Salvi, Kale and Sunder",4814,Mobile Recharge,Private Limited,pune,Maharashtra,12-23-2025,,Enabled,606.62,MCH7229,4814,Private Limited,Telecom,2025-12-23 00:00:00,0,0,,1,0,606.62,0,0,7229,0,0,0,0,1
MCH-7233,Arora LLC,5699,Apparel,Individual,ludhiana,Punjab,2025/10/11,1141889916,Enabled,"INR 2,703.60",MCH7233,5699,Individual,Clothing,2025-10-11 00:00:00,0,0,1141889916,0,0,2703.6,0,0,7233,1,1,1,3,3
MCH7236,bhasin llc,MCC-5699,Fashion,Partnership,jalandhar,Punjab,31/01/2025,XXXX8980,Live,"Rs. 1,228",MCH7236,5699,Partnership,Clothing,2025-01-31 00:00:00,0,0,XXXX8980,0,1,1228.0,0,0,7236,1,0,1,2,2
MCH7237,Reddy-Majumdar,UNKNOWN,Restaurants,Partnership,Dilli,Delhi,12-13-2024,,Live,₹987.48,MCH7237,,Partnership,Unknown,2024-12-13 00:00:00,0,0,,1,0,987.48,0,0,7237,0,0,0,0,1
MCH7239,"Trivedi, Ramesh and Prabhakar",,Apparel,sole_proprietor,LKO,Uttar Pradesh,1771884884,,A,-918.27,MCH7239,,Sole Proprietor,Unknown,2026-02-23 22:14:44,0,0,,1,0,-918.27,0,1,7239,1,1,1,3,2
MCH7244,Nadig-Kata,,Transport,PARTNERSHIP,Bangalore,Karnataka,1722572128,1173278568,ACTIVE,1686.67,MCH7244,,Partnership,Unknown,2024-08-02 04:15:28,0,0,1173278568,0,0,1686.67,0,0,7244,0,0,0,0,1
MCH7246,LATA LTD,5699,CLOTHS,PARTNERSHIP,Madras,Tamil Nadu,17/03/2024 08:45 AM,XXXX2358,Active,1315.04,MCH7246,5699,Partnership,Clothing,2024-03-17 08:45:00,0,0,XXXX2358,0,1,1315.04,0,0,7246,0,0,0,0,1
MCH7248,Rajagopalan Group,7011,Hotels,Partnership,HYDERABAD,Telangana,2024/05/22,,ACTIVE,₹859.24,MCH7248,7011,Partnership,Hotels & Hospitality,2024-05-22 00:00:00,0,0,,1,0,859.24,0,0,7248,0,0,0,0,1
MCH7249,  Prakash Group  ,5812,Restaurants,sole_proprietor,mumbai,Maharashtra,2024-11-30 17:32:21,4410967035,Enabled,"Rs. 1,855",MCH7249,5812,Sole Proprietor,Food & Restaurants,2024-11-30 17:32:21,0,0,4410967035,0,0,1855.0,0,0,7249,0,0,0,0,1
MCH7252,"  Krishnamurthy, Pandit and Mukherjee  ",5942,Book Store,Sole Proprietor,Hyd,Telangana,08-01-2025,0285621980,ACTIVE,1234.51,MCH7252,5942,Sole Proprietor,Books & Stationery,2025-08-01 00:00:00,0,0,0285621980,0,0,1234.51,0,0,7252,0,0,0,0,1
MCH7256,Arora-Raman,4131,transprt,SOLE_PROPRIETOR,lucknow,Uttar Pradesh,02-14-2026,,ACTIVE,INR 449.65,MCH7256,4131,Sole Proprietor,Transportation,2026-02-14 00:00:00,0,0,,1,0,449.65,0,0,7256,0,0,0,0,1
MCH7257,"  Nagi, Gera and Bedi  ",5999,Miscellaneous,Sole Proprietor,JPR,Rajasthan,29/10/2023 03:03 AM,,Enabled,786.7,MCH7257,5999,Sole Proprietor,Other Retail,2023-10-29 03:03:00,0,0,,1,0,786.7,0,0,7257,0,0,0,0,1
MCH7258,"om, swaminathan and ray",5699,Apparel,private_limited,jaipur,Rajasthan,2024-07-16 08:10:14,ARZZ7929473227025,Inactive,₹472.89,MCH7258,5699,Private Limited,Clothing,2024-07-16 08:10:14,0,0,ARZZ7929473227025,0,0,472.89,0,0,7258,0,0,0,0,1
mch7260,Kunda Inc,7011,Hospitality,Private Limited,jalandhar,Punjab,20-Jun-2024,,ACTIVE,₹391.11,MCH7260,7011,Private Limited,Hotels & Hospitality,2024-06-20 00:00:00,0,0,,1,0,391.11,0,0,7260,0,0,0,0,1
MCH7262,Loke LLC,4814,Telecom,Partnership,MUMBAI,Maharashtra,12-13-2023,XXXX0516,Active,3675.05,MCH7262,4814,Partnership,Telecom,2023-12-13 00:00:00,0,0,XXXX0516,0,1,3675.05,0,0,7262,0,0,0,0,1
MCH-7266,Sule PLC,5812,eating place,Partnership,jaipur,Rajasthan,1756556931,XXXX3283,Enabled,,MCH7266,5812,Partnership,Food & Restaurants,2025-08-30 12:28:51,0,0,XXXX3283,0,1,,1,0,7266,0,0,0,0,1
MCH7268,Mand-Char,5912,Pharmacies,private_limited,Mumbay,Maharashtra,2025-06-20 02:06:05,,Active,1359.5,MCH7268,5912,Private Limited,Pharmacy & Medical,2025-06-20 02:06:05,0,0,,1,0,1359.5,0,0,7268,0,0,0,0,1
MCH7269,La11-Raman,4814,TELECOM,PRIVATE_LIMITED,LKO,Uttar Pradesh,2023-10-25 09:50:57,4846136502,Active,"1,031.92",MCH7269,4814,Private Limited,Telecom,2023-10-25 09:50:57,0,0,4846136502,0,0,1031.92,0,0,7269,0,0,0,0,1
MCH7270,Subramanian LLC,7011,Hotels,PRIVATE-LIMITED,ASR,Punjab,2025-01-15 22:39:15,,ACTIVE,1469.96,MCH7270,7011,Private Limited,Hotels & Hospitality,2025-01-15 22:39:15,0,0,,1,0,1469.96,0,0,7270,0,0,0,0,1
MCH7272,Kulkarni-Subramanian,4131,TRAVEL,Sole Proprietor,bengaluru,Karnataka,1703149275,XXXX7890,Closed,376.69,MCH7272,4131,Sole Proprietor,Transportation,2023-12-21 09:01:15,0,0,XXXX7890,0,1,376.69,0,0,7272,1,0,1,2,2
MCH7273,Keer and S0ns,7011,HOTEL_LODGING,private_limited,chennai,Tamil Nadu,1724493261,,A,3146.24,MCH7273,7011,Private Limited,Hotels & Hospitality,2024-08-24 09:54:21,0,0,,1,0,3146.24,0,0,7273,1,1,1,3,2
MCH-7276,Talwar-Kant,4131,Bus/Taxi,partnership,jaipur,Rajasthan,2023-06-23 22:04:06,,Live,692.16,MCH7276,4131,Partnership,Transportation,2023-06-23 22:04:06,0,0,,1,0,692.16,0,0,7276,0,0,0,0,1
MCH7279,das plc,5999,retail other,PARTNERSHIP,Jaipur,Rajasthan,,WTVS1342257023005,Active,"₹1,157.26",MCH7279,5999,Partnership,Other Retail,,1,0,WTVS1342257023005,0,0,1157.26,0,0,7279,0,0,1,1,2
MCH7280,Baral Ltd,5812,FOOD_SERVICES,INDIVIDUAL,Jalandar,Punjab,18/12/2025 02:28 PM,,Live,5521.6,MCH7280,5812,Individual,Food & Restaurants,2025-12-18 14:28:00,0,0,,1,0,5521.6,0,0,7280,1,0,1,2,3
MCH 7281,Kalita-Mistry,4814.0,mobile recharge,private_limited,Hyderabad,Telangana,2024/11/24,XXXX5201,Inactive,"₹2,941.71",MCH7281,4814,Private Limited,Telecom,2024-11-24 00:00:00,0,0,XXXX5201,0,1,2941.71,0,0,7281,0,0,1,1,2
MCH7282,chopra llc,05411,kirana,PARTNERSHIP,amritsar,Punjab,14/12/2025 09:02 AM,XXXX9513,Enabled,"Rs. 1,111",MCH7282,5411,Partnership,Grocery,2025-12-14 09:02:00,0,0,XXXX9513,0,1,1111.0,0,0,7282,0,0,0,0,1
MCH-7288,"Kumar, Sachdeva and Natarajan",5999,Miscellaneous,PRIVATE-LIMITED,Calcutta,West Bengal,1769927092,,SUSPENDED,,MCH7288,5999,Private Limited,Other Retail,2026-02-01 06:24:52,0,0,,1,0,,1,0,7288,1,1,1,3,3
MCH7289,Nayar-Dara,5699,Apparel,INDIVIDUAL,Poona,Maharashtra,2025/12/28,AFIS6620860774027,ACTIVE,"Rs. 4,510",MCH7289,5699,Individual,Clothing,2025-12-28 00:00:00,0,0,AFIS6620860774027,0,0,4510.0,0,0,7289,1,1,1,3,2
MCH7290,"Subramanian, B0rde and Ba1akrishnan",5699,Clothing,Individual,Lucknow,Uttar Pradesh,03-17-2023,IRWT0239440992204,Live,"Rs. 2,695",MCH7290,5699,Individual,Clothing,2023-03-17 00:00:00,0,0,IRWT0239440992204,0,0,2695.0,0,0,7290,0,0,0,0,1
7294,"Singh, Ramanathan and Setty",5942,BOOKS_STATIONERY,PRIVATE-LIMITED,Jalandar,Punjab,02/04/2025,,Suspended,"Rs. 1,690",7294,5942,Private Limited,Books & Stationery,2025-04-02 00:00:00,0,0,,1,0,1690.0,0,0,7294,1,1,1,3,2
MCH-7295,Palan-Ray,7011,Hospitality,PARTNERSHIP,Bangalore,Karnataka,02/02/2023 10:44 AM,,Active,1161.77,MCH7295,7011,Partnership,Hotels & Hospitality,2023-02-02 10:44:00,0,0,,1,0,1161.77,0,0,7295,0,0,0,0,1
MCH7297,"Bhasin, Sankar and Pradhan",5812.0,FOOD_SERVICES,PRIVATE-LIMITED,delhi,Delhi,1746306390,,ACTIVE,,MCH7297,5812,Private Limited,Food & Restaurants,2025-05-03 21:06:30,0,0,,1,0,,1,0,7297,1,1,1,3,2
MCH7298,"SANGHA, SANGHA AND KULKARNI",5411,groceries,individual,delhi,Delhi,1706464098,VEZZ6158628097451,ACTIVE,"INR 1,661.92",MCH7298,5411,Individual,Grocery,2024-01-28 17:48:18,0,0,VEZZ6158628097451,0,0,1661.92,0,0,7298,0,0,0,0,1
7302,Murthy and Sons,5411,Grocery,Partnership,Bangalore,Karnataka,23-Jan-2025,,ACTIVE,3381.11,7302,5411,Partnership,Grocery,2025-01-23 00:00:00,0,0,,1,0,3381.11,0,0,7302,0,0,0,0,1
MCH7305,Iyer-Nagi,5699,Apparel,INDIVIDUAL,Mumbai,Maharashtra,08-23-2023,,A,1967.89,MCH7305,5699,Individual,Clothing,2023-08-23 00:00:00,0,0,,1,0,1967.89,0,0,7305,0,0,0,0,1
MCH7306,Devi-Narang,4131,Transportation,Individual,New Delhi,Delhi,2024-10-20 05:44:44,XXXX6412,A,539.76,MCH7306,4131,Individual,Transportation,2024-10-20 05:44:44,0,0,XXXX6412,0,1,539.76,0,0,7306,0,0,0,0,1
MCH7309,"LOKE, CHADA AND BADAL",,Fashion,SOLE_PROPRIETOR,ludhiana,Punjab,26/07/2023,9268725800,ACTIVE,3465.02,MCH7309,,Sole Proprietor,Unknown,2023-07-26 00:00:00,0,0,9268725800,0,0,3465.02,0,0,7309,0,0,0,0,1
MCH7310,Mander Group,05699,Clothing,Partnership,lucknow,Uttar Pradesh,1757308878,WNOZ8918272123966,Closed,1987.96,MCH7310,5699,Partnership,Clothing,2025-09-08 05:21:18,0,0,WNOZ8918272123966,0,0,1987.96,0,0,7310,0,0,0,0,1
MCH7311,Dhar PLC,5411,GROCERY_STORE,Private Limited,MUMBAI,Maharashtra,,,Enabled,148.28,MCH7311,5411,Private Limited,Grocery,,1,0,,1,0,148.28,0,0,7311,1,1,1,3,2
mch7312,Ramakrishnan-Banerjee,5311,Retail,sole_proprietor,mumbai,Maharashtra,24/02/2024 11:03 AM,CCCL8077324997121,Enabled,977.96,MCH7312,5311,Sole Proprietor,Department Stores,2024-02-24 11:03:00,0,0,CCCL8077324997121,0,0,977.96,0,0,7312,0,0,0,0,1
7313,Comar-Din,4814,Telecom,private_limited,mumbai,Maharashtra,18/01/2026,8645351517,ACTIVE,"1,884.45",7313,4814,Private Limited,Telecom,2026-01-18 00:00:00,0,0,8645351517,0,0,1884.45,0,0,7313,1,1,1,3,2
MCH7314,Mahajan-B0rde,5999,retail other,partnership,lucknow,Uttar Pradesh,1672912430,3772469001,ACTIVE,"Rs. 1,003",MCH7314,5999,Partnership,Other Retail,2023-01-05 09:53:50,0,0,3772469001,0,0,1003.0,0,0,7314,0,0,0,0,2
mch7316,TAK LTD,,Stationery,Sole Proprietor,jaipur,Rajasthan,05-26-2024,AICM4314076152252,Enabled,INR 688.43,MCH7316,,Sole Proprietor,Unknown,2024-05-26 00:00:00,0,0,AICM4314076152252,0,0,688.43,0,0,7316,0,0,0,0,1
MCH7318,  Keer-Rao  ,UNKNOWN,TELECOM,Partnership,Pune,Maharashtra,27/11/2023,RIME5549722708025,Active,502.45,MCH7318,,Partnership,Unknown,2023-11-27 00:00:00,0,0,RIME5549722708025,0,0,502.45,0,0,7318,0,0,0,0,1
MCH7321,"  Krishna, Saraf and Pant  ",UNKNOWN,Miscellaneous,PARTNERSHIP,kolkata,West Bengal,28/02/2024 10:01 AM,,A,954.48,MCH7321,,Partnership,Unknown,2024-02-28 10:01:00,0,0,,1,0,954.48,0,0,7321,0,0,0,0,1
MCH7323,Koshy-Comar,5311.0,DEPT_STORE,SOLE_PROPRIETOR,chennai,Tamil Nadu,02-15-2026,,Enabled,Rs. 973,MCH7323,5311,Sole Proprietor,Department Stores,2026-02-15 00:00:00,0,0,,1,0,973.0,0,0,7323,1,1,1,3,3
MCH7324,Grover-Murty,5942,Stationery,Partnership,Jalandar,Punjab,12-Feb-2025,,SUSPENDED,1077.62,MCH7324,5942,Partnership,Books & Stationery,2025-02-12 00:00:00,0,0,,1,0,1077.62,0,0,7324,0,0,0,0,1
MCH7325,Chatterjee-Manda,misc,Misc Retail,Individual,kolkata,West Bengal,2023-01-04 13:43:25,8809607607,A,"Rs. 1,420",MCH7325,,Individual,Unknown,2023-01-04 13:43:25,0,0,8809607607,0,0,1420.0,0,0,7325,0,0,0,0,1
MCH7326,"Mandal, Behl and Bhattacharyya",7011,Hospitality,sole_proprietor,Chennai,Tamil Nadu,1729926471,,A,"1,119.05",MCH7326,7011,Sole Proprietor,Hotels & Hospitality,2024-10-26 07:07:51,0,0,,1,0,1119.05,0,0,7326,0,0,0,0,1
MCH7327,"Krish, Dhar and Choudhury",4814,telecom,Individual,kolkata,West Bengal,2023-05-22 13:42:22,KDMG5541225124685,Suspended,Rs. 440,MCH7327,4814,Individual,Telecom,2023-05-22 13:42:22,0,0,KDMG5541225124685,0,0,440.0,0,0,7327,0,0,1,1,2
MCH 7331,"Bakshi,PillaiandDhaliwal",MCC-5812,Restaurant,sole_proprietor,Lucknow,Uttar Pradesh,,2802277765,Disabled,₹490.55,MCH7331,5812,Sole Proprietor,Food & Restaurants,,1,0,2802277765,0,0,490.55,0,0,7331,1,0,1,2,2
MCH7332,"Mutti, Reddy and Guha",5311,Department Stores,PRIVATE-LIMITED,Kolkata,West Bengal,04-May-2025,XXXX9186,ACTIVE,1708.81,MCH7332,5311,Private Limited,Department Stores,2025-05-04 00:00:00,0,0,XXXX9186,0,1,1708.81,0,0,7332,0,0,0,0,1
7335,"  Narayan, Cheema and Chana  ",05812,Food,PRIVATE-LIMITED,Madras,Tamil Nadu,18/03/2025 07:16 PM,EHXK3209295259680,ACTIVE,699.42,7335,5812,Private Limited,Food & Restaurants,2025-03-18 19:16:00,0,0,EHXK3209295259680,0,1,699.42,0,0,7335,1,1,1,3,2
7336,Krishnan and Sons,5812.0,eating place,PARTNERSHIP,Jalandhar,Punjab,2024-09-03 00:09:50,2456383296,A,1122.92,7336,5812,Partnership,Food & Restaurants,2024-09-03 00:09:50,0,0,2456383296,0,0,1122.92,0,0,7336,0,0,0,0,1
MCH7337,NATH-NARAYAN,5699,cloths,Individual,Hyd,Telangana,28-Jul-2024,,Active,"3,029.85",MCH7337,5699,Individual,Clothing,2024-07-28 00:00:00,0,0,,1,0,3029.85,0,0,7337,0,0,1,1,2
MCH7338,"Verma, Rai and Patla",,Medical,private_limited,Bangalore,Karnataka,05/06/2024,XXXX7454,Active,2235.57,MCH7338,,Private Limited,Unknown,2024-06-05 00:00:00,0,0,XXXX7454,0,1,2235.57,0,0,7338,0,0,0,0,1
MCH7339,"PUROHIT, DHINGRA AND BARMAN",5411,Grocery Stores,Individual,chennai,Tamil Nadu,16/08/2023 10:55 PM,IUQD2113343232449,Active,"INR 2,247.46",MCH7339,5411,Individual,Grocery,2023-08-16 22:55:00,0,0,IUQD2113343232449,0,0,2247.46,0,0,7339,0,0,0,0,1
mch7340,Devi and Sons,,CLOTHS,PARTNERSHIP,Calcutta,West Bengal,01-09-2024,1367853568,ACTIVE,1101.37,MCH7340,,Partnership,Unknown,2024-01-09 00:00:00,0,0,1367853568,0,0,1101.37,0,0,7340,0,0,0,0,1
MCH7341,VARUGHESE INC,MCC-7011,HOTEL_LODGING,Partnership,kolkata,West Bengal,24/04/2023 02:30 AM,,Live,-3711.54,MCH7341,7011,Partnership,Hotels & Hospitality,2023-04-24 02:30:00,0,0,,1,0,-3711.54,0,1,7341,0,0,0,0,1
MCH7343,Dixit Ltd,5912,Pharmacy,PARTNERSHIP,JPR,Rajasthan,,XXXX6255,ACTIVE,"Rs. 3,142",MCH7343,5912,Partnership,Pharmacy & Medical,,1,0,XXXX6255,0,1,3142.0,0,0,7343,0,0,0,0,1
MCH7344,Rama-Shukla,05699,Clothing,SOLE_PROPRIETOR,HYDERABAD,Telangana,2023/10/11,,Enabled,1447.45,MCH7344,5699,Sole Proprietor,Clothing,2023-10-11 00:00:00,0,0,,1,0,1447.45,0,0,7344,1,0,1,2,2
MCH7350,SULE LLC,5699,CLOTHS,private_limited,amritsar,Punjab,2024-01-31 17:29:42,XXXX7331,A,-1887.59,MCH7350,5699,Private Limited,Clothing,2024-01-31 17:29:42,0,0,XXXX7331,0,1,-1887.59,0,1,7350,1,1,0,2,2
MCH 7353,NADIG LLC,4814.0,Mobile Recharge,Individual,Hyderabad,Telangana,12/11/2025,XXXX4294,ACTIVE,"Rs. 1,097",MCH7353,4814,Individual,Telecom,2025-11-12 00:00:00,0,0,XXXX4294,0,1,1097.0,0,0,7353,1,1,1,3,4
mch7354,"CHATTERJEE, SARNA AND HANDA",,Fashion,Sole Proprietor,Bengaluru,Karnataka,2023-10-13 16:44:55,,Active,Rs. 728,MCH7354,,Sole Proprietor,Unknown,2023-10-13 16:44:55,0,0,,1,0,728.0,0,0,7354,0,0,0,0,1
MCH7355,"rastogi, ahluwalia and tata",5311,DEPT_STORE,PRIVATE-LIMITED,mumbai,Maharashtra,,XJBM2228557617179,A,"Rs. 2,172",MCH7355,5311,Private Limited,Department Stores,,1,0,XJBM2228557617179,0,1,2172.0,0,0,7355,1,0,1,2,2
MCH7356,"Divan, Rastogi and Prabhu",5942,BOOKS_STATIONERY,Partnership,Lucknow,Uttar Pradesh,2025/07/22,8041409071,Enabled,-306.91,MCH7356,5942,Partnership,Books & Stationery,2025-07-22 00:00:00,0,0,8041409071,0,0,-306.91,0,1,7356,0,0,0,0,1
MCH7357,Varkey LLC,7011,Hotels,Private Limited,Calcutta,West Bengal,2025/08/05,,ACTIVE,665.88,MCH7357,7011,Private Limited,Hotels & Hospitality,2025-08-05 00:00:00,0,0,,1,0,665.88,0,0,7357,0,0,0,0,1
MCH7358,Basak-Patla,MCC-5999,Misc Retail,Sole Proprietor,Delhi,Delhi,19/12/2025,1781542230,A,"INR 3,053.41",MCH7358,5999,Sole Proprietor,Other Retail,2025-12-19 00:00:00,0,0,1781542230,0,0,3053.41,0,0,7358,0,0,0,0,1
MCH7359,Chacko-Dugar,5942,BOOKS_STATIONERY,private_limited,MUMBAI,Maharashtra,,1437980069,Active,Rs. 654,MCH7359,5942,Private Limited,Books & Stationery,,1,0,1437980069,0,0,654.0,0,0,7359,1,1,1,3,2
mch7360,RAJAN-SAHNI,,phone service,Partnership,Kolkata,West Bengal,2023/11/05,HKWU3873449938871,INACTIVE,1218.43,MCH7360,,Partnership,Unknown,2023-11-05 00:00:00,0,0,HKWU3873449938871,0,0,1218.43,0,0,7360,0,0,0,0,1
MCH7362,kothari plc,5942,Books,private_limited,pune,Maharashtra,2026/02/11,XXXX4121,ACTIVE,₹478.42,MCH7362,5942,Private Limited,Books & Stationery,2026-02-11 00:00:00,0,0,XXXX4121,0,1,478.42,0,0,7362,1,0,1,2,2
MCH7363,Babu-Acharya,5999,Misc Retail,Sole Proprietor,kolkata,West Bengal,1709453646,,ACTIVE,1983.77,MCH7363,5999,Sole Proprietor,Other Retail,2024-03-03 08:14:06,0,0,,1,0,1983.77,0,0,7363,0,0,0,0,1
MCH7364,VIG-BALA,7011,HOTEL_LODGING,sole_proprietor,Mumbai,Maharashtra,2024-08-29 05:57:59,XXXX1900,ACTIVE,"₹1,242.00",MCH7364,7011,Sole Proprietor,Hotels & Hospitality,2024-08-29 05:57:59,0,0,XXXX1900,0,1,1242.0,0,0,7364,0,0,0,0,1
MCH-7366,Bora-Nadkarni,5411,kirana,partnership,Bengaluru,Karnataka,17-Mar-2024,,Suspended,"Rs. 2,024",MCH7366,5411,Partnership,Grocery,2024-03-17 00:00:00,0,0,,1,0,2024.0,0,0,7366,1,0,1,2,2
MCH7370,Peri LLC,4131.0,Bus/Taxi,Private Limited,Calcutta,West Bengal,28/09/2023,0713043152,Active,1188.42,MCH7370,4131,Private Limited,Transportation,2023-09-28 00:00:00,0,0,0713043152,0,0,1188.42,0,0,7370,0,0,0,0,1
MCH-7371,"Ghose, Handa and Golla",5912,MEDICAL_STORE,individual,Chennai,Tamil Nadu,08-Apr-2025,DGYJ0066359514769,A,456.21,MCH7371,5912,Individual,Pharmacy & Medical,2025-04-08 00:00:00,0,0,DGYJ0066359514769,0,0,456.21,0,0,7371,1,1,1,3,2
mch7379,tella-mahal,5699,CLOTHS,PARTNERSHIP,jaipur,Rajasthan,2024/03/06,OFAG5218783703549,Enabled,,MCH7379,5699,Partnership,Clothing,2024-03-06 00:00:00,0,0,OFAG5218783703549,0,0,,1,0,7379,1,0,1,2,2
MCH7380,"Gour, Jani and Mital",5999,Misc Retail,INDIVIDUAL,Chennai,Tamil Nadu,06-Nov-2024,,Closed,INR 688.41,MCH7380,5999,Individual,Other Retail,2024-11-06 00:00:00,0,0,,1,0,688.41,0,0,7380,0,0,0,0,1
MCH7383,Mannan Ltd,5999,Misc Retail,INDIVIDUAL,Jalandar,Punjab,,,ACTIVE,2867.55,MCH7383,5999,Individual,Other Retail,,1,0,,1,0,2867.55,0,0,7383,1,1,1,3,3
MCH-7384,Seshadri-Rai,4814,TELECOM,SOLE-PROPRIETOR,Kolkata,West Bengal,13/01/2024,,Live,"₹4,458.94",MCH7384,4814,Sole Proprietor,Telecom,2024-01-13 00:00:00,0,0,,1,0,4458.94,0,0,7384,1,1,1,3,2
mch7386,Thaman Group,7011,Hotel,Sole Proprietor,Jalandar,Punjab,,3740809096,ACTIVE,3859.08,MCH7386,7011,Sole Proprietor,Hotels & Hospitality,,1,0,3740809096,0,0,3859.08,0,0,7386,1,1,1,3,2
MCH7387,Lad-Comar,5812,Restaurant,Sole Proprietor,jalandhar,Punjab,1740455072,DFES3088920437736,ACTIVE,"INR 4,968.31",MCH7387,5812,Sole Proprietor,Food & Restaurants,2025-02-25 03:44:32,0,0,DFES3088920437736,0,0,4968.31,0,0,7387,0,0,0,0,1
7389,Basu-Bedi,5812,eating place,PARTNERSHIP,BLR,Karnataka,07/04/2023 12:28 PM,XXXX3335,A,,7389,5812,Partnership,Food & Restaurants,2023-04-07 12:28:00,0,0,XXXX3335,0,1,,1,0,7389,0,0,0,0,1
MCH7391,"Vora, Lad and Sekhon",5411,groceries,partnership,Poona,Maharashtra,08-Jul-2023,,Inactive,4971.16,MCH7391,5411,Partnership,Grocery,2023-07-08 00:00:00,0,0,,1,0,4971.16,0,0,7391,0,0,0,0,1
MCH7394,Brahmbhatt PLC,MCC-5812,FOOD_SERVICES,private_limited,DELHI,Delhi,29-Jul-2024,IKKI3369443713209,Live,3620.77,MCH7394,5812,Private Limited,Food & Restaurants,2024-07-29 00:00:00,0,0,IKKI3369443713209,0,0,3620.77,0,0,7394,1,1,1,3,2
MCH7395,Bera Group,5912.0,Pharmacy,PARTNERSHIP,Jalandar,Punjab,,,Enabled,-307.59,MCH7395,5912,Partnership,Pharmacy & Medical,,1,0,,1,0,-307.59,0,1,7395,1,1,1,3,2
MCH7398,  Bhavsar and Sons  ,05311,DEPT_STORE,SOLE_PROPRIETOR,chennai,Tamil Nadu,24/04/2025,,Active,"₹6,060.90",MCH7398,5311,Sole Proprietor,Department Stores,2025-04-24 00:00:00,0,0,,1,0,6060.9,0,0,7398,0,0,0,0,1
MCH7400,Chaudhari Ltd,,Other,individual,Dilli,Delhi,01/07/2025,,SUSPENDED,1040.56,MCH7400,,Individual,Unknown,2025-07-01 00:00:00,0,0,,1,0,1040.56,0,0,7400,1,1,1,3,2
MCH7403,"Naik, Badami and Raj",5311,Department Store,SOLE_PROPRIETOR,Poona,Maharashtra,,,Enabled,"1,191.42",MCH7403,5311,Sole Proprietor,Department Stores,,1,0,,1,0,1191.42,0,0,7403,1,1,1,3,3
mch7408,Bala Group,,Retail Other,Private Limited,HYDERABAD,Telangana,13/01/2026,CMJA0173542788867,ACTIVE,"1,032.22",MCH7408,,Private Limited,Unknown,2026-01-13 00:00:00,0,0,CMJA0173542788867,0,0,1032.22,0,0,7408,0,0,0,0,1
MCH7411,"Bhasin, Soman and Savant",4814,mobile recharge,SOLE_PROPRIETOR,Chennai,Tamil Nadu,,,Inactive,"2,298.88",MCH7411,4814,Sole Proprietor,Telecom,,1,0,,1,0,2298.88,0,0,7411,0,0,1,1,2
MCH7412,Chand-Bada1,5812,FOOD_SERVICES,PRIVATE-LIMITED,MUMBAI,Maharashtra,15/08/2025,,Hold,INR 539.20,MCH7412,5812,Private Limited,Food & Restaurants,2025-08-15 00:00:00,0,0,,1,0,539.2,0,0,7412,0,0,1,1,2
MCH7413,Uppal-Chaudhry,,DEPT_STORE,private_limited,Bengaluru,Karnataka,09-13-2024,3706152456,Live,"3,645.54",MCH7413,,Private Limited,Unknown,2024-09-13 00:00:00,0,0,3706152456,0,0,3645.54,0,0,7413,0,0,0,0,1
MCH7419,Minhas Inc,5699.0,Clothing,INDIVIDUAL,Bengaluru,Karnataka,2023/05/03,IRMQ2437668083455,A,,MCH7419,5699,Individual,Clothing,2023-05-03 00:00:00,0,0,IRMQ2437668083455,0,0,,1,0,7419,0,0,0,0,1
MCH7422,Divan-Vaidya,5942,Book Store,individual,Jaipur,Rajasthan,26/07/2024 01:42 PM,7661131218,Suspended,170.31,MCH7422,5942,Individual,Books & Stationery,2024-07-26 13:42:00,0,0,7661131218,0,0,170.31,0,0,7422,0,0,0,0,1
MCH7428,VOHRA LTD,05311,Department Store,sole_proprietor,Kolkata,West Bengal,,,ACTIVE,"₹1,227.52",MCH7428,5311,Sole Proprietor,Department Stores,,1,0,,1,0,1227.52,0,0,7428,1,1,1,3,2
MCH7429,"Sandal, Raja and Gopal",7011,HOTEL_LODGING,sole_proprietor,BLR,Karnataka,12-15-2023,,Live,"₹1,419.21",MCH7429,7011,Sole Proprietor,Hotels & Hospitality,2023-12-15 00:00:00,0,0,,1,0,1419.21,0,0,7429,0,0,0,0,1
MCH7430,  Arya Group  ,5699,Clothing,individual,kolkata,West Bengal,,,Live,1727.74,MCH7430,5699,Individual,Clothing,,1,0,,1,0,1727.74,0,0,7430,1,1,1,3,4
MCH7431,Nagarajan and Sons,7011,Hotel,SOLE-PROPRIETOR,jaipur,Rajasthan,01-04-2023,XXXX7904,Enabled,"Rs. 1,657",MCH7431,7011,Sole Proprietor,Hotels & Hospitality,2023-01-04 00:00:00,0,0,XXXX7904,0,1,1657.0,0,0,7431,0,0,0,0,1
MCH 7432,sidhu-aurora,05942,Stationery,SOLE-PROPRIETOR,Dilli,Delhi,,1656062042,Enabled,₹611.30,MCH7432,5942,Sole Proprietor,Books & Stationery,,1,0,1656062042,0,0,611.3,0,0,7432,1,1,1,3,3
MCH7433,"Sahota, Desai and Sarma",5999,Misc Retail,INDIVIDUAL,pune,Maharashtra,24-Feb-2024,,A,₹867.14,MCH7433,5999,Individual,Other Retail,2024-02-24 00:00:00,0,0,,1,0,867.14,0,0,7433,0,0,0,0,1
mch7435,"Puri, Biswas and Roy",5912,Medical,PARTNERSHIP,JPR,Rajasthan,11-12-2023,XXXX1625,Blocked,-1536.78,MCH7435,5912,Partnership,Pharmacy & Medical,2023-11-12 00:00:00,0,0,XXXX1625,0,1,-1536.78,0,1,7435,0,0,0,0,1
MCH7436,Mane-Trivedi,5912,MEDICAL_STORE,individual,Bengaluru,Karnataka,14-Sep-2024,,ACTIVE,-1384.27,MCH7436,5912,Individual,Pharmacy & Medical,2024-09-14 00:00:00,0,0,,1,0,-1384.27,0,1,7436,0,0,0,0,1
mch7439,Jayaraman PLC,7011.0,Hospitality,private_limited,kolkata,West Bengal,07/04/2024 01:32 PM,,Enabled,"7,697.49",MCH7439,7011,Private Limited,Hotels & Hospitality,2024-04-07 13:32:00,0,0,,1,0,7697.49,0,0,7439,0,0,0,0,1
MCH7440,Rastogi-Manne,5699,garments,SOLE-PROPRIETOR,Lucknow,Uttar Pradesh,10-27-2025,,Active,2334.42,MCH7440,5699,Sole Proprietor,Clothing,2025-10-27 00:00:00,0,0,,1,0,2334.42,0,0,7440,0,0,0,0,1
mch7442,Thakur-Rana,05999,Miscellaneous,PARTNERSHIP,kolkata,West Bengal,17/01/2026 10:14 PM,,A,-1816.81,MCH7442,5999,Partnership,Other Retail,2026-01-17 22:14:00,0,0,,1,0,-1816.81,0,1,7442,1,0,1,2,2
MCH7443,chander-manda,4131,transprt,PRIVATE_LIMITED,Dilli,Delhi,27-Mar-2024,,Active,"Rs. 1,371",MCH7443,4131,Private Limited,Transportation,2024-03-27 00:00:00,0,0,,1,0,1371.0,0,0,7443,0,0,0,0,1
MCH7444,Lanka-Shukla,5699,Fashion,PRIVATE_LIMITED,Mumbai,Maharashtra,13/03/2023 03:58 AM,7637285335,Live,2750.67,MCH7444,5699,Private Limited,Clothing,2023-03-13 03:58:00,0,0,7637285335,0,0,2750.67,0,0,7444,0,0,0,0,1
7446,"SAMI, NARAYAN AND ROY",05942,BOOKS_STATIONERY,PARTNERSHIP,ludhiana,Punjab,2023/02/08,,INACTIVE,6191.17,7446,5942,Partnership,Books & Stationery,2023-02-08 00:00:00,0,0,,1,0,6191.17,0,0,7446,0,0,0,0,1
MCH 7448,mittal inc,04814,phone service,PRIVATE-LIMITED,Hyderabad,Telangana,07/12/2024,9231182109,Closed,760.79,MCH7448,4814,Private Limited,Telecom,2024-12-07 00:00:00,0,0,9231182109,0,0,760.79,0,0,7448,0,0,0,0,1
mch7449,"Brahmbhatt, Nagarajan and Kaul",05311,Department Store,sole_proprietor,Amritsar,Punjab,,,Enabled,INR 397.32,MCH7449,5311,Sole Proprietor,Department Stores,,1,0,,1,0,397.32,0,0,7449,0,0,0,0,1
MCH 7452,Kala LLC,5311,Department Store,Sole Proprietor,Bengaluru,Karnataka,07-Jul-2025,4973608976,Live,1838.62,MCH7452,5311,Sole Proprietor,Department Stores,2025-07-07 00:00:00,0,0,4973608976,0,0,1838.62,0,0,7452,1,1,1,3,2
MCH7455,"MODY, BHATTACHARYYA AND PALLA",4814,phone service,INDIVIDUAL,delhi,Delhi,2024-04-11 22:40:38,XXXX4231,Live,113.99,MCH7455,4814,Individual,Telecom,2024-04-11 22:40:38,0,0,XXXX4231,0,1,113.99,0,0,7455,0,0,0,0,1
MCH7458,"hans, som and krish",,eating place,sole_proprietor,BLR,Karnataka,20/09/2025 08:06 PM,,Enabled,"8,448.66",MCH7458,,Sole Proprietor,Unknown,2025-09-20 20:06:00,0,0,,1,0,8448.66,0,0,7458,0,0,0,0,1
MCH 7459,"Gara, Agarwal and Anne",7011,HOTEL_LODGING,INDIVIDUAL,LDH,Punjab,14/04/2023 08:15 PM,2572840529,Live,"2,650.18",MCH7459,7011,Individual,Hotels & Hospitality,2023-04-14 20:15:00,0,0,2572840529,0,0,2650.18,0,0,7459,0,0,0,0,1
MCH7462,"MALHOTRA, SACHDEVA AND SANT",5411,GROCERY_STORE,SOLE_PROPRIETOR,Hyderabad,Telangana,11/11/2025,EIQX3043472487822,Enabled,"INR 1,601.35",MCH7462,5411,Sole Proprietor,Grocery,2025-11-11 00:00:00,0,0,EIQX3043472487822,0,1,1601.35,0,0,7462,0,0,0,0,1
MCH7463,CHAUDRY-NATARAJAN,5912,MEDICAL_STORE,PARTNERSHIP,chennai,Tamil Nadu,05/07/2025 02:13 PM,VIFS4477584866493,ACTIVE,,MCH7463,5912,Partnership,Pharmacy & Medical,2025-07-05 14:13:00,0,0,VIFS4477584866493,0,0,,1,0,7463,0,0,0,0,1
MCH 7464,DuttaLLC,04131,TRAVEL,PRIVATE-LIMITED,Lucknow,Uttar Pradesh,09-18-2024,,Live,INR 270.92,MCH7464,4131,Private Limited,Transportation,2024-09-18 00:00:00,0,0,,1,0,270.92,0,0,7464,0,0,0,0,1
MCH7465,Bhatt Group,,Misc Retail,INDIVIDUAL,pune,Maharashtra,10/04/2023,XXXX7739,ACTIVE,"INR 3,040.67",MCH7465,,Individual,Unknown,2023-04-10 00:00:00,0,0,XXXX7739,0,1,3040.67,0,0,7465,0,0,0,0,1
MCH-7469,Dua LLC,5812.0,Restaurants,SOLE_PROPRIETOR,pune,Maharashtra,,0464385224,INACTIVE,"Rs. 1,848",MCH7469,5812,Sole Proprietor,Food & Restaurants,,1,0,0464385224,0,0,1848.0,0,0,7469,0,0,0,0,1
MCH7470,Venkatesh Ltd,misc,garments,sole_proprietor,lucknow,Uttar Pradesh,1745934573,DLXM0557851330372,Active,Rs. 787,MCH7470,,Sole Proprietor,Unknown,2025-04-29 13:49:33,0,0,DLXM0557851330372,0,1,787.0,0,0,7470,1,1,1,3,3
MCH7471,DASS LLC,5812,Restaurant,SOLE_PROPRIETOR,Lucknow,Uttar Pradesh,02-14-2023,XXXX4634,Active,₹390.54,MCH7471,5812,Sole Proprietor,Food & Restaurants,2023-02-14 00:00:00,0,0,XXXX4634,0,1,390.54,0,0,7471,0,0,0,0,1
MCH7473,"Goswami, Narang and Chaudhari",5411,groceries,Partnership,Hyd,Telangana,,,Active,1709.42,MCH7473,5411,Partnership,Grocery,,1,0,,1,0,1709.42,0,0,7473,1,1,1,3,2
MCH7476,  Sundaram Ltd  ,5411,Grocery,SOLE_PROPRIETOR,LDH,Punjab,2025-07-09 15:30:17,MKAI7735339239141,Live,1389.53,MCH7476,5411,Sole Proprietor,Grocery,2025-07-09 15:30:17,0,0,MKAI7735339239141,0,0,1389.53,0,0,7476,0,0,0,0,1
MCH7478,"Sami, Brahmbhatt and Khurana",5699,Clothing,private_limited,Mumbay,Maharashtra,1724065293,,Closed,,MCH7478,5699,Private Limited,Clothing,2024-08-19 11:01:33,0,0,,1,0,,1,0,7478,0,0,0,0,1
MCH7479,"Wadhwa, Bhatia and Gade",5311,Retail,PARTNERSHIP,Chennai,Tamil Nadu,2024-09-14 17:36:50,8868630340,Live,Rs. 998,MCH7479,5311,Partnership,Department Stores,2024-09-14 17:36:50,0,0,8868630340,0,0,998.0,0,0,7479,0,0,0,0,1
MCH7482,"Bail, Verma and Sur",5699,Clothing,private_limited,Jalandar,Punjab,2024/02/06,,Enabled,249.45,MCH7482,5699,Private Limited,Clothing,2024-02-06 00:00:00,0,0,,1,0,249.45,0,0,7482,0,0,0,0,1
MCH7489,  Sridhar PLC  ,5999,Misc Retail,Individual,BLR,Karnataka,15-Sep-2024,,Live,990.64,MCH7489,5999,Individual,Other Retail,2024-09-15 00:00:00,0,0,,1,0,990.64,0,0,7489,0,0,0,0,1
MCH7490,datta ltd,5912,Pharmacy,Sole Proprietor,Calcutta,West Bengal,2023-11-12 16:38:03,,Enabled,"INR 1,590.69",MCH7490,5912,Sole Proprietor,Pharmacy & Medical,2023-11-12 16:38:03,0,0,,1,0,1590.69,0,0,7490,0,0,0,0,1
mch7493,Sachdeva-Pillai,5699,CLOTHS,Private Limited,Kolkata,West Bengal,18/01/2026 08:12 PM,1151514873,Inactive,₹203.44,MCH7493,5699,Private Limited,Clothing,2026-01-18 20:12:00,0,0,1151514873,0,0,203.44,0,0,7493,1,1,1,3,2
MCH7495,DHINGRA AND SONS,5999,Miscellaneous,Sole Proprietor,Jalandhar,Punjab,,XXXX0797,I,"₹3,168.53",MCH7495,5999,Sole Proprietor,Other Retail,,1,0,XXXX0797,0,1,3168.53,0,0,7495,1,1,1,3,3
MCH 7501,Jayaraman Inc,5311,Department Store,PARTNERSHIP,Calcutta,West Bengal,03-10-2024,XXXX9347,Enabled,2898.16,MCH7501,5311,Partnership,Department Stores,2024-03-10 00:00:00,0,0,XXXX9347,0,1,2898.16,0,0,7501,0,0,0,0,1
mch7502,GOKHALE LLC,5311,DEPT_STORE,INDIVIDUAL,ASR,Punjab,07/06/2024,5976838930,A,1185.45,MCH7502,5311,Individual,Department Stores,2024-06-07 00:00:00,0,0,5976838930,0,0,1185.45,0,0,7502,0,0,0,0,1
mch7503,Raval LLC,5411,Grocery,PARTNERSHIP,Delhi,Delhi,2025-10-30 13:02:18,6775545242,Enabled,1167.54,MCH7503,5411,Partnership,Grocery,2025-10-30 13:02:18,0,0,6775545242,0,0,1167.54,0,0,7503,1,1,1,3,2
MCH 7504,Balay PLC,7011,Hospitality,individual,chennai,Tamil Nadu,1761302084,1818420938,A,"₹1,030.01",MCH7504,7011,Individual,Hotels & Hospitality,2025-10-24 10:34:44,0,0,1818420938,0,0,1030.01,0,0,7504,0,1,0,1,2
MCH7508,Garg-Deo,5942,Books,partnership,Amritsar,Punjab,2024/11/15,XXXX5011,Active,"₹1,956.49",MCH7508,5942,Partnership,Books & Stationery,2024-11-15 00:00:00,0,0,XXXX5011,0,1,1956.49,0,0,7508,0,0,0,0,1
7509,Narasimhan-Naidu,5699,garments,SOLE-PROPRIETOR,Kolkata,West Bengal,29-Jul-2025,RUXH2213582281170,ACTIVE,"₹1,271.23",7509,5699,Sole Proprietor,Clothing,2025-07-29 00:00:00,0,0,RUXH2213582281170,0,1,1271.23,0,0,7509,0,0,0,0,1
MCH7513,Buch Inc,5812.0,Food,individual,Kolkata,West Bengal,2024/09/02,MLTA1304721995984,Active,Rs. 584,MCH7513,5812,Individual,Food & Restaurants,2024-09-02 00:00:00,0,0,MLTA1304721995984,0,0,584.0,0,0,7513,0,0,0,0,1
MCH7514,Ahuja-Bobal,5311,Retail,Sole Proprietor,lucknow,Uttar Pradesh,2024-04-19 10:36:48,,A,"1,943.52",MCH7514,5311,Sole Proprietor,Department Stores,2024-04-19 10:36:48,0,0,,1,0,1943.52,0,0,7514,0,0,0,0,1
MCH7517,"  Banik, Kamdar and Dada  ",5699,CLOTHS,individual,ASR,Punjab,20/07/2025,YYXV9001319720217,ACTIVE,"INR 2,046.69",MCH7517,5699,Individual,Clothing,2025-07-20 00:00:00,0,0,YYXV9001319720217,0,1,2046.69,0,0,7517,0,0,0,0,1
MCH7519,"Sarkar, Garg and Kumar",4131,Bus/Taxi,partnership,LKO,Uttar Pradesh,01/06/2025,6307100507,I,₹771.94,MCH7519,4131,Partnership,Transportation,2025-06-01 00:00:00,0,0,6307100507,0,0,771.94,0,0,7519,0,0,0,0,1
MCH7521,Boase PLC,4131.0,Bus/Taxi,Sole Proprietor,Calcutta,West Bengal,27/01/2026,WKCL3458708850629,A,Rs. 880,MCH7521,4131,Sole Proprietor,Transportation,2026-01-27 00:00:00,0,0,WKCL3458708850629,0,0,880.0,0,0,7521,1,1,1,3,2
MCH 7523,venkataraman-hans,04131,Transport,sole_proprietor,Poona,Maharashtra,04-28-2025,6156184588,ACTIVE,"₹6,157.65",MCH7523,4131,Sole Proprietor,Transportation,2025-04-28 00:00:00,0,0,6156184588,0,0,6157.65,0,0,7523,1,0,1,2,2
MCH7524,"Sarna, Mital and Deo",MCC-7011,Hospitality,Private Limited,BLR,Karnataka,1752404209,XXXX6292,A,"1,847.00",MCH7524,7011,Private Limited,Hotels & Hospitality,2025-07-13 10:56:49,0,0,XXXX6292,0,1,1847.0,0,0,7524,1,1,1,3,2
7525,  Char-Narayanan  ,5942,Book Store,individual,Lucknow,Uttar Pradesh,31-Mar-2025,,Enabled,424.34,7525,5942,Individual,Books & Stationery,2025-03-31 00:00:00,0,0,,1,0,424.34,0,0,7525,0,0,0,0,1
MCH7533,"Boase, Krishnan and Tiwari",,Clothing,partnership,LKO,Uttar Pradesh,2025-04-06 21:09:50,YYIV1816207811981,ACTIVE,"Rs. 1,221",MCH7533,,Partnership,Unknown,2025-04-06 21:09:50,0,0,YYIV1816207811981,0,0,1221.0,0,0,7533,0,0,0,0,1
MCH7536,Kalla-Deo,5311,DEPT_STORE,Partnership,kolkata,West Bengal,08-29-2024,5654813293,Active,803.42,MCH7536,5311,Partnership,Department Stores,2024-08-29 00:00:00,0,0,5654813293,0,0,803.42,0,0,7536,0,0,0,0,1
MCH 7539,"Kalita, Din and Ganesh",5311,Retail,private_limited,chennai,Tamil Nadu,1704418707,5865236657,Active,,MCH7539,5311,Private Limited,Department Stores,2024-01-05 01:38:27,0,0,5865236657,0,0,,1,0,7539,0,0,0,0,1
MCH 7540,Buch-Das,5311,DEPT_STORE,SOLE-PROPRIETOR,Hyd,Telangana,17-May-2025,ILTI6803944844549,ACTIVE,-2362.92,MCH7540,5311,Sole Proprietor,Department Stores,2025-05-17 00:00:00,0,0,ILTI6803944844549,0,0,-2362.92,0,1,7540,1,1,1,3,3
mch7544,Ganesh and S0ns,4131,transprt,sole_proprietor,Ludhiana,Punjab,03-22-2025,FWAU1672608587886,Inactive,2329.09,MCH7544,4131,Sole Proprietor,Transportation,2025-03-22 00:00:00,0,0,FWAU1672608587886,0,0,2329.09,0,0,7544,1,1,1,3,2
MCH7546,Koshy LLC,5912,Pharmacies,INDIVIDUAL,New Delhi,Delhi,2024/11/17,XXXX1749,Active,Rs. 356,MCH7546,5912,Individual,Pharmacy & Medical,2024-11-17 00:00:00,0,0,XXXX1749,0,1,356.0,0,0,7546,0,0,0,0,1
MCH7548,  Dhillon Inc  ,4814,phone service,PRIVATE-LIMITED,Hyderabad,Telangana,24/08/2025,XXXX6625,Blocked,"Rs. 4,170",MCH7548,4814,Private Limited,Telecom,2025-08-24 00:00:00,0,0,XXXX6625,0,1,4170.0,0,0,7548,1,1,1,3,2
MCH7549,Narayan PLC,07011,Hotels,SOLE-PROPRIETOR,kolkata,West Bengal,1677040694,8324142833,Closed,"Rs. 2,720",MCH7549,7011,Sole Proprietor,Hotels & Hospitality,2023-02-22 04:38:14,0,0,8324142833,0,0,2720.0,0,0,7549,0,0,0,0,1
MCH7552,SOM AND SONS,MCC-4814,Telecom,SOLE-PROPRIETOR,pune,Maharashtra,21/07/2025,4455888078,A,1934.0,MCH7552,4814,Sole Proprietor,Telecom,2025-07-21 00:00:00,0,0,4455888078,0,0,1934.0,0,0,7552,0,0,0,0,1
MCH7554,"J0ha1, K0thari and Nagar",04131,Bus/Taxi,individual,Jalandar,Punjab,2023-02-05 23:53:12,,ACTIVE,572.11,MCH7554,4131,Individual,Transportation,2023-02-05 23:53:12,0,0,,1,0,572.11,0,0,7554,0,0,0,0,1
MCH 7556,Hayer-Saini,5942,Books,INDIVIDUAL,Chennai,Tamil Nadu,24/01/2024 08:09 PM,,Live,,MCH7556,5942,Individual,Books & Stationery,2024-01-24 20:09:00,0,0,,1,0,,1,0,7556,0,0,0,0,1
7558,Nair-Tandon,MCC-7011,HOTEL_LODGING,individual,delhi,Delhi,24-Sep-2025,WDIO8859498666425,Enabled,2209.65,7558,7011,Individual,Hotels & Hospitality,2025-09-24 00:00:00,0,0,WDIO8859498666425,0,0,2209.65,0,0,7558,1,1,1,3,4
MCH7560,  Chakraborty and Sons  ,,Department Store,PARTNERSHIP,pune,Maharashtra,,WVEJ5381131962008,ACTIVE,2097.03,MCH7560,,Partnership,Unknown,,1,0,WVEJ5381131962008,0,0,2097.03,0,0,7560,0,0,0,0,1
MCH7563,Anne and Sons,7011,Hotels,private_limited,Amritsar,Punjab,16/05/2023,XXXX7430,Active,₹300.06,MCH7563,7011,Private Limited,Hotels & Hospitality,2023-05-16 00:00:00,0,0,XXXX7430,0,1,300.06,0,0,7563,0,0,0,0,1
MCH7564,"Mahal, Thaman and Dani",,BOOKS_STATIONERY,Sole Proprietor,Jalandhar,Punjab,12-23-2023,7935535958,Enabled,503.13,MCH7564,,Sole Proprietor,Unknown,2023-12-23 00:00:00,0,0,7935535958,0,0,503.13,0,0,7564,0,0,0,0,1
MCH7566,KADE-BHATTACHARYYA,5912,Pharmacy,Individual,MUMBAI,Maharashtra,2024/12/11,,INACTIVE,748.55,MCH7566,5912,Individual,Pharmacy & Medical,2024-12-11 00:00:00,0,0,,1,0,748.55,0,0,7566,0,1,1,2,2
MCH7567,Bora-Venkatesh,5912,MEDICAL_STORE,PARTNERSHIP,LKO,Uttar Pradesh,,,Live,664.14,MCH7567,5912,Partnership,Pharmacy & Medical,,1,0,,1,0,664.14,0,0,7567,1,0,1,2,2
7568,"CHOKSHI, LALL AND SUBRAMANIAM",4131,Transport,individual,Amritsar,Punjab,15/11/2025 11:29 PM,XXXX4056,Enabled,,7568,4131,Individual,Transportation,2025-11-15 23:29:00,0,0,XXXX4056,0,1,,1,0,7568,1,1,1,3,2
MCH-7572,"Nori, Kibe and Das",5699,Fashion,SOLE_PROPRIETOR,lucknow,Uttar Pradesh,11-28-2023,BLHB3138092170893,Enabled,Rs. 870,MCH7572,5699,Sole Proprietor,Clothing,2023-11-28 00:00:00,0,0,BLHB3138092170893,0,0,870.0,0,0,7572,0,0,0,0,1
MCH7574,Loke Ltd,,DEPT_STORE,SOLE_PROPRIETOR,kolkata,West Bengal,,XXXX9656,ACTIVE,-302.53,MCH7574,,Sole Proprietor,Unknown,,1,0,XXXX9656,0,1,-302.53,0,1,7574,0,1,0,1,2
MCH7576,Ramanathan-Menon,7011,Hospitality,PARTNERSHIP,Jalandar,Punjab,1728896971,,Active,INR 757.61,MCH7576,7011,Partnership,Hotels & Hospitality,2024-10-14 09:09:31,0,0,,1,0,757.61,0,0,7576,0,0,0,0,1
MCH7577,"Gandhi, Golla and Arora",5699,Clothing,Private Limited,Amritsar,Punjab,26/01/2023,XXXX6249,A,,MCH7577,5699,Private Limited,Clothing,2023-01-26 00:00:00,0,0,XXXX6249,0,1,,1,0,7577,0,0,0,0,1
MCH7580,"Setty, Kala and Ramesh",7011,Hotel,PARTNERSHIP,JPR,Rajasthan,2025/10/20,,ACTIVE,-377.84,MCH7580,7011,Partnership,Hotels & Hospitality,2025-10-20 00:00:00,0,0,,1,0,-377.84,0,1,7580,1,1,1,3,2
7581,"Deshpande, Butala and Jain",5699,Clothing,Private Limited,Lucknow,Uttar Pradesh,13-Aug-2024,5640516477,Active,,7581,5699,Private Limited,Clothing,2024-08-13 00:00:00,0,0,5640516477,0,0,,1,0,7581,0,0,0,0,1
MCH7582,Gola Ltd,4131,transprt,individual,Kolkata,West Bengal,31/07/2024 04:49 PM,,Active,"₹1,056.25",MCH7582,4131,Individual,Transportation,2024-07-31 16:49:00,0,0,,1,0,1056.25,0,0,7582,0,0,0,0,1
MCH 7585,Rattan-Ratti,5699,Clothing,PARTNERSHIP,pune,Maharashtra,02-10-2026,,A,-3222.54,MCH7585,5699,Partnership,Clothing,2026-02-10 00:00:00,0,0,,1,0,-3222.54,0,1,7585,0,0,0,0,1
MCH7586,RandhawaInc,05812,eating place,PARTNERSHIP,chennai,Tamil Nadu,21/06/2025,,I,629.75,MCH7586,5812,Partnership,Food & Restaurants,2025-06-21 00:00:00,0,0,,1,0,629.75,0,0,7586,1,0,1,2,2
MCH7589,"Parekh, Dugal and Bumb",MCC-4131,Transportation,PRIVATE-LIMITED,pune,Maharashtra,17/01/2025,1086489702,ACTIVE,437.44,MCH7589,4131,Private Limited,Transportation,2025-01-17 00:00:00,0,0,1086489702,0,0,437.44,0,0,7589,1,1,1,3,2
MCH7591,Gour-Hora,5812.0,FOOD_SERVICES,Sole Proprietor,ASR,Punjab,12/07/2023 05:34 AM,XXXX5661,ACTIVE,"₹1,230.68",MCH7591,5812,Sole Proprietor,Food & Restaurants,2023-07-12 05:34:00,0,0,XXXX5661,0,1,1230.68,0,0,7591,0,0,0,0,1
MCH7595,Subramaniam-Balasubramanian,misc,kirana,Individual,ludhiana,Punjab,07-Jan-2026,4323936215,A,"3,392.31",MCH7595,,Individual,Unknown,2026-01-07 00:00:00,0,0,4323936215,0,0,3392.31,0,0,7595,0,0,0,0,1
MCH-7596,Bajwa-Luthra,4814,Telecom,PRIVATE-LIMITED,Hyderabad,Telangana,20-Apr-2024,,SUSPENDED,,MCH7596,4814,Private Limited,Telecom,2024-04-20 00:00:00,0,0,,1,0,,1,0,7596,0,0,0,0,1
MCH7597,Vohra-Mitter,,Bus/Taxi,Sole Proprietor,pune,Maharashtra,31/07/2025,BWIV7516426838159,Live,"INR 2,111.86",MCH7597,,Sole Proprietor,Unknown,2025-07-31 00:00:00,0,0,BWIV7516426838159,0,0,2111.86,0,0,7597,0,0,0,0,1
MCH7600,SALVI-MISHRA,,chemist,PRIVATE_LIMITED,BLR,Karnataka,1748144980,,Live,Rs. 577,MCH7600,,Private Limited,Unknown,2025-05-25 03:49:40,0,0,,1,0,577.0,0,0,7600,1,1,1,3,5
MCH7604,"Varkey, Hayer and Ratti",5411,kirana,PARTNERSHIP,Chennai,Tamil Nadu,17/02/2025,XXXX6093,Active,868.52,MCH7604,5411,Partnership,Grocery,2025-02-17 00:00:00,0,0,XXXX6093,0,1,868.52,0,0,7604,0,0,0,0,1
MCH7605,Kakar-Dhi110n,5311,Retail,Private Limited,BLR,Karnataka,07-21-2025,XXXX1255,Inactive,"₹1,126.42",MCH7605,5311,Private Limited,Department Stores,2025-07-21 00:00:00,0,0,XXXX1255,0,1,1126.42,0,0,7605,0,1,1,2,2
MCH7606,  Chaudhari-Raman  ,MCC-5999,Misc Retail,PRIVATE_LIMITED,BLR,Karnataka,27/08/2024,,A,296.04,MCH7606,5999,Private Limited,Other Retail,2024-08-27 00:00:00,0,0,,1,0,296.04,0,0,7606,0,0,0,0,1
MCH-7607,"vyas, ramakrishnan and narayanan",,BOOKS_STATIONERY,SOLE-PROPRIETOR,Amritsar,Punjab,2025-01-02 19:37:48,2925658717,A,7039.03,MCH7607,,Sole Proprietor,Unknown,2025-01-02 19:37:48,0,0,2925658717,0,0,7039.03,0,0,7607,0,0,0,0,1
MCH7609,Mitta1 PLC,5912,MEDICAL_STORE,individual,jalandhar,Punjab,10-Mar-2025,XXXX5424,Enabled,-7169.86,MCH7609,5912,Individual,Pharmacy & Medical,2025-03-10 00:00:00,0,0,XXXX5424,0,1,-7169.86,0,1,7609,1,0,1,2,2
MCH7613,"Parekh, Ch0kshi and Das",5699,Apparel,PRIVATE-LIMITED,Jaipur,Rajasthan,2024-11-23 19:31:50,VJFK9617718212331,A,419.26,MCH7613,5699,Private Limited,Clothing,2024-11-23 19:31:50,0,0,VJFK9617718212331,0,0,419.26,0,0,7613,0,0,0,0,1
MCH7614,WaliLtd,5699,garments,individual,Mumbai,Maharashtra,03-Jul-2023,BEBD9243619313229,ACTIVE,Rs. 969,MCH7614,5699,Individual,Clothing,2023-07-03 00:00:00,0,0,BEBD9243619313229,0,0,969.0,0,0,7614,0,0,0,0,1
MCH7615,"DAR, PAREKH AND DE",5812,eating place,SOLE_PROPRIETOR,Lucknow,Uttar Pradesh,,4443349499,Disabled,2530.9,MCH7615,5812,Sole Proprietor,Food & Restaurants,,1,0,4443349499,0,0,2530.9,0,0,7615,0,0,0,0,1
MCH7618,"Thaman, Parikh and Dubey",7011,HOTEL_LODGING,private_limited,delhi,Delhi,11-22-2025,SGHB3691205385794,A,244.24,MCH7618,7011,Private Limited,Hotels & Hospitality,2025-11-22 00:00:00,0,0,SGHB3691205385794,0,0,244.24,0,0,7618,1,1,1,3,3
MCH7619,"ranganathan, kumer and pandya",5311,Department Stores,private_limited,Kolkata,West Bengal,11-02-2023,XXXX7479,A,,MCH7619,5311,Private Limited,Department Stores,2023-11-02 00:00:00,0,0,XXXX7479,0,1,,1,0,7619,0,0,0,0,1
MCH7620,narain-balasubramanian,5942,Books,Private Limited,Chennai,Tamil Nadu,02-14-2025,2629867303,A,"₹2,086.10",MCH7620,5942,Private Limited,Books & Stationery,2025-02-14 00:00:00,0,0,2629867303,0,0,2086.1,0,0,7620,0,1,1,2,2
MCH-7621,Iyer-Mangal,5411,kirana,SOLE-PROPRIETOR,Jalandar,Punjab,2023-09-14 09:28:09,9620926226,ACTIVE,1096.69,MCH7621,5411,Sole Proprietor,Grocery,2023-09-14 09:28:09,0,0,9620926226,0,0,1096.69,0,0,7621,1,1,1,3,2
MCH 7622,Agrawal-Yogi,4131,transprt,partnership,amritsar,Punjab,19-Oct-2025,,Active,-717.88,MCH7622,4131,Partnership,Transportation,2025-10-19 00:00:00,0,0,,1,0,-717.88,0,1,7622,1,1,0,2,2
MCH7623,Pandya LLC,,Stationery,PARTNERSHIP,Bombay,Maharashtra,23-Jan-2026,XXXX7491,Enabled,₹701.06,MCH7623,,Partnership,Unknown,2026-01-23 00:00:00,0,0,XXXX7491,0,1,701.06,0,0,7623,0,0,0,0,1
MCH 7627,Lata-Ray,4131,Transport,INDIVIDUAL,mumbai,Maharashtra,17/05/2025,3611125475,Active,1169.55,MCH7627,4131,Individual,Transportation,2025-05-17 00:00:00,0,0,3611125475,0,0,1169.55,0,0,7627,1,1,1,3,3
MCH-7628,"Mander, Guha and Varty",4814,phone service,SOLE-PROPRIETOR,mumbai,Maharashtra,01-12-2026,0845621446,S,8496.25,MCH7628,4814,Sole Proprietor,Telecom,2026-01-12 00:00:00,0,0,0845621446,0,0,8496.25,0,0,7628,1,1,1,3,2
MCH7629,Taneja-Vyas,5999,Miscellaneous,INDIVIDUAL,Poona,Maharashtra,2023-01-01 17:10:32,0070872652,Active,"₹1,413.56",MCH7629,5999,Individual,Other Retail,2023-01-01 17:10:32,0,0,0070872652,0,0,1413.56,0,0,7629,0,0,0,0,1
MCH7630,"RAMA, KALITA AND JHA",4131,transprt,Individual,mumbai,Maharashtra,01-Oct-2025,2315692507,ACTIVE,"Rs. 2,393",MCH7630,4131,Individual,Transportation,2025-10-01 00:00:00,0,0,2315692507,0,0,2393.0,0,0,7630,0,0,0,0,1
MCH7631,DOSHI-VERMA,5942,BOOKS_STATIONERY,Partnership,kolkata,West Bengal,27-Jan-2024,,Live,2548.32,MCH7631,5942,Partnership,Books & Stationery,2024-01-27 00:00:00,0,0,,1,0,2548.32,0,0,7631,1,1,1,3,2
7635,Karpe Inc,04814,TELECOM,Partnership,mumbai,Maharashtra,1683808478,4808643996,Suspended,"INR 6,027.41",7635,4814,Partnership,Telecom,2023-05-11 12:34:38,0,0,4808643996,0,0,6027.41,0,0,7635,1,1,1,3,2
MCH7636,BIR PLC,MCC-5699,CLOTHS,SOLE_PROPRIETOR,Jalandhar,Punjab,03/05/2025,XXXX9076,Enabled,Rs. 178,MCH7636,5699,Sole Proprietor,Clothing,2025-05-03 00:00:00,0,0,XXXX9076,0,1,178.0,0,0,7636,0,0,0,0,1
mch7639,brar-chana,5999,Other,Sole Proprietor,MUMBAI,Maharashtra,20/02/2025 05:32 AM,XXXX2309,A,"4,805.68",MCH7639,5999,Sole Proprietor,Other Retail,2025-02-20 05:32:00,0,0,XXXX2309,0,1,4805.68,0,0,7639,1,1,1,3,4
mch7644,Mital PLC,7011,Hospitality,SOLE_PROPRIETOR,Chennai,Tamil Nadu,2024/03/07,,Live,602.59,MCH7644,7011,Sole Proprietor,Hotels & Hospitality,2024-03-07 00:00:00,0,0,,1,0,602.59,0,0,7644,0,0,0,0,1
MCH7645,Majumdar-Nagarajan,MCC-5912,MEDICAL_STORE,Sole Proprietor,Amritsar,Punjab,21-Sep-2024,7530870851,Enabled,"₹1,396.81",MCH7645,5912,Sole Proprietor,Pharmacy & Medical,2024-09-21 00:00:00,0,0,7530870851,0,0,1396.81,0,0,7645,0,0,0,0,1
MCH7647,"Bala, Mody and Kumer",5912,Medical,Partnership,Mumbay,Maharashtra,2025-12-30 18:11:40,XXXX0768,Disabled,"Rs. 3,285",MCH7647,5912,Partnership,Pharmacy & Medical,2025-12-30 18:11:40,0,0,XXXX0768,0,1,3285.0,0,0,7647,0,0,0,0,1
MCH7648,"  Trivedi, Ramachandran and Keer  ",,Retail Other,private_limited,Hyd,Telangana,1731427471,7503405109,S,"INR 1,840.11",MCH7648,,Private Limited,Unknown,2024-11-12 16:04:31,0,0,7503405109,0,0,1840.11,0,0,7648,0,0,0,0,1
MCH7651,  Sur Inc  ,5912,Medical,Sole Proprietor,jalandhar,Punjab,2025-07-24 13:48:53,VAPP7301302357942,Live,"₹1,138.07",MCH7651,5912,Sole Proprietor,Pharmacy & Medical,2025-07-24 13:48:53,0,0,VAPP7301302357942,0,0,1138.07,0,0,7651,0,0,0,0,1
MCH 7653,Mishra LLC,5699,Fashion,Individual,jalandhar,Punjab,30/04/2025,CZKM6825233537936,Active,7064.16,MCH7653,5699,Individual,Clothing,2025-04-30 00:00:00,0,0,CZKM6825233537936,0,0,7064.16,0,0,7653,1,1,0,2,2
MCH7654,Chakraborty Inc,5699,garments,SOLE_PROPRIETOR,LKO,Uttar Pradesh,,,Active,"Rs. 1,250",MCH7654,5699,Sole Proprietor,Clothing,,1,0,,1,0,1250.0,0,0,7654,0,0,0,0,1
MCH7659,"Bali, Balan and Ramachandran",,Book Store,PARTNERSHIP,Dilli,Delhi,10-04-2023,XXXX6852,Live,"Rs. 1,079",MCH7659,,Partnership,Unknown,2023-10-04 00:00:00,0,0,XXXX6852,0,1,1079.0,0,0,7659,1,1,1,3,2
MCH7661,Pal-Atwal,7011,HOTEL_LODGING,partnership,Kolkata,West Bengal,2024/06/20,LQAC5434478012412,Active,"₹1,304.11",MCH7661,7011,Partnership,Hotels & Hospitality,2024-06-20 00:00:00,0,0,LQAC5434478012412,0,0,1304.11,0,0,7661,1,1,1,3,3
MCH7664,Datta Ltd,UNKNOWN,TRAVEL,PARTNERSHIP,Kolkata,West Bengal,,XXXX7337,ACTIVE,990.98,MCH7664,,Partnership,Unknown,,1,0,XXXX7337,0,1,990.98,0,0,7664,0,0,0,0,1
MCH7667,solanki llc,4814,TELECOM,Sole Proprietor,lucknow,Uttar Pradesh,28-Jun-2024,,Live,1620.69,MCH7667,4814,Sole Proprietor,Telecom,2024-06-28 00:00:00,0,0,,1,0,1620.69,0,0,7667,1,1,1,3,2
MCH-7675,Suresh-Tandon,4131,Bus/Taxi,partnership,pune,Maharashtra,24-Jan-2025,,Live,1022.55,MCH7675,4131,Partnership,Transportation,2025-01-24 00:00:00,0,0,,1,0,1022.55,0,0,7675,0,0,0,0,1
7679,Sama and Sons,05912,Pharmacies,PARTNERSHIP,Bengaluru,Karnataka,25-Feb-2026,2230627789,ACTIVE,3295.19,7679,5912,Partnership,Pharmacy & Medical,2026-02-25 00:00:00,0,0,2230627789,0,0,3295.19,0,0,7679,1,1,1,3,3
MCH-7681,"Bal, Kakar and Pillai",,Transportation,PRIVATE-LIMITED,Pune,Maharashtra,11-15-2024,2915378010,A,"1,955.63",MCH7681,,Private Limited,Unknown,2024-11-15 00:00:00,0,0,2915378010,0,0,1955.63,0,0,7681,1,1,1,3,3
MCH7685,"Badal, Khurana and Bansal",5311.0,Department Stores,INDIVIDUAL,Jalandhar,Punjab,1746490768,XXXX6889,Disabled,-3304.25,MCH7685,5311,Individual,Department Stores,2025-05-06 00:19:28,0,0,XXXX6889,0,1,-3304.25,0,1,7685,0,0,0,0,1
MCH 7687,Devan Inc,MCC-5699,Fashion,individual,Lucknow,Uttar Pradesh,25/11/2024 06:59 PM,,ACTIVE,"2,148.82",MCH7687,5699,Individual,Clothing,2024-11-25 18:59:00,0,0,,1,0,2148.82,0,0,7687,1,1,1,3,2
MCH7688,"  Kata, Bobal and Basu  ",5912,MEDICAL_STORE,SOLE-PROPRIETOR,LDH,Punjab,29/07/2025,7749062073,A,"Rs. 3,346",MCH7688,5912,Sole Proprietor,Pharmacy & Medical,2025-07-29 00:00:00,0,0,7749062073,0,0,3346.0,0,0,7688,0,0,0,0,1
MCH7692,Ratti-Patla,MCC-5311,DEPT_STORE,Individual,ASR,Punjab,10-Jul-2025,XXXX7379,A,2270.3,MCH7692,5311,Individual,Department Stores,2025-07-10 00:00:00,0,0,XXXX7379,0,1,2270.3,0,0,7692,0,0,0,0,1
MCH7698,Bhatnagar Inc,05999,Misc Retail,individual,lucknow,Uttar Pradesh,1692835982,8131154936,Active,1276.92,MCH7698,5999,Individual,Other Retail,2023-08-24 00:13:02,0,0,8131154936,0,0,1276.92,0,0,7698,1,1,1,3,2
MCH7699,mammen ltd,4814,Mobile Recharge,INDIVIDUAL,jalandhar,Punjab,2024-10-16 05:11:31,XXXX5219,Enabled,,MCH7699,4814,Individual,Telecom,2024-10-16 05:11:31,0,0,XXXX5219,0,1,,1,0,7699,1,1,1,3,2
MCH7700,"Lanka, Setty and Muni",5812,eating place,PARTNERSHIP,DELHI,Delhi,2025/06/14,,Inactive,-4782.98,MCH7700,5812,Partnership,Food & Restaurants,2025-06-14 00:00:00,0,0,,1,0,-4782.98,0,1,7700,0,0,0,0,1
MCH7701,Ravel-Lala,5411,GROCERY_STORE,PRIVATE_LIMITED,ludhiana,Punjab,2025-05-12 05:37:27,XXXX7294,Enabled,"₹1,411.44",MCH7701,5411,Private Limited,Grocery,2025-05-12 05:37:27,0,0,XXXX7294,0,1,1411.44,0,0,7701,0,0,0,0,1
MCH7702,Ahuja-Nayar,05411,Grocery,Private Limited,Ludhiana,Punjab,2024/10/04,,SUSPENDED,,MCH7702,5411,Private Limited,Grocery,2024-10-04 00:00:00,0,0,,1,0,,1,0,7702,0,0,0,0,1
MCH7709,"JANI, SIDHU AND TRIPATHI",MCC-4131,Transport,PARTNERSHIP,Jaipur,Rajasthan,05/06/2025,KEWA6292181807133,Active,451.31,MCH7709,4131,Partnership,Transportation,2025-06-05 00:00:00,0,0,KEWA6292181807133,0,0,451.31,0,0,7709,1,1,1,3,3
MCH7712,  Sehgal Ltd  ,5411.0,kirana,partnership,lucknow,Uttar Pradesh,,XXXX7167,Live,2215.59,MCH7712,5411,Partnership,Grocery,,1,0,XXXX7167,0,1,2215.59,0,0,7712,0,0,0,0,1
MCH7714,"koshy, dani and barad",4814,TELECOM,PRIVATE_LIMITED,jalandhar,Punjab,27/10/2023 11:10 PM,,Active,INR 669.74,MCH7714,4814,Private Limited,Telecom,2023-10-27 23:10:00,0,0,,1,0,669.74,0,0,7714,0,0,0,0,1
7715,Tata-Borah,5999,Retail Other,private_limited,Kolkata,West Bengal,06/10/2025,XXXX1003,Closed,1652.04,7715,5999,Private Limited,Other Retail,2025-10-06 00:00:00,0,0,XXXX1003,0,1,1652.04,0,0,7715,1,0,1,2,2
MCH7720,Agate-Krishnamurthy,7011,HOTEL_LODGING,PRIVATE-LIMITED,Madras,Tamil Nadu,12/10/2025 10:57 PM,,A,Rs. 475,MCH7720,7011,Private Limited,Hotels & Hospitality,2025-10-12 22:57:00,0,0,,1,0,475.0,0,0,7720,0,1,1,2,2
MCH-7723,"Pandya, Barman and Biswas",5699,garments,private_limited,Ludhiana,Punjab,2025-01-06 01:31:38,MLMI7440738115367,Live,"3,268.86",MCH7723,5699,Private Limited,Clothing,2025-01-06 01:31:38,0,0,MLMI7440738115367,0,0,3268.86,0,0,7723,0,0,0,0,1
MCH7724,"Johal, Khatri and Sant",5411,Grocery,INDIVIDUAL,jalandhar,Punjab,02-18-2026,BSAD5422938420269,ACTIVE,"3,132.90",MCH7724,5411,Individual,Grocery,2026-02-18 00:00:00,0,0,BSAD5422938420269,0,0,3132.9,0,0,7724,1,1,1,3,5
MCH7726,Modi Ltd,5311,Department Store,individual,Lucknow,Uttar Pradesh,2025-05-17 15:11:06,XXXX3760,A,1955.14,MCH7726,5311,Individual,Department Stores,2025-05-17 15:11:06,0,0,XXXX3760,0,1,1955.14,0,0,7726,0,0,0,0,1
MCH7728,"  Banerjee, Iyengar and Ganguly  ",7011,Hotel,Individual,jaipur,Rajasthan,10-11-2024,XXXX5198,ACTIVE,750.16,MCH7728,7011,Individual,Hotels & Hospitality,2024-10-11 00:00:00,0,0,XXXX5198,0,1,750.16,0,0,7728,0,1,1,2,2
MCH7729,Keer LLC,5942,Books,Private Limited,Mumbai,Maharashtra,,,Active,Rs. 884,MCH7729,5942,Private Limited,Books & Stationery,,1,0,,1,0,884.0,0,0,7729,1,0,1,2,2
MCH7731,"Issac, Muni and Natt",,Book Store,individual,HYDERABAD,Telangana,,XXXX4637,ACTIVE,₹236.08,MCH7731,,Individual,Unknown,,1,0,XXXX4637,0,1,236.08,0,0,7731,1,0,1,2,2
MCH7733,Bora Inc,,Telecom,PRIVATE-LIMITED,LKO,Uttar Pradesh,2024/01/22,XXXX3762,Active,5028.38,MCH7733,,Private Limited,Unknown,2024-01-22 00:00:00,0,0,XXXX3762,0,1,5028.38,0,0,7733,0,0,0,0,1
MCH7735,Nanda PLC,05912,chemist,INDIVIDUAL,kolkata,West Bengal,,4101693364,ACTIVE,₹763.99,MCH7735,5912,Individual,Pharmacy & Medical,,1,0,4101693364,0,0,763.99,0,0,7735,1,1,1,3,2
MCH7736,Kara PLC,5699,Clothing,INDIVIDUAL,amritsar,Punjab,02/01/2024,,ACTIVE,778.45,MCH7736,5699,Individual,Clothing,2024-01-02 00:00:00,0,0,,1,0,778.45,0,0,7736,0,0,0,0,1
7737,"Sarma, Tripathi and Chandra",4131.0,transprt,Sole Proprietor,mumbai,Maharashtra,19-Sep-2023,9889598730,A,-1625.72,7737,4131,Sole Proprietor,Transportation,2023-09-19 00:00:00,0,0,9889598730,0,0,-1625.72,0,1,7737,1,1,1,3,2
mch7744,NATH PLC,5311,Retail,INDIVIDUAL,ASR,Punjab,1770550778,,Enabled,-283.48,MCH7744,5311,Individual,Department Stores,2026-02-08 11:39:38,0,0,,1,0,-283.48,0,1,7744,0,0,0,0,1
7746,LUTHRA GROUP,MCC-5699,CLOTHS,PRIVATE-LIMITED,jaipur,Rajasthan,08-Oct-2025,4338266840,A,1244.49,7746,5699,Private Limited,Clothing,2025-10-08 00:00:00,0,0,4338266840,0,0,1244.49,0,0,7746,1,1,1,3,2
mch7748,chhabra group,5812,FOOD_SERVICES,Individual,Poona,Maharashtra,2025/12/26,0225226630,ACTIVE,"INR 1,602.16",MCH7748,5812,Individual,Food & Restaurants,2025-12-26 00:00:00,0,0,0225226630,0,0,1602.16,0,0,7748,0,0,0,0,1
MCH7749,"dhaliwal, chaudhari and lad",4131,transprt,PRIVATE-LIMITED,LKO,Uttar Pradesh,1679967950,,Active,INR 472.27,MCH7749,4131,Private Limited,Transportation,2023-03-28 01:45:50,0,0,,1,0,472.27,0,0,7749,1,0,1,2,2
MCH7750,"Rama, Garde and Ravi",UNKNOWN,TRAVEL,Partnership,bengaluru,Karnataka,22-Jan-2025,XXXX7708,Enabled,1271.38,MCH7750,,Partnership,Unknown,2025-01-22 00:00:00,0,0,XXXX7708,0,1,1271.38,0,0,7750,0,0,0,0,1
mch7751,"  Vig, Iyer and Andra  ",5311,Retail,Partnership,pune,Maharashtra,28/06/2024,6513543497,S,INR 590.58,MCH7751,5311,Partnership,Department Stores,2024-06-28 00:00:00,0,0,6513543497,0,0,590.58,0,0,7751,0,0,0,0,1
MCH 7757,"Uppal, Kota and Ramaswamy",4814,phone service,individual,Delhi,Delhi,02-09-2024,XXXX2473,Live,669.43,MCH7757,4814,Individual,Telecom,2024-02-09 00:00:00,0,0,XXXX2473,0,1,669.43,0,0,7757,0,0,0,0,1
MCH7758,"memon, agate and deshpande",05699,Clothing,partnership,mumbai,Maharashtra,12-27-2023,KYBY5368849904131,ACTIVE,INR 362.28,MCH7758,5699,Partnership,Clothing,2023-12-27 00:00:00,0,0,KYBY5368849904131,0,0,362.28,0,0,7758,0,0,0,0,1
MCH7759,"SANKARAN, PATEL AND NARAIN",5699,Apparel,sole_proprietor,Kolkata,West Bengal,2025-10-15 13:32:26,EADV1032511266518,Active,,MCH7759,5699,Sole Proprietor,Clothing,2025-10-15 13:32:26,0,0,EADV1032511266518,0,0,,1,0,7759,0,0,0,0,1
mch7763,"Choudhury, Mody and Tank",5912,Medical,INDIVIDUAL,chennai,Tamil Nadu,11-03-2023,,Enabled,777.85,MCH7763,5912,Individual,Pharmacy & Medical,2023-11-03 00:00:00,0,0,,1,0,777.85,0,0,7763,0,0,0,0,1
MCH 7765,Dyal LLC,05812,eating place,individual,amritsar,Punjab,27/02/2025,XXXX8941,Active,3067.55,MCH7765,5812,Individual,Food & Restaurants,2025-02-27 00:00:00,0,0,XXXX8941,0,1,3067.55,0,0,7765,0,0,0,0,1
MCH7767,Nadkarni-Pathak,7011,Hospitality,INDIVIDUAL,chennai,Tamil Nadu,10/07/2025 07:50 AM,,Live,3595.48,MCH7767,7011,Individual,Hotels & Hospitality,2025-07-10 07:50:00,0,0,,1,0,3595.48,0,0,7767,0,0,0,0,1
MCH7768,Sahota-Walia,4131,Bus/Taxi,Partnership,delhi,Delhi,19/06/2025 07:32 AM,,Hold,1097.55,MCH7768,4131,Partnership,Transportation,2025-06-19 07:32:00,0,0,,1,0,1097.55,0,0,7768,0,0,0,0,1
MCH7769,"Atwal, Loke and Prasad",04814,Telecom,partnership,mumbai,Maharashtra,2024/07/21,,Active,₹232.38,MCH7769,4814,Partnership,Telecom,2024-07-21 00:00:00,0,0,,1,0,232.38,0,0,7769,0,0,0,0,1
MCH7772,"Chatterjee, Wason and Nadkarni",MCC-5311,DEPT_STORE,PARTNERSHIP,Bombay,Maharashtra,2026-01-02 19:37:55,XXXX1871,Live,541.48,MCH7772,5311,Partnership,Department Stores,2026-01-02 19:37:55,0,0,XXXX1871,0,1,541.48,0,0,7772,0,0,0,0,1
MCH7773,"Mannan, Rout and Dara",7011.0,Hotels,INDIVIDUAL,Jalandhar,Punjab,,2874939436,A,INR 649.31,MCH7773,7011,Individual,Hotels & Hospitality,,1,0,2874939436,0,0,649.31,0,0,7773,1,0,1,2,3
MCH7779,"Mane, Bassi and Samra",5699,Clothing,Partnership,LKO,Uttar Pradesh,12/12/2024 07:16 PM,UAHK2726212156650,Active,,MCH7779,5699,Partnership,Clothing,2024-12-12 19:16:00,0,0,UAHK2726212156650,0,0,,1,0,7779,0,0,0,0,1
MCH7780,Jain PLC,5912,medical_store,SOLE_PROPRIETOR,Lucknow,Uttar Pradesh,2025-07-19 13:23:49,,Active,,MCH7780,5912,Sole Proprietor,Pharmacy & Medical,2025-07-19 13:23:49,0,0,,1,0,,1,0,7780,0,0,1,1,2
MCH 7784,DAYAL PLC,4814,phone service,PARTNERSHIP,pune,Maharashtra,1727050811,XXXX9570,ACTIVE,,MCH7784,4814,Partnership,Telecom,2024-09-23 00:20:11,0,0,XXXX9570,0,1,,1,0,7784,1,0,1,2,2
MCH7790,Barman-Roy,MCC-5942,Book Store,SOLE_PROPRIETOR,chennai,Tamil Nadu,28-May-2025,3171421828,Live,1525.46,MCH7790,5942,Sole Proprietor,Books & Stationery,2025-05-28 00:00:00,0,0,3171421828,0,0,1525.46,0,0,7790,0,0,0,0,1
MCH7794,Kalita PLC,MCC-5912,MEDICAL_STORE,PARTNERSHIP,DELHI,Delhi,05/01/2025 06:59 PM,GLZI3360162189324,A,INR 622.63,MCH7794,5912,Partnership,Pharmacy & Medical,2025-01-05 18:59:00,0,0,GLZI3360162189324,0,0,622.63,0,0,7794,0,0,0,0,1
7795,Prakash LLC,4131,TRAVEL,SOLE_PROPRIETOR,JPR,Rajasthan,2025-06-28 04:41:24,,Enabled,₹956.79,7795,4131,Sole Proprietor,Transportation,2025-06-28 04:41:24,0,0,,1,0,956.79,0,0,7795,1,1,1,3,3
MCH7796,"Kari, Sridhar and J0ha1",5411.0,kirana,Partnership,Poona,Maharashtra,09/12/2024,5623137802,Active,489.31,MCH7796,5411,Partnership,Grocery,2024-12-09 00:00:00,0,0,5623137802,0,0,489.31,0,0,7796,0,0,1,1,2
MCH7802,Venkatesh LLC,5912,Medical,Partnership,lucknow,Uttar Pradesh,2024-04-12 13:06:25,5184855438,Active,1493.43,MCH7802,5912,Partnership,Pharmacy & Medical,2024-04-12 13:06:25,0,0,5184855438,0,0,1493.43,0,0,7802,1,1,1,3,2
MCH7803,Naik LLC,5999,Retail Other,PARTNERSHIP,delhi,Delhi,,,A,-285.6,MCH7803,5999,Partnership,Other Retail,,1,0,,1,0,-285.6,0,1,7803,1,1,1,3,2
MCH7804,Deo-Pandya,5812,Food,Partnership,Jaipur,Rajasthan,,XXXX1482,SUSPENDED,₹492.54,MCH7804,5812,Partnership,Food & Restaurants,,1,0,XXXX1482,0,1,492.54,0,0,7804,1,1,1,3,3
MCH7806,"Sahni, Bhavsar and Kaul",,Transport,private_limited,HYDERABAD,Telangana,04-17-2023,XXXX2487,Live,1046.19,MCH7806,,Private Limited,Unknown,2023-04-17 00:00:00,0,0,XXXX2487,0,1,1046.19,0,0,7806,0,0,0,0,1
MCH7810,Bail Inc,5942,Books,Sole Proprietor,Ludhiana,Punjab,01-25-2025,9018773100,Closed,-529.29,MCH7810,5942,Sole Proprietor,Books & Stationery,2025-01-25 00:00:00,0,0,9018773100,0,0,-529.29,0,1,7810,1,1,1,3,2
MCH7814,  Mallick-Puri  ,5812,Restaurant,SOLE_PROPRIETOR,jaipur,Rajasthan,01/03/2024,,Enabled,-2963.54,MCH7814,5812,Sole Proprietor,Food & Restaurants,2024-03-01 00:00:00,0,0,,1,0,-2963.54,0,1,7814,0,0,0,0,1
MCH7817,Lata PLC,05812,FOOD_SERVICES,private_limited,Madras,Tamil Nadu,27-Jul-2025,,I,3090.66,MCH7817,5812,Private Limited,Food & Restaurants,2025-07-27 00:00:00,0,0,,1,0,3090.66,0,0,7817,0,0,0,0,1
mch7821,  Deshmukh Inc  ,,Other,partnership,Bangalore,Karnataka,01-26-2026,3967998762,A,"₹1,463.63",MCH7821,,Partnership,Unknown,2026-01-26 00:00:00,0,0,3967998762,0,0,1463.63,0,0,7821,0,0,0,0,1
MCH7828,  Jhaveri and Sons  ,5699.0,garments,Individual,kolkata,West Bengal,2026/02/23,3888843924,A,"₹3,105.54",MCH7828,5699,Individual,Clothing,2026-02-23 00:00:00,0,0,3888843924,0,0,3105.54,0,0,7828,1,1,1,3,2
MCH7829,Hora Ltd,4131,TRAVEL,Partnership,JPR,Rajasthan,06-May-2025,XXXX7292,Active,Rs. 422,MCH7829,4131,Partnership,Transportation,2025-05-06 00:00:00,0,0,XXXX7292,0,1,422.0,0,0,7829,1,1,0,2,2
MCH7830,Hegde Ltd,,transprt,Sole Proprietor,Bangalore,Karnataka,,,Enabled,,MCH7830,,Sole Proprietor,Unknown,,1,0,,1,0,,1,0,7830,1,1,1,3,2
MCH7832,"  Sodhi, Venkataraman and Kohli  ",5999,Misc Retail,INDIVIDUAL,Delhi,Delhi,1748825112,XXXX9396,Live,"₹4,116.49",MCH7832,5999,Individual,Other Retail,2025-06-02 00:45:12,0,0,XXXX9396,0,1,4116.49,0,0,7832,1,1,1,3,2
MCH7833,"Chopra, Baral and Hayre",5942,Books,sole_proprietor,HYDERABAD,Telangana,1676015614,,SUSPENDED,Rs. 648,MCH7833,5942,Sole Proprietor,Books & Stationery,2023-02-10 07:53:34,0,0,,1,0,648.0,0,0,7833,0,0,0,0,1
MCH 7835,"DUGAR, DHAWAN AND DE",7011,Hospitality,Private Limited,Lucknow,Uttar Pradesh,26/12/2023 12:25 PM,,Blocked,"INR 1,744.59",MCH7835,7011,Private Limited,Hotels & Hospitality,2023-12-26 12:25:00,0,0,,1,0,1744.59,0,0,7835,0,0,0,0,1
MCH7837,Wali Group,,miscellaneous,Individual,kolkata,West Bengal,2023/06/03,,Inactive,INR 803.03,MCH7837,,Individual,Unknown,2023-06-03 00:00:00,0,0,,1,0,803.03,0,0,7837,0,0,1,1,2
MCH7838,"Yohannan, Sethi and Khare",5812.0,FOOD_SERVICES,SOLE-PROPRIETOR,ASR,Punjab,2024/03/25,,Live,₹974.30,MCH7838,5812,Sole Proprietor,Food & Restaurants,2024-03-25 00:00:00,0,0,,1,0,974.3,0,0,7838,0,0,0,0,1
mch7839,Chandra-Borra,5311,Department Store,Sole Proprietor,Lucknow,Uttar Pradesh,2024/11/02,,A,INR 710.20,MCH7839,5311,Sole Proprietor,Department Stores,2024-11-02 00:00:00,0,0,,1,0,710.2,0,0,7839,1,1,1,3,2
MCH7840,Sood LLC,5311,Department Store,Individual,Pune,Maharashtra,09-26-2023,XXXX2181,ACTIVE,Rs. 394,MCH7840,5311,Individual,Department Stores,2023-09-26 00:00:00,0,0,XXXX2181,0,1,394.0,0,0,7840,0,0,0,0,1
MCH7841,Manda Group,5942,Book Store,SOLE-PROPRIETOR,Poona,Maharashtra,01-Oct-2024,8517196401,ACTIVE,"14,164.49",MCH7841,5942,Sole Proprietor,Books & Stationery,2024-10-01 00:00:00,0,0,8517196401,0,0,14164.49,0,0,7841,0,0,0,0,1
MCH-7842,J0ha1 Ltd,5812,Restaurants,private_limited,Kolkata,West Bengal,02-06-2025,XXXX0929,INACTIVE,"Rs. 1,856",MCH7842,5812,Private Limited,Food & Restaurants,2025-02-06 00:00:00,0,0,XXXX0929,0,1,1856.0,0,0,7842,0,0,0,0,1
MCH7843,Rastogi-Das,05812,Restaurant,partnership,amritsar,Punjab,2025/04/03,XXXX7401,A,-1274.89,MCH7843,5812,Partnership,Food & Restaurants,2025-04-03 00:00:00,0,0,XXXX7401,0,1,-1274.89,0,1,7843,0,0,0,0,1
MCH7844,Singh-Mane,,GROCERY_STORE,SOLE-PROPRIETOR,LDH,Punjab,31-Oct-2024,,A,"Rs. 1,309",MCH7844,,Sole Proprietor,Unknown,2024-10-31 00:00:00,0,0,,1,0,1309.0,0,0,7844,0,0,0,0,1
MCH7845,  Bhasin-Dubey  ,4814,phone service,PRIVATE_LIMITED,Ludhiana,Punjab,22-Aug-2024,8372327074,Enabled,Rs. 994,MCH7845,4814,Private Limited,Telecom,2024-08-22 00:00:00,0,0,8372327074,0,0,994.0,0,0,7845,0,0,0,0,1
7846,Chad-Gole,,Miscellaneous,individual,mumbai,Maharashtra,08-24-2023,XXXX4268,Active,Rs. 228,7846,,Individual,Unknown,2023-08-24 00:00:00,0,0,XXXX4268,0,1,228.0,0,0,7846,0,0,0,0,1
MCH7847,Ramakrishnan-Misra,5411,groceries,individual,Mumbay,Maharashtra,04/12/2025,,Active,"Rs. 2,108",MCH7847,5411,Individual,Grocery,2025-12-04 00:00:00,0,0,,1,0,2108.0,0,0,7847,0,0,0,0,1
MCH 7849,Lal-Wagle,5311,DEPT_STORE,SOLE_PROPRIETOR,jaipur,Rajasthan,12/02/2025 04:31 PM,XXXX0377,Active,4061.65,MCH7849,5311,Sole Proprietor,Department Stores,2025-02-12 16:31:00,0,0,XXXX0377,0,1,4061.65,0,0,7849,0,0,0,0,1
MCH7850,Reddy Inc,05699,Clothing,PARTNERSHIP,chennai,Tamil Nadu,1715836075,,ACTIVE,"Rs. 1,378",MCH7850,5699,Partnership,Clothing,2024-05-16 05:07:55,0,0,,1,0,1378.0,0,0,7850,0,0,0,0,1
MCH7851,"Warrior, Hora and Dayal",4814,phone service,INDIVIDUAL,Jalandar,Punjab,07/02/2024,6337984791,Enabled,,MCH7851,4814,Individual,Telecom,2024-02-07 00:00:00,0,0,6337984791,0,0,,1,0,7851,0,0,0,0,1
7852,"Kapadia, K0nda and Luthra",UNKNOWN,Hotel,sole_proprietor,Chennai,Tamil Nadu,1683871986,XXXX7199,Hold,4401.63,7852,,Sole Proprietor,Unknown,2023-05-12 06:13:06,0,0,XXXX7199,0,1,4401.63,0,0,7852,0,0,0,0,1
mch7856,"Sood, Dalal and Butala",7011,Hotels,Private Limited,New Delhi,Delhi,06/11/2025 03:54 PM,1705220103,Live,"Rs. 2,048",MCH7856,7011,Private Limited,Hotels & Hospitality,2025-11-06 15:54:00,0,0,1705220103,0,0,2048.0,0,0,7856,0,0,0,0,1
mch7860,"Pall, Som and Dalal",5999,Misc Retail,PRIVATE-LIMITED,ASR,Punjab,2024-11-11 02:08:53,1164754239,Live,-625.05,MCH7860,5999,Private Limited,Other Retail,2024-11-11 02:08:53,0,0,1164754239,0,0,-625.05,0,1,7860,0,0,0,0,1
MCH7862,  Pandit-Ratti  ,05912,MEDICAL_STORE,INDIVIDUAL,Amritsar,Punjab,23/04/2023,,Enabled,558.23,MCH7862,5912,Individual,Pharmacy & Medical,2023-04-23 00:00:00,0,0,,1,0,558.23,0,0,7862,0,0,0,0,1
MCH 7863,KADE-SAXENA,7011,HOTEL_LODGING,partnership,Amritsar,Punjab,,5883030838,Blocked,₹432.77,MCH7863,7011,Partnership,Hotels & Hospitality,,1,0,5883030838,0,0,432.77,0,0,7863,1,0,1,2,2
MCH7864,"Saini, Yohannan and Tank",5942,Book Store,Individual,ludhiana,Punjab,,9857461455,Live,1130.3,MCH7864,5942,Individual,Books & Stationery,,1,0,9857461455,0,0,1130.3,0,0,7864,1,1,0,2,3
MCH7865,Rout Inc,,Department Store,Individual,Hyderabad,Telangana,1699883824,XXXX3299,Enabled,"INR 2,187.26",MCH7865,,Individual,Unknown,2023-11-13 13:57:04,0,0,XXXX3299,0,1,2187.26,0,0,7865,0,0,0,0,1
MCH7866,Bhattacharyya and Sons,5311,Department Stores,Partnership,DELHI,Delhi,31/10/2025 05:29 AM,QKIU3712061004002,Active,"2,522.00",MCH7866,5311,Partnership,Department Stores,2025-10-31 05:29:00,0,0,QKIU3712061004002,0,0,2522.0,0,0,7866,1,1,1,3,3
7868,Chander-Ramakrishnan,5311,Department Stores,individual,pune,Maharashtra,21/09/2025 01:36 AM,XXXX9717,A,₹563.96,7868,5311,Individual,Department Stores,2025-09-21 01:36:00,0,0,XXXX9717,0,1,563.96,0,0,7868,1,1,1,3,2
MCH7870,"Kalla,MoreandSwamy",5912,Pharmacies,PRIVATE_LIMITED,jaipur,Rajasthan,04-Mar-2025,JRSV4497187312439,Live,681.25,MCH7870,5912,Private Limited,Pharmacy & Medical,2025-03-04 00:00:00,0,0,JRSV4497187312439,0,0,681.25,0,0,7870,1,1,1,3,3
MCH7871,"Mital, Palla and Saraf",5699,CLOTHS,SOLE-PROPRIETOR,HYDERABAD,Telangana,2026-02-17 14:36:44,QSZR3521803060698,Live,-2352.21,MCH7871,5699,Sole Proprietor,Clothing,2026-02-17 14:36:44,0,0,QSZR3521803060698,0,0,-2352.21,0,1,7871,0,0,0,0,1
MCH7875,  Narasimhan PLC  ,5411,kirana,private_limited,amritsar,Punjab,01-03-2025,,A,585.43,MCH7875,5411,Private Limited,Grocery,2025-01-03 00:00:00,0,0,,1,0,585.43,0,0,7875,0,0,0,0,1
MCH7876,Yadav-Bansal,5942,Stationery,individual,lucknow,Uttar Pradesh,09-22-2024,,ACTIVE,-549.03,MCH7876,5942,Individual,Books & Stationery,2024-09-22 00:00:00,0,0,,1,0,-549.03,0,1,7876,1,0,1,2,2
MCH7877,Bajwa Ltd,5942.0,BOOKS_STATIONERY,partnership,chennai,Tamil Nadu,,2144271582,ACTIVE,565.69,MCH7877,5942,Partnership,Books & Stationery,,1,0,2144271582,0,0,565.69,0,0,7877,0,1,1,2,2
MCH7879,SAWHNEY-GODA,4814,Telecom,Individual,Jalandhar,Punjab,2023-12-30 23:35:00,,Active,"1,760.85",MCH7879,4814,Individual,Telecom,2023-12-30 23:35:00,0,0,,1,0,1760.85,0,0,7879,0,0,0,0,1
MCH7880,TIWARI-DUA,4131,Bus/Taxi,SOLE-PROPRIETOR,Ludhiana,Punjab,,XXXX1699,Live,12814.22,MCH7880,4131,Sole Proprietor,Transportation,,1,0,XXXX1699,0,1,12814.22,0,0,7880,0,1,1,2,2
MCH7881,MENON PLC,5311,Department Store,Partnership,pune,Maharashtra,04-Feb-2024,1137446678,Live,"₹1,357.10",MCH7881,5311,Partnership,Department Stores,2024-02-04 00:00:00,0,0,1137446678,0,0,1357.1,0,0,7881,0,0,0,0,1
MCH7885,Vaidya-Bhatt,5411,Grocery Stores,sole_proprietor,lucknow,Uttar Pradesh,25/08/2025 08:23 AM,,Enabled,648.72,MCH7885,5411,Sole Proprietor,Grocery,2025-08-25 08:23:00,0,0,,1,0,648.72,0,0,7885,1,1,1,3,4
MCH7890,contractor plc,07011,Hotel,PARTNERSHIP,Chennai,Tamil Nadu,2024-07-21 17:41:07,KQNM1742343730851,Inactive,-652.34,MCH7890,7011,Partnership,Hotels & Hospitality,2024-07-21 17:41:07,0,0,KQNM1742343730851,0,0,-652.34,0,1,7890,0,0,0,0,1
MCH 7891,BAKSHI PLC,5411,Grocery Stores,Individual,Bangalore,Karnataka,02/03/2024 08:11 PM,5025889978,Enabled,"INR 3,419.67",MCH7891,5411,Individual,Grocery,2024-03-02 20:11:00,0,0,5025889978,0,0,3419.67,0,0,7891,0,0,0,0,1
MCH7895,Pau PLC,,Retail Other,individual,amritsar,Punjab,08/06/2023 09:45 AM,,ACTIVE,Rs. 583,MCH7895,,Individual,Unknown,2023-06-08 09:45:00,0,0,,1,0,583.0,0,0,7895,0,0,0,0,1
MCH7896,Samra LLC,7011,Hospitality,Private Limited,Calcutta,West Bengal,10-16-2023,SGTY6881761008390,Hold,2276.65,MCH7896,7011,Private Limited,Hotels & Hospitality,2023-10-16 00:00:00,0,0,SGTY6881761008390,0,0,2276.65,0,0,7896,0,0,0,0,1
MCH7900,Basu-Sami,04131,Transportation,Individual,New Delhi,Delhi,24-Apr-2025,CGXR1652716099772,Live,1035.61,MCH7900,4131,Individual,Transportation,2025-04-24 00:00:00,0,0,CGXR1652716099772,0,1,1035.61,0,0,7900,1,0,1,2,2
MCH7901,BALA GROUP,5812,Food,Partnership,Jaipur,Rajasthan,2023-03-02 12:07:59,VXJE9106968913579,Enabled,,MCH7901,5812,Partnership,Food & Restaurants,2023-03-02 12:07:59,0,0,VXJE9106968913579,0,1,,1,0,7901,0,0,0,0,1
MCH7902,deol inc,4131,Bus/Taxi,PARTNERSHIP,Ludhiana,Punjab,07-05-2025,,Active,-2892.53,MCH7902,4131,Partnership,Transportation,2025-07-05 00:00:00,0,0,,1,0,-2892.53,0,1,7902,0,0,0,0,1
MCH7904,Kapadia-Pandya,5942,BOOKS_STATIONERY,Partnership,chennai,Tamil Nadu,09-20-2023,XXXX8842,Live,6260.03,MCH7904,5942,Partnership,Books & Stationery,2023-09-20 00:00:00,0,0,XXXX8842,0,1,6260.03,0,0,7904,0,0,0,0,1
MCH7906,"Ganesan, Gopal and Ratta",5912,chemist,INDIVIDUAL,JPR,Rajasthan,2023/08/04,6930056996,A,INR 733.85,MCH7906,5912,Individual,Pharmacy & Medical,2023-08-04 00:00:00,0,0,6930056996,0,0,733.85,0,0,7906,0,0,0,0,1
MCH7910,Shenoy LLC,5812,FOOD_SERVICES,partnership,Hyd,Telangana,03-25-2024,5996954160,I,INR 741.50,MCH7910,5812,Partnership,Food & Restaurants,2024-03-25 00:00:00,0,0,5996954160,0,0,741.5,0,0,7910,0,0,0,0,1
MCH7912,Som-Mistry,,Misc Retail,PARTNERSHIP,jaipur,Rajasthan,1756459955,,A,,MCH7912,,Partnership,Unknown,2025-08-29 09:32:35,0,0,,1,0,,1,0,7912,1,1,1,3,5
MCH-7913,Khare Inc,5912,MEDICAL_STORE,PARTNERSHIP,pune,Maharashtra,02-22-2025,QFFQ8944942522196,Active,-1243.32,MCH7913,5912,Partnership,Pharmacy & Medical,2025-02-22 00:00:00,0,0,QFFQ8944942522196,0,0,-1243.32,0,1,7913,0,1,0,1,2
7914,Grover-Karnik,4814,TELECOM,sole_proprietor,JPR,Rajasthan,30-Nov-2023,,Active,"1,922.54",7914,4814,Sole Proprietor,Telecom,2023-11-30 00:00:00,0,0,,1,0,1922.54,0,0,7914,0,0,0,0,1
mch7917,Parsa-Madan,5411,groceries,SOLE_PROPRIETOR,Pune,Maharashtra,2023-04-02 01:07:51,XXXX8810,Inactive,-1524.64,MCH7917,5411,Sole Proprietor,Grocery,2023-04-02 01:07:51,0,0,XXXX8810,0,1,-1524.64,0,1,7917,0,0,0,0,1
MCH7918,Purohit LLC,5942,BOOKS_STATIONERY,private_limited,Calcutta,West Bengal,2024/09/06,XXXX2495,ACTIVE,"Rs. 1,204",MCH7918,5942,Private Limited,Books & Stationery,2024-09-06 00:00:00,0,0,XXXX2495,0,1,1204.0,0,0,7918,0,0,0,0,1
MCH-7919,MAJUMDAR-CHANDRAN,4131,Transportation,partnership,jaipur,Rajasthan,09/12/2025 01:54 AM,ZYZN0297509951145,A,"4,626.02",MCH7919,4131,Partnership,Transportation,2025-12-09 01:54:00,0,0,ZYZN0297509951145,0,0,4626.02,0,0,7919,1,1,1,3,4
mch7922,Dara LLC,,FOOD_SERVICES,Partnership,Bombay,Maharashtra,13-May-2024,4216494567,Enabled,1260.96,MCH7922,,Partnership,Unknown,2024-05-13 00:00:00,0,0,4216494567,0,0,1260.96,0,0,7922,0,0,0,0,1
mch7925,"Bedi, Shroff and Nadkarni",4131,Bus/Taxi,Sole Proprietor,Lucknow,Uttar Pradesh,07/07/2023,BECU4208184850705,Enabled,"₹2,480.62",MCH7925,4131,Sole Proprietor,Transportation,2023-07-07 00:00:00,0,0,BECU4208184850705,0,0,2480.62,0,0,7925,1,0,1,2,2
7930,"  Bhatt, Ganguly and Dhingra  ",5311,Department Stores,sole_proprietor,Dilli,Delhi,16/12/2025,,Blocked,"₹1,892.15",7930,5311,Sole Proprietor,Department Stores,2025-12-16 00:00:00,0,0,,1,0,1892.15,0,0,7930,1,1,1,3,2
MCH7932,SETHI LTD,4814.0,telecom,Private Limited,Bengaluru,Karnataka,20/04/2025 10:28 PM,AUYT1495828220876,Active,4410.18,MCH7932,4814,Private Limited,Telecom,2025-04-20 22:28:00,0,0,AUYT1495828220876,0,0,4410.18,0,0,7932,1,1,0,2,3
MCH7933,BaradInc,5812,Food,individual,ASR,Punjab,26/07/2025,,INACTIVE,"Rs. 1,177",MCH7933,5812,Individual,Food & Restaurants,2025-07-26 00:00:00,0,0,,1,0,1177.0,0,0,7933,0,0,0,0,1
MCH-7934,Srinivasan-Maharaj,5812,Restaurants,partnership,Chennai,Tamil Nadu,02-23-2023,,INACTIVE,1154.88,MCH7934,5812,Partnership,Food & Restaurants,2023-02-23 00:00:00,0,0,,1,0,1154.88,0,0,7934,0,0,0,0,1
MCH7938,CHANDER LTD,,phone service,SOLE_PROPRIETOR,Bangalore,Karnataka,22/09/2023,,ACTIVE,-639.19,MCH7938,,Sole Proprietor,Unknown,2023-09-22 00:00:00,0,0,,1,0,-639.19,0,1,7938,0,0,0,0,1
MCH7939,Mand LLC,5812,FOOD_SERVICES,PRIVATE_LIMITED,Bengaluru,Karnataka,2025/01/23,,Enabled,2096.4,MCH7939,5812,Private Limited,Food & Restaurants,2025-01-23 00:00:00,0,0,,1,0,2096.4,0,0,7939,0,0,0,0,1
MCH7942,Parmar-Oza,5912,MEDICAL_STORE,SOLE_PROPRIETOR,Hyderabad,Telangana,2024-08-10 06:25:22,,ACTIVE,"₹1,133.78",MCH7942,5912,Sole Proprietor,Pharmacy & Medical,2024-08-10 06:25:22,0,0,,1,0,1133.78,0,0,7942,0,0,0,0,1
MCH7943,Chaudhary-Rana,5912.0,Pharmacies,individual,Calcutta,West Bengal,27/12/2024,IEWV4741965388466,Live,"3,927.63",MCH7943,5912,Individual,Pharmacy & Medical,2024-12-27 00:00:00,0,0,IEWV4741965388466,0,0,3927.63,0,0,7943,0,0,0,0,1
mch7944,Bassi-Dyal,4131,Bus/Taxi,sole_proprietor,Kolkata,West Bengal,04-Nov-2025,YDDT9877099170196,Active,"₹1,227.24",MCH7944,4131,Sole Proprietor,Transportation,2025-11-04 00:00:00,0,0,YDDT9877099170196,0,0,1227.24,0,0,7944,0,0,0,0,1
MCH-7945,"Barad, Wagle and Raju",5912,chemist,INDIVIDUAL,Ludhiana,Punjab,24/01/2023,EHNZ2779616653327,A,268.67,MCH7945,5912,Individual,Pharmacy & Medical,2023-01-24 00:00:00,0,0,EHNZ2779616653327,0,0,268.67,0,0,7945,0,0,0,0,1
MCH7947,Padmanabhan-Kale,4814,Telecom,PRIVATE_LIMITED,Mumbay,Maharashtra,08/09/2023,,ACTIVE,"INR 3,921.35",MCH7947,4814,Private Limited,Telecom,2023-09-08 00:00:00,0,0,,1,0,3921.35,0,0,7947,0,0,0,0,1
MCH7948,  Sachdeva-Buch  ,5311,Department Stores,PARTNERSHIP,Mumbai,Maharashtra,03-Jul-2025,XXXX0532,Enabled,656.76,MCH7948,5311,Partnership,Department Stores,2025-07-03 00:00:00,0,0,XXXX0532,0,1,656.76,0,0,7948,0,0,0,0,1
MCH7949,Vohra-Chaudhary,4131,Transportation,PRIVATE_LIMITED,Mumbai,Maharashtra,2023/10/14,,Enabled,265.37,MCH7949,4131,Private Limited,Transportation,2023-10-14 00:00:00,0,0,,1,0,265.37,0,0,7949,0,0,0,0,1
MCH7950,Om-Andra,MCC-5411,groceries,individual,ludhiana,Punjab,,,Enabled,3471.68,MCH7950,5411,Individual,Grocery,,1,0,,1,0,3471.68,0,0,7950,0,0,0,0,1
MCH7951,Peri Group,7011,HOTEL_LODGING,sole_proprietor,Jaipur,Rajasthan,02-21-2024,,A,-981.55,MCH7951,7011,Sole Proprietor,Hotels & Hospitality,2024-02-21 00:00:00,0,0,,1,0,-981.55,0,1,7951,0,0,0,0,1
MCH7953,Deep Group,5411,Grocery Stores,SOLE_PROPRIETOR,mumbai,Maharashtra,07-Aug-2025,4208218333,Active,1668.75,MCH7953,5411,Sole Proprietor,Grocery,2025-08-07 00:00:00,0,0,4208218333,0,0,1668.75,0,0,7953,0,0,0,0,1
MCH7954,Sur Inc,7011,Hotels,Private Limited,Hyderabad,Telangana,04/01/2025 10:07 PM,,A,"INR 2,803.00",MCH7954,7011,Private Limited,Hotels & Hospitality,2025-01-04 22:07:00,0,0,,1,0,2803.0,0,0,7954,0,0,0,0,1
MCH7955,Sura Gr0up,5812,Food,individual,Amritsar,Punjab,,FIJI5501070753851,A,833.11,MCH7955,5812,Individual,Food & Restaurants,,1,0,FIJI5501070753851,0,0,833.11,0,0,7955,1,1,1,3,2
MCH7957,Keer-Khalsa,,Retail,SOLE-PROPRIETOR,amritsar,Punjab,21/11/2025,,Enabled,1690.94,MCH7957,,Sole Proprietor,Unknown,2025-11-21 00:00:00,0,0,,1,0,1690.94,0,0,7957,1,1,1,3,2
MCH7960,Comar-Ramesh,5411,Grocery,sole_proprietor,Amritsar,Punjab,01/05/2023,XXXX2411,A,,MCH7960,5411,Sole Proprietor,Grocery,2023-05-01 00:00:00,0,0,XXXX2411,0,1,,1,0,7960,0,0,0,0,1
MCH7965,  Magar-Kant  ,5311,Department Stores,SOLE_PROPRIETOR,Pune,Maharashtra,13-May-2024,XXXX3832,Active,567.32,MCH7965,5311,Sole Proprietor,Department Stores,2024-05-13 00:00:00,0,0,XXXX3832,0,1,567.32,0,0,7965,0,0,0,0,1
MCH-7967,Datta LLC,4814,Mobile Recharge,INDIVIDUAL,Amritsar,Punjab,04/09/2025,,ACTIVE,,MCH7967,4814,Individual,Telecom,2025-09-04 00:00:00,0,0,,1,0,,1,0,7967,1,0,1,2,2
MCH7969,"Karan,BalandKhurana",4131,TRAVEL,INDIVIDUAL,Lucknow,Uttar Pradesh,2025/04/16,,Active,₹836.32,MCH7969,4131,Individual,Transportation,2025-04-16 00:00:00,0,0,,1,0,836.32,0,0,7969,0,0,0,0,1
MCH7972,Lata Inc,5411,Grocery Stores,Partnership,Bangalore,Karnataka,2024/12/16,6873256015,Active,-401.1,MCH7972,5411,Partnership,Grocery,2024-12-16 00:00:00,0,0,6873256015,0,0,-401.1,0,1,7972,0,0,0,0,1
mch7973,"Dhar, Som and Mane",07011,Hospitality,sole_proprietor,Calcutta,West Bengal,1673956648,GEUZ7160822941996,ACTIVE,"1,422.91",MCH7973,7011,Sole Proprietor,Hotels & Hospitality,2023-01-17 11:57:28,0,0,GEUZ7160822941996,0,0,1422.91,0,0,7973,0,0,0,0,1
MCH7974,"Verma, Koshy and Bhardwaj",5411,GROCERY_STORE,individual,Jaipur,Rajasthan,04-Oct-2023,7985944544,Enabled,460.5,MCH7974,5411,Individual,Grocery,2023-10-04 00:00:00,0,0,7985944544,0,0,460.5,0,0,7974,1,0,1,2,2
MCH 7977,"Kohli, Vaidya and Nagar",MCC-7011,HOTEL_LODGING,Sole Proprietor,chennai,Tamil Nadu,23/07/2025,PYMW1543762535071,Active,"Rs. 4,790",MCH7977,7011,Sole Proprietor,Hotels & Hospitality,2025-07-23 00:00:00,0,0,PYMW1543762535071,0,0,4790.0,0,0,7977,0,0,0,0,1
MCH7978,K0rpa1-Bassi,4814,Telecom,PRIVATE-LIMITED,jalandhar,Punjab,2025-10-26 14:25:48,,Live,"4,486.97",MCH7978,4814,Private Limited,Telecom,2025-10-26 14:25:48,0,0,,1,0,4486.97,0,0,7978,1,1,1,3,2
MCH7981,"  Singhal, Manne and Ray  ",MCC-5699,CLOTHS,Private Limited,jalandhar,Punjab,02-Nov-2023,IOCQ7344534204502,Active,234.87,MCH7981,5699,Private Limited,Clothing,2023-11-02 00:00:00,0,0,IOCQ7344534204502,0,0,234.87,0,0,7981,0,0,0,0,1
MCH 7982,De0 Ltd,5311,DEPT_STORE,PARTNERSHIP,LDH,Punjab,1673671702,KDBH6204467913349,Enabled,Rs. 579,MCH7982,5311,Partnership,Department Stores,2023-01-14 04:48:22,0,0,KDBH6204467913349,0,0,579.0,0,0,7982,0,0,0,0,1
MCH7983,Karpe-Raval,5311.0,DEPT_STORE,INDIVIDUAL,lucknow,Uttar Pradesh,11-Jan-2024,XXXX7464,A,3843.3,MCH7983,5311,Individual,Department Stores,2024-01-11 00:00:00,0,0,XXXX7464,0,1,3843.3,0,0,7983,0,0,0,0,1
MCH7985,"Ba1ay, Mammen and Raman",05812,Restaurants,Partnership,LKO,Uttar Pradesh,16/12/2023 07:17 PM,,Active,"2,429.67",MCH7985,5812,Partnership,Food & Restaurants,2023-12-16 19:17:00,0,0,,1,0,2429.67,0,0,7985,0,0,0,0,1
MCH7986,Pathak Inc,,Retail Other,INDIVIDUAL,Chennai,Tamil Nadu,30/05/2024,,INACTIVE,"₹1,602.91",MCH7986,,Individual,Unknown,2024-05-30 00:00:00,0,0,,1,0,1602.91,0,0,7986,0,0,0,0,1
mch7987,Mangat-Sundaram,5912,Medical,individual,Chennai,Tamil Nadu,2023/02/25,XXXX1113,ACTIVE,-2275.51,MCH7987,5912,Individual,Pharmacy & Medical,2023-02-25 00:00:00,0,0,XXXX1113,0,1,-2275.51,0,1,7987,0,0,0,0,1
MCH 7991,Rastogi PLC,5942,Book Store,PARTNERSHIP,Mumbay,Maharashtra,,,Enabled,1076.7,MCH7991,5942,Partnership,Books & Stationery,,1,0,,1,0,1076.7,0,0,7991,0,0,0,0,1
MCH 7992,Goel Group,4814.0,Telecom,Individual,bengaluru,Karnataka,18-Oct-2023,UIMY5187810690637,A,INR 609.52,MCH7992,4814,Individual,Telecom,2023-10-18 00:00:00,0,0,UIMY5187810690637,0,0,609.52,0,0,7992,0,0,0,0,1
MCH7993,Garde Inc,4814,TELECOM,partnership,Kolkata,West Bengal,04-23-2023,4099690978,Live,"Rs. 1,024",MCH7993,4814,Partnership,Telecom,2023-04-23 00:00:00,0,0,4099690978,0,0,1024.0,0,0,7993,0,0,0,0,1
MCH-7996,Bhargava LLC,5912,Medical,PRIVATE-LIMITED,Amritsar,Punjab,18-Dec-2024,BYTJ9061277350740,Disabled,-830.56,MCH7996,5912,Private Limited,Pharmacy & Medical,2024-12-18 00:00:00,0,0,BYTJ9061277350740,0,0,-830.56,0,1,7996,0,0,0,0,1
MCH7997,"Rattan, Naik and Singh",5999,Miscellaneous,Individual,Poona,Maharashtra,1717167158,MFLT0388804537888,A,-397.79,MCH7997,5999,Individual,Other Retail,2024-05-31 14:52:38,0,0,MFLT0388804537888,0,0,-397.79,0,1,7997,0,0,0,0,1
MCH8003,  Tank Ltd  ,5311,DEPT_STORE,SOLE-PROPRIETOR,HYDERABAD,Telangana,12-14-2023,RVNR6882512785280,Live,614.4,MCH8003,5311,Sole Proprietor,Department Stores,2023-12-14 00:00:00,0,0,RVNR6882512785280,0,0,614.4,0,0,8003,0,0,0,0,1
MCH8004,hayre-agate,5999,Miscellaneous,INDIVIDUAL,ASR,Punjab,01/10/2025 08:15 PM,2751341092,Closed,934.62,MCH8004,5999,Individual,Other Retail,2025-10-01 20:15:00,0,0,2751341092,0,0,934.62,0,0,8004,0,0,0,0,1
MCH-8005,"  Kumar, Ahluwalia and Thaman  ",4131,Transportation,SOLE_PROPRIETOR,Bengaluru,Karnataka,30/06/2025,,Live,-6211.56,MCH8005,4131,Sole Proprietor,Transportation,2025-06-30 00:00:00,0,0,,1,0,-6211.56,0,1,8005,0,0,0,0,1
MCH8007,Chaudhari Inc,5699,garments,Sole Proprietor,Poona,Maharashtra,2025-11-26 16:25:31,KFYF9189766472754,ACTIVE,1165.41,MCH8007,5699,Sole Proprietor,Clothing,2025-11-26 16:25:31,0,0,KFYF9189766472754,0,0,1165.41,0,0,8007,1,0,1,2,2
MCH8013,Thakkar-Vohra,5942,Books,Sole Proprietor,Bengaluru,Karnataka,06/08/2024,8058369632,Live,,MCH8013,5942,Sole Proprietor,Books & Stationery,2024-08-06 00:00:00,0,0,8058369632,0,0,,1,0,8013,0,0,0,0,1
MCH8014,Mukherjee Inc,5912,Pharmacies,SOLE-PROPRIETOR,jaipur,Rajasthan,01-25-2026,,Active,702.0,MCH8014,5912,Sole Proprietor,Pharmacy & Medical,2026-01-25 00:00:00,0,0,,1,0,702.0,0,0,8014,0,0,0,0,1
mch8018,Lad PLC,5411.0,kirana,Private Limited,Kolkata,West Bengal,2025/03/27,XXXX3019,ACTIVE,655.70,MCH8018,5411,Private Limited,Grocery,2025-03-27 00:00:00,0,0,XXXX3019,0,1,655.7,0,0,8018,0,0,0,0,1
MCH8019,Chaudhry-Naidu,5942,Book Store,Private Limited,jaipur,Rajasthan,,,Live,₹888.78,MCH8019,5942,Private Limited,Books & Stationery,,1,0,,1,0,888.78,0,0,8019,0,0,0,0,1
MCH8023,CHAR-GALA,5699,garments,Individual,Chennai,Tamil Nadu,04-Apr-2024,PWFC1818550515264,Live,837.35,MCH8023,5699,Individual,Clothing,2024-04-04 00:00:00,0,0,PWFC1818550515264,0,0,837.35,0,0,8023,0,0,0,0,1
mch8024,Banik PLC,5411,Grocery Stores,INDIVIDUAL,Jalandhar,Punjab,2026-02-02 22:13:43,OAOZ8994715452448,Enabled,"1,100.96",MCH8024,5411,Individual,Grocery,2026-02-02 22:13:43,0,0,OAOZ8994715452448,0,0,1100.96,0,0,8024,1,1,1,3,3
mch8025,"Karnik, Hayer and Khalsa",4814,phone service,PARTNERSHIP,LKO,Uttar Pradesh,14/08/2023 02:32 PM,4642162943,Live,"INR 1,781.41",MCH8025,4814,Partnership,Telecom,2023-08-14 14:32:00,0,0,4642162943,0,0,1781.41,0,0,8025,0,0,0,0,1
MCH-8029,"Gokhale, Varughese and Dube",MCC-5311,Retail,sole_proprietor,Hyd,Telangana,21-Dec-2025,GRPS2021500015035,Live,Rs. 973,MCH8029,5311,Sole Proprietor,Department Stores,2025-12-21 00:00:00,0,0,GRPS2021500015035,0,0,973.0,0,0,8029,0,0,0,0,1
mch8031,CHOKSHI LTD,7011,Hotels,individual,Hyd,Telangana,26/07/2025,3288481391,Enabled,2110.06,MCH8031,7011,Individual,Hotels & Hospitality,2025-07-26 00:00:00,0,0,3288481391,0,0,2110.06,0,0,8031,0,0,0,0,1
8032,  Roy-Ramesh  ,MCC-5699,garments,partnership,Bombay,Maharashtra,2025/05/24,,Enabled,1773.07,8032,5699,Partnership,Clothing,2025-05-24 00:00:00,0,0,,1,0,1773.07,0,0,8032,0,0,0,0,1
MCH8033,Gole Group,5942.0,Book Store,private_limited,Jalandar,Punjab,22-May-2025,3271616033,Active,1372.74,MCH8033,5942,Private Limited,Books & Stationery,2025-05-22 00:00:00,0,0,3271616033,0,0,1372.74,0,0,8033,1,1,1,3,4
MCH8035,"Munshi, Mani and Taneja",5999,Retail Other,individual,Mumbay,Maharashtra,08-Feb-2025,5547624355,Live,,MCH8035,5999,Individual,Other Retail,2025-02-08 00:00:00,0,0,5547624355,0,0,,1,0,8035,0,0,0,0,1
MCH8036,"Sarma, Madan and Pandey",5912,MEDICAL_STORE,PARTNERSHIP,mumbai,Maharashtra,2025-07-12 21:56:39,,ACTIVE,2055.77,MCH8036,5912,Partnership,Pharmacy & Medical,2025-07-12 21:56:39,0,0,,1,0,2055.77,0,0,8036,0,0,0,0,1
MCH8037,Patla-Balakrishnan,4814,phone service,SOLE-PROPRIETOR,Pune,Maharashtra,19/09/2025 04:54 PM,4862107137,Live,₹327.35,MCH8037,4814,Sole Proprietor,Telecom,2025-09-19 16:54:00,0,0,4862107137,0,0,327.35,0,0,8037,1,1,1,3,3
MCH8038,"sane, bir and singhal",5311,Department Store,individual,amritsar,Punjab,,,I,1346.16,MCH8038,5311,Individual,Department Stores,,1,0,,1,0,1346.16,0,0,8038,1,1,1,3,2
MCH8039,"Kibe,BrahmbhattandJaggi",05699,CLOTHS,sole_proprietor,pune,Maharashtra,2024/10/28,,Live,"₹2,282.53",MCH8039,5699,Sole Proprietor,Clothing,2024-10-28 00:00:00,0,0,,1,0,2282.53,0,0,8039,0,0,0,0,1
MCH8043,Lalla Group,5311,Department Stores,PRIVATE-LIMITED,LDH,Punjab,07-31-2024,,ACTIVE,"Rs. 1,064",MCH8043,5311,Private Limited,Department Stores,2024-07-31 00:00:00,0,0,,1,0,1064.0,0,0,8043,0,0,0,0,1
MCH-8044,"Sant, Nadkarni and Rajan",,Department Store,Individual,BLR,Karnataka,13/10/2024 07:30 AM,,A,-794.78,MCH8044,,Individual,Unknown,2024-10-13 07:30:00,0,0,,1,0,-794.78,0,1,8044,0,0,0,0,1
MCH8046,Muni LLC,,Pharmacy,partnership,MUMBAI,Maharashtra,11-12-2024,GNMM4947998232253,ACTIVE,401.9,MCH8046,,Partnership,Unknown,2024-11-12 00:00:00,0,0,GNMM4947998232253,0,0,401.9,0,0,8046,0,0,0,0,1
MCH8048,"kaul, master and deo",4814,Mobile Recharge,INDIVIDUAL,Hyderabad,Telangana,15/02/2025,XXXX6691,Enabled,"2,683.93",MCH8048,4814,Individual,Telecom,2025-02-15 00:00:00,0,0,XXXX6691,0,1,2683.93,0,0,8048,0,0,0,0,1
MCH-8049,Balan-Shah,5699,garments,PRIVATE_LIMITED,LKO,Uttar Pradesh,04-09-2024,,ACTIVE,,MCH8049,5699,Private Limited,Clothing,2024-04-09 00:00:00,0,0,,1,0,,1,0,8049,0,0,0,0,1
8050,Bora-Oommen,MCC-5311,Department Store,individual,jalandhar,Punjab,1702704531,YBIM5056880883544,ACTIVE,₹587.46,8050,5311,Individual,Department Stores,2023-12-16 05:28:51,0,0,YBIM5056880883544,0,0,587.46,0,0,8050,0,0,0,0,1
MCH8051,"saxena, kamdar and kannan",MCC-5942,Book Store,partnership,New Delhi,Delhi,17/10/2024,,A,₹598.72,MCH8051,5942,Partnership,Books & Stationery,2024-10-17 00:00:00,0,0,,1,0,598.72,0,0,8051,0,0,0,0,1
mch8052,  Mangat-Ganesh  ,4131,Transport,sole_proprietor,Calcutta,West Bengal,2024-01-05 09:32:24,,A,₹527.34,MCH8052,4131,Sole Proprietor,Transportation,2024-01-05 09:32:24,0,0,,1,0,527.34,0,0,8052,0,0,0,0,1
mch8053,CHHABRA INC,04814,telecom,individual,Hyderabad,Telangana,2023-03-29 01:53:59,XXXX7777,Enabled,"INR 1,235.44",MCH8053,4814,Individual,Telecom,2023-03-29 01:53:59,0,0,XXXX7777,0,1,1235.44,0,0,8053,0,0,0,0,2
MCH8054,"Kant, Gara and Grewal",04131,Transportation,SOLE-PROPRIETOR,chennai,Tamil Nadu,12/12/2024,RGWT7200559316561,ACTIVE,,MCH8054,4131,Sole Proprietor,Transportation,2024-12-12 00:00:00,0,0,RGWT7200559316561,0,0,,1,0,8054,0,0,0,0,1
MCH8055,"Gade, Dani and Daya1",5812,Restaurant,Private Limited,BLR,Karnataka,1717346011,VCUQ2055885788947,I,"₹1,539.89",MCH8055,5812,Private Limited,Food & Restaurants,2024-06-02 16:33:31,0,0,VCUQ2055885788947,0,0,1539.89,0,0,8055,1,0,1,2,2
mch8056,"Pai, Doshi and Nath",4814,Telecom,Private Limited,lucknow,Uttar Pradesh,05-26-2024,YMRE9652845311736,ACTIVE,INR 581.34,MCH8056,4814,Private Limited,Telecom,2024-05-26 00:00:00,0,0,YMRE9652845311736,0,0,581.34,0,0,8056,0,0,0,0,1
MCH8057,Kalla Group,5912.0,MEDICAL_STORE,Sole Proprietor,Mumbai,Maharashtra,29-Aug-2025,,ACTIVE,437.01,MCH8057,5912,Sole Proprietor,Pharmacy & Medical,2025-08-29 00:00:00,0,0,,1,0,437.01,0,0,8057,0,0,0,0,1
MCH8058,"Tripathi, Bhagat and Kala",MCC-5999,Other,PRIVATE_LIMITED,HYDERABAD,Telangana,07-28-2024,,ACTIVE,259.88,MCH8058,5999,Private Limited,Other Retail,2024-07-28 00:00:00,0,0,,1,0,259.88,0,0,8058,1,1,1,3,3
MCH8059,Kapadia PLC,4814,TELECOM,SOLE_PROPRIETOR,Bombay,Maharashtra,2023/06/05,,INACTIVE,263.96,MCH8059,4814,Sole Proprietor,Telecom,2023-06-05 00:00:00,0,0,,1,0,263.96,0,0,8059,0,0,0,0,1
MCH8060,Nayar-Ahluwalia,5812,FOOD_SERVICES,private_limited,pune,Maharashtra,04/03/2025 08:55 PM,6259970343,I,"₹2,824.32",MCH8060,5812,Private Limited,Food & Restaurants,2025-03-04 20:55:00,0,0,6259970343,0,0,2824.32,0,0,8060,1,1,1,3,3
MCH8062,RANDHAWA-KATA,,Misc Retail,INDIVIDUAL,Bombay,Maharashtra,31-Mar-2024,,Active,"Rs. 1,473",MCH8062,,Individual,Unknown,2024-03-31 00:00:00,0,0,,1,0,1473.0,0,0,8062,0,0,0,0,1
MCH-8065,Gandhi-Shanker,4131,Bus/Taxi,INDIVIDUAL,lucknow,Uttar Pradesh,19/07/2024 12:29 PM,9755596598,Inactive,674.4,MCH8065,4131,Individual,Transportation,2024-07-19 12:29:00,0,0,9755596598,0,0,674.4,0,0,8065,0,1,1,2,2
MCH8066,Bandi-Zacharia,misc,TELECOM,INDIVIDUAL,pune,Maharashtra,,2423721940,Active,"10,687.04",MCH8066,,Individual,Unknown,,1,0,2423721940,0,0,10687.04,0,0,8066,1,1,1,3,2
MCH8068,Narula-Nadkarni,4131.0,transprt,PRIVATE-LIMITED,bengaluru,Karnataka,2025-06-08 09:19:38,ATPT6936183619498,Live,-452.45,MCH8068,4131,Private Limited,Transportation,2025-06-08 09:19:38,0,0,ATPT6936183619498,0,0,-452.45,0,1,8068,0,0,0,0,1
MCH8069,MEMON INC,,Hotel,Individual,amritsar,Punjab,09/09/2023 08:32 PM,XXXX8900,Active,557.54,MCH8069,,Individual,Unknown,2023-09-09 20:32:00,0,0,XXXX8900,0,1,557.54,0,0,8069,0,0,0,0,1
MCH8073,Prabhakar-B0ra,5942,Stationery,SOLE-PROPRIETOR,kolkata,West Bengal,1735251458,,Active,,MCH8073,5942,Sole Proprietor,Books & Stationery,2024-12-26 22:17:38,0,0,,1,0,,1,0,8073,1,1,1,3,2
MCH 8074,Prakash-Bera,4814,Telecom,INDIVIDUAL,Jalandhar,Punjab,04/12/2024,2437188894,A,439.79,MCH8074,4814,Individual,Telecom,2024-12-04 00:00:00,0,0,2437188894,0,0,439.79,0,0,8074,0,0,0,0,1
MCH-8076,Banerjee Group,4814,phone service,PRIVATE-LIMITED,Lucknow,Uttar Pradesh,08/06/2025,,ACTIVE,1709.68,MCH8076,4814,Private Limited,Telecom,2025-06-08 00:00:00,0,0,,1,0,1709.68,0,0,8076,1,1,1,3,3
MCH 8078,thaman-ganguly,5912,Pharmacy,sole_proprietor,Mumbai,Maharashtra,2023/07/12,7715038972,Active,"INR 1,158.31",MCH8078,5912,Sole Proprietor,Pharmacy & Medical,2023-07-12 00:00:00,0,0,7715038972,0,0,1158.31,0,0,8078,0,0,0,0,1
MCH8080,Brar PLC,4814,Telecom,Individual,pune,Maharashtra,02-02-2025,,Active,"Rs. 1,241",MCH8080,4814,Individual,Telecom,2025-02-02 00:00:00,0,0,,1,0,1241.0,0,0,8080,1,1,1,3,2
MCH8082,Contractor and Sons,7011,Hospitality,SOLE-PROPRIETOR,Amritsar,Punjab,20-Feb-2025,XXXX4733,A,4480.58,MCH8082,7011,Sole Proprietor,Hotels & Hospitality,2025-02-20 00:00:00,0,0,XXXX4733,0,1,4480.58,0,0,8082,0,0,0,0,1
MCH8085,VERMA-RAMACHANDRAN,5942,Stationery,INDIVIDUAL,pune,Maharashtra,10-22-2025,7310237630,ACTIVE,,MCH8085,5942,Individual,Books & Stationery,2025-10-22 00:00:00,0,0,7310237630,0,0,,1,0,8085,0,0,0,0,1
MCH 8086,  Kala LLC  ,,groceries,Partnership,jalandhar,Punjab,12-29-2024,XXXX1156,ACTIVE,1335.85,MCH8086,,Partnership,Unknown,2024-12-29 00:00:00,0,0,XXXX1156,0,1,1335.85,0,0,8086,1,0,1,2,2
MCH8091,"Kata, Mangat and Tiwari",5812,Restaurants,partnership,amritsar,Punjab,18/09/2023,XDJG1975759254930,Inactive,723.01,MCH8091,5812,Partnership,Food & Restaurants,2023-09-18 00:00:00,0,0,XDJG1975759254930,0,1,723.01,0,0,8091,0,1,1,2,2
MCH8093,"Seth, Bassi and Raman",7011,HOTEL_LODGING,PARTNERSHIP,Hyd,Telangana,15/05/2024,XXXX3618,Active,1629.96,MCH8093,7011,Partnership,Hotels & Hospitality,2024-05-15 00:00:00,0,0,XXXX3618,0,1,1629.96,0,0,8093,0,0,0,0,1
MCH8095,Saxena LLC,MCC-5699,CLOTHS,private_limited,JPR,Rajasthan,16-Aug-2024,7415423811,Active,₹304.22,MCH8095,5699,Private Limited,Clothing,2024-08-16 00:00:00,0,0,7415423811,0,0,304.22,0,0,8095,0,0,0,0,1
MCH8096,Srinivas-Verma,,Mobile Recharge,Partnership,Bombay,Maharashtra,,,Live,2241.14,MCH8096,,Partnership,Unknown,,1,0,,1,0,2241.14,0,0,8096,0,0,0,0,1
MCH8098,mittal-konda,MCC-5699,Clothing,PRIVATE_LIMITED,Kolkata,West Bengal,,,ACTIVE,925.94,MCH8098,5699,Private Limited,Clothing,,1,0,,1,0,925.94,0,0,8098,1,1,1,3,4
mch8101,"Jani, Varghese and Barman",,CLOTHS,sole_proprietor,delhi,Delhi,,ZAGS9531645948920,INACTIVE,₹734.89,MCH8101,,Sole Proprietor,Unknown,,1,0,ZAGS9531645948920,0,0,734.89,0,0,8101,0,0,0,0,1
MCH8104,CHACKO GROUP,7011,Hotel,PRIVATE-LIMITED,Bangalore,Karnataka,2024-01-02 09:22:31,4591497253,Active,,MCH8104,7011,Private Limited,Hotels & Hospitality,2024-01-02 09:22:31,0,0,4591497253,0,0,,1,0,8104,0,0,0,0,1
MCH8107,Ramachandran Ltd,MCC-5999,Retail Other,PARTNERSHIP,Jaipur,Rajasthan,,XXXX9786,Active,,MCH8107,5999,Partnership,Other Retail,,1,0,XXXX9786,0,1,,1,0,8107,0,0,0,0,1
mch8109,"Nadkarni, Sawhney and Singh",5912,chemist,PARTNERSHIP,delhi,Delhi,28/04/2024,0836014923,Active,"Rs. 5,729",MCH8109,5912,Partnership,Pharmacy & Medical,2024-04-28 00:00:00,0,0,0836014923,0,0,5729.0,0,0,8109,0,0,0,0,1
mch8110,Kamdar-Raval,MCC-5999,other,partnership,lucknow,Uttar Pradesh,13/07/2023,,Inactive,768.59,MCH8110,5999,Partnership,Other Retail,2023-07-13 00:00:00,0,0,,1,0,768.59,0,0,8110,0,0,0,0,2
MCH8114,"raman, sandal and bedi",4814,phone service,individual,jalandhar,Punjab,08-Feb-2024,LFZC4951241506007,Enabled,"₹1,612.23",MCH8114,4814,Individual,Telecom,2024-02-08 00:00:00,0,0,LFZC4951241506007,0,0,1612.23,0,0,8114,0,0,0,0,1
mch8119,SubramanianandSons,,Bus/Taxi,Sole Proprietor,amritsar,Punjab,14-Jun-2023,,Active,1285.93,MCH8119,,Sole Proprietor,Unknown,2023-06-14 00:00:00,0,0,,1,0,1285.93,0,0,8119,0,0,0,0,1
MCH8125,"Sane, Misra and Mitter",05912,MEDICAL_STORE,INDIVIDUAL,bengaluru,Karnataka,2025-10-29 14:28:47,,Live,"₹2,004.37",MCH8125,5912,Individual,Pharmacy & Medical,2025-10-29 14:28:47,0,0,,1,0,2004.37,0,0,8125,1,1,1,3,6
MCH8126,"SAXENA, MITRA AND CHADA",5912,chemist,INDIVIDUAL,Lucknow,Uttar Pradesh,2025/03/12,XXXX5937,Suspended,844.44,MCH8126,5912,Individual,Pharmacy & Medical,2025-03-12 00:00:00,0,0,XXXX5937,0,1,844.44,0,0,8126,1,0,1,2,2
MCH8129,"Devan, Ramesh and 0ak",5311,Department Stores,individual,kolkata,West Bengal,2025-03-22 13:11:16,XXXX5824,Enabled,"Rs. 2,940",MCH8129,5311,Individual,Department Stores,2025-03-22 13:11:16,0,0,XXXX5824,0,1,2940.0,0,0,8129,0,0,0,0,1
MCH8130,"Kale, Kumer and Chand",,DEPT_STORE,Partnership,Ludhiana,Punjab,1770264224,GYEV9276514828192,Active,₹419.61,MCH8130,,Partnership,Unknown,2026-02-05 04:03:44,0,0,GYEV9276514828192,0,0,419.61,0,0,8130,0,0,0,0,1
MCH8131,Sekhon-Agrawal,5999,Other,PRIVATE-LIMITED,kolkata,West Bengal,2023/05/15,,I,"INR 5,430.66",MCH8131,5999,Private Limited,Other Retail,2023-05-15 00:00:00,0,0,,1,0,5430.66,0,0,8131,0,0,0,0,1
mch8132,Sami-Balay,5699,garments,private_limited,bengaluru,Karnataka,2025-08-20 00:20:49,XXXX7576,A,"4,139.52",MCH8132,5699,Private Limited,Clothing,2025-08-20 00:20:49,0,0,XXXX7576,0,1,4139.52,0,0,8132,1,1,1,3,4
MCH8135,Bhakta PLC,5999,Miscellaneous,Private Limited,ASR,Punjab,09/04/2024,,A,Rs. 857,MCH8135,5999,Private Limited,Other Retail,2024-04-09 00:00:00,0,0,,1,0,857.0,0,0,8135,0,0,0,0,1
mch8136,Bora Inc,7011,Hotel,sole_proprietor,amritsar,Punjab,27-Oct-2025,XXXX8920,Disabled,Rs. 635,MCH8136,7011,Sole Proprietor,Hotels & Hospitality,2025-10-27 00:00:00,0,0,XXXX8920,0,1,635.0,0,0,8136,0,0,0,0,1
MCH8137,G0pa1-Mahajan,04131,TRAVEL,PARTNERSHIP,BLR,Karnataka,2024/01/30,XXXX2908,Enabled,₹561.10,MCH8137,4131,Partnership,Transportation,2024-01-30 00:00:00,0,0,XXXX2908,0,1,561.1,0,0,8137,1,1,1,3,2
MCH 8138,Chaudhuri-Varma,5311,Department Stores,INDIVIDUAL,Chennai,Tamil Nadu,12/05/2025,,A,"Rs. 1,502",MCH8138,5311,Individual,Department Stores,2025-05-12 00:00:00,0,0,,1,0,1502.0,0,0,8138,1,1,1,3,2
MCH-8139,"mani, kala and verma",5311,Department Stores,INDIVIDUAL,ASR,Punjab,02-07-2024,6294042962,Enabled,2137.68,MCH8139,5311,Individual,Department Stores,2024-02-07 00:00:00,0,0,6294042962,0,0,2137.68,0,0,8139,0,0,0,0,1
MCH8140,"  Chokshi, Johal and Sachdeva  ",5812.0,Food,sole_proprietor,Calcutta,West Bengal,1724530179,,A,1136.04,MCH8140,5812,Sole Proprietor,Food & Restaurants,2024-08-24 20:09:39,0,0,,1,0,1136.04,0,0,8140,0,0,0,0,1
mch8142,Mane and Sons,5912,MEDICAL_STORE,PRIVATE_LIMITED,Ludhiana,Punjab,08-25-2025,WMPI8979622395583,Enabled,"₹5,955.63",MCH8142,5912,Private Limited,Pharmacy & Medical,2025-08-25 00:00:00,0,0,WMPI8979622395583,0,0,5955.63,0,0,8142,0,0,0,0,1
MCH8145,Dhi110n LLC,7011,Hotel,Private Limited,Chennai,Tamil Nadu,10/12/2025,,ACTIVE,₹180.43,MCH8145,7011,Private Limited,Hotels & Hospitality,2025-12-10 00:00:00,0,0,,1,0,180.43,0,0,8145,0,0,0,0,1
MCH8146,Bath-Purohit,5942,Stationery,Sole Proprietor,delhi,Delhi,1745862046,XXXX1421,ACTIVE,"5,566.64",MCH8146,5942,Sole Proprietor,Books & Stationery,2025-04-28 17:40:46,0,0,XXXX1421,0,1,5566.64,0,0,8146,0,0,0,0,1
MCH-8148,Sehgal-Banik,4131.0,Transportation,SOLE-PROPRIETOR,Bengaluru,Karnataka,27-Jan-2024,,A,Rs. 406,MCH8148,4131,Sole Proprietor,Transportation,2024-01-27 00:00:00,0,0,,1,0,406.0,0,0,8148,0,0,0,0,1
MCH8149,"Chandran, Mander and Parmar",5812,FOOD_SERVICES,PARTNERSHIP,kolkata,West Bengal,,,Active,"Rs. 1,378",MCH8149,5812,Partnership,Food & Restaurants,,1,0,,1,0,1378.0,0,0,8149,0,0,0,0,1
MCH-8150,Hegde-Doctor,5912,Pharmacy,PARTNERSHIP,Poona,Maharashtra,11-02-2023,MNHK7085418913677,Live,"Rs. 1,430",MCH8150,5912,Partnership,Pharmacy & Medical,2023-11-02 00:00:00,0,0,MNHK7085418913677,0,0,1430.0,0,0,8150,0,0,0,0,1
MCH8151,Dalal PLC,5699,Apparel,INDIVIDUAL,Jalandar,Punjab,2024-08-01 20:15:56,WQMC9295186993346,Enabled,"Rs. 1,200",MCH8151,5699,Individual,Clothing,2024-08-01 20:15:56,0,0,WQMC9295186993346,0,0,1200.0,0,0,8151,1,1,0,2,2
MCH8152,chaudhari plc,5912.0,Pharmacy,SOLE-PROPRIETOR,Jalandhar,Punjab,24/07/2023 08:56 PM,,Active,"INR 1,648.01",MCH8152,5912,Sole Proprietor,Pharmacy & Medical,2023-07-24 20:56:00,0,0,,1,0,1648.01,0,0,8152,0,0,0,0,1
MCH8154,  Yohannan PLC  ,,Bus/Taxi,SOLE_PROPRIETOR,Jalandhar,Punjab,26/06/2023,,S,998.6,MCH8154,,Sole Proprietor,Unknown,2023-06-26 00:00:00,0,0,,1,0,998.6,0,0,8154,0,0,0,0,1
MCH8157,"mahal, srinivas and vasa",,Pharmacy,Sole Proprietor,delhi,Delhi,1728465417,XFHS0358306861946,Disabled,"1,033.09",MCH8157,,Sole Proprietor,Unknown,2024-10-09 09:16:57,0,0,XFHS0358306861946,0,1,1033.09,0,0,8157,0,1,1,2,2
MCH-8159,Yogi Group,5699,Fashion,INDIVIDUAL,Kolkata,West Bengal,,,S,8386.41,MCH8159,5699,Individual,Clothing,,1,0,,1,0,8386.41,0,0,8159,1,1,1,3,3
MCH8160,Amble and Sons,5699.0,Apparel,individual,JPR,Rajasthan,2023/05/18,XXXX4907,A,"INR 5,769.95",MCH8160,5699,Individual,Clothing,2023-05-18 00:00:00,0,0,XXXX4907,0,1,5769.95,0,0,8160,0,0,0,0,1
MCH8163,"Sama, Pant and Tara",UNKNOWN,BOOKS_STATIONERY,PRIVATE_LIMITED,lucknow,Uttar Pradesh,13-Jun-2025,,ACTIVE,-1638.28,MCH8163,,Private Limited,Unknown,2025-06-13 00:00:00,0,0,,1,0,-1638.28,0,1,8163,0,0,0,0,1
MCH 8164,"Devan, Basu and Buch",MCC-5812,Food,private_limited,delhi,Delhi,2023/04/26,KRTZ4526793978232,ACTIVE,"₹3,036.35",MCH8164,5812,Private Limited,Food & Restaurants,2023-04-26 00:00:00,0,0,KRTZ4526793978232,0,0,3036.35,0,0,8164,0,0,0,0,1
8165,"Sandhu, Saran and Dhar",5999,Retail Other,Sole Proprietor,chennai,Tamil Nadu,2023/04/09,XXXX2851,INACTIVE,1269.15,8165,5999,Sole Proprietor,Other Retail,2023-04-09 00:00:00,0,0,XXXX2851,0,1,1269.15,0,0,8165,0,0,0,0,1
8169,"Kapur, Prashad and Srinivasan",5999,Miscellaneous,INDIVIDUAL,Jaipur,Rajasthan,11/03/2024,XXXX1277,ACTIVE,"Rs. 1,294",8169,5999,Individual,Other Retail,2024-03-11 00:00:00,0,0,XXXX1277,0,1,1294.0,0,0,8169,0,0,0,0,1
MCH8170,"Dyal, Chadha and Shenoy",4814,phone service,Partnership,Hyd,Telangana,2024/12/15,4344277649,ACTIVE,589.07,MCH8170,4814,Partnership,Telecom,2024-12-15 00:00:00,0,0,4344277649,0,0,589.07,0,0,8170,0,0,0,0,1
MCH8174,"banerjee, brahmbhatt and dave",7011,Hospitality,Individual,Jaipur,Rajasthan,2024/09/09,XXXX7104,Live,,MCH8174,7011,Individual,Hotels & Hospitality,2024-09-09 00:00:00,0,0,XXXX7104,0,1,,1,0,8174,1,1,1,3,2
MCH8176,Bala PLC,MCC-5311,DEPT_STORE,sole_proprietor,HYDERABAD,Telangana,,,Enabled,"Rs. 3,488",MCH8176,5311,Sole Proprietor,Department Stores,,1,0,,1,0,3488.0,0,0,8176,0,0,0,0,1
mch8177,Soman Inc,5812,Food,PRIVATE-LIMITED,Calcutta,West Bengal,04/03/2024 04:33 AM,XXXX3095,Live,"₹2,423.60",MCH8177,5812,Private Limited,Food & Restaurants,2024-03-04 04:33:00,0,0,XXXX3095,0,1,2423.6,0,0,8177,1,1,1,3,3
MCH8181,Mall-Chatterjee,4131,Transportation,INDIVIDUAL,Amritsar,Punjab,,6803575158,Active,-1624.73,MCH8181,4131,Individual,Transportation,,1,0,6803575158,0,0,-1624.73,0,1,8181,0,0,0,0,1
MCH8187,"Chada, Mammen and Lanka",04131,TRAVEL,sole_proprietor,LDH,Punjab,03-Jun-2025,3255945345,Enabled,Rs. 671,MCH8187,4131,Sole Proprietor,Transportation,2025-06-03 00:00:00,0,0,3255945345,0,0,671.0,0,0,8187,0,0,0,0,1
MCH8188,"ram, krish and pai",MCC-5999,Retail Other,PARTNERSHIP,LKO,Uttar Pradesh,16/02/2025,XXXX6724,I,INR 734.28,MCH8188,5999,Partnership,Other Retail,2025-02-16 00:00:00,0,0,XXXX6724,0,1,734.28,0,0,8188,0,0,0,0,1
mch8189,BAJAJ-SURA,4131,Bus/Taxi,Sole Proprietor,Delhi,Delhi,1675164649,,Enabled,1010.26,MCH8189,4131,Sole Proprietor,Transportation,2023-01-31 11:30:49,0,0,,1,0,1010.26,0,0,8189,0,0,0,0,1
MCH 8192,"oza, sant and loke",5411.0,Grocery Stores,PRIVATE-LIMITED,kolkata,West Bengal,11/05/2024 12:46 AM,XXXX6524,Closed,Rs. 408,MCH8192,5411,Private Limited,Grocery,2024-05-11 00:46:00,0,0,XXXX6524,0,1,408.0,0,0,8192,0,0,0,0,1
MCH8197,Virk-Venkataraman,5912,chemist,SOLE-PROPRIETOR,Kolkata,West Bengal,01-03-2024,,A,₹964.03,MCH8197,5912,Sole Proprietor,Pharmacy & Medical,2024-01-03 00:00:00,0,0,,1,0,964.03,0,0,8197,0,0,0,0,1
mch8198,Buch-Sengupta,5311,Department Stores,individual,Kolkata,West Bengal,2023/01/18,,Live,2004.67,MCH8198,5311,Individual,Department Stores,2023-01-18 00:00:00,0,0,,1,0,2004.67,0,0,8198,0,0,1,1,2
MCH8200,Rai-Bhargava,5942,Stationery,SOLE-PROPRIETOR,amritsar,Punjab,19-Jul-2023,,Live,-443.44,MCH8200,5942,Sole Proprietor,Books & Stationery,2023-07-19 00:00:00,0,0,,1,0,-443.44,0,1,8200,0,0,0,0,1
MCH8203,lad-suresh,,Other,PARTNERSHIP,Ludhiana,Punjab,16-Oct-2024,YJQR4818378164787,A,Rs. 937,MCH8203,,Partnership,Unknown,2024-10-16 00:00:00,0,0,YJQR4818378164787,0,0,937.0,0,0,8203,0,0,0,0,1
MCH8204,Bumb-Bansal,7011,Hotels,private_limited,Jalandhar,Punjab,2025-10-13 17:19:27,0190035504,Active,"INR 1,083.04",MCH8204,7011,Private Limited,Hotels & Hospitality,2025-10-13 17:19:27,0,0,0190035504,0,0,1083.04,0,0,8204,0,0,0,0,1
MCH8208,TAK-SHANKAR,7011,Hotel,Individual,mumbai,Maharashtra,2024-03-18 07:08:51,,Live,1309.39,MCH8208,7011,Individual,Hotels & Hospitality,2024-03-18 07:08:51,0,0,,1,0,1309.39,0,0,8208,0,0,0,0,1
MCH8209,"Cheema, Bansal and Comar",MCC-5699,Fashion,sole_proprietor,ludhiana,Punjab,12-27-2023,WBQV3675439647595,Live,"Rs. 6,788",MCH8209,5699,Sole Proprietor,Clothing,2023-12-27 00:00:00,0,0,WBQV3675439647595,0,0,6788.0,0,0,8209,1,1,1,3,2
MCH8210,Bains Group,5912,Medical,PARTNERSHIP,delhi,Delhi,2025/05/06,4433554214,Enabled,"Rs. 2,128",MCH8210,5912,Partnership,Pharmacy & Medical,2025-05-06 00:00:00,0,0,4433554214,0,0,2128.0,0,0,8210,1,1,1,3,3
MCH8211,parekh-atwal,5411.0,GROCERY_STORE,PRIVATE-LIMITED,jaipur,Rajasthan,05-22-2025,9728363988,A,,MCH8211,5411,Private Limited,Grocery,2025-05-22 00:00:00,0,0,9728363988,0,0,,1,0,8211,1,1,1,3,2
MCH8212,Taneja Ltd,05311,Department Store,Private Limited,Madras,Tamil Nadu,07-03-2023,,Closed,"₹2,159.07",MCH8212,5311,Private Limited,Department Stores,2023-07-03 00:00:00,0,0,,1,0,2159.07,0,0,8212,0,0,0,0,1
MCH8215,"Brar, Ramesh and Kaul",5411,Grocery Stores,PARTNERSHIP,Chennai,Tamil Nadu,23/05/2023,DOZI8655958280664,Closed,1544.34,MCH8215,5411,Partnership,Grocery,2023-05-23 00:00:00,0,0,DOZI8655958280664,0,0,1544.34,0,0,8215,0,0,0,0,1
MCH8219,Devi Group,MCC-4814,Mobile Recharge,INDIVIDUAL,ludhiana,Punjab,1672982217,,A,"Rs. 1,980",MCH8219,4814,Individual,Telecom,2023-01-06 05:16:57,0,0,,1,0,1980.0,0,0,8219,0,0,0,0,1
MCH 8220,sarkar plc,5411.0,kirana,Private Limited,Poona,Maharashtra,11-Jun-2024,,Active,142.34,MCH8220,5411,Private Limited,Grocery,2024-06-11 00:00:00,0,0,,1,0,142.34,0,0,8220,0,0,0,0,1
MCH8221,Kala-Bajaj,5942,book store,SOLE_PROPRIETOR,bengaluru,Karnataka,,5133526509,Inactive,1133.63,MCH8221,5942,Sole Proprietor,Books & Stationery,,1,0,5133526509,0,0,1133.63,0,0,8221,0,0,1,1,2
MCH 8225,Bedi-Date,misc,Other,PRIVATE-LIMITED,Poona,Maharashtra,28-Feb-2024,6820537783,A,"INR 2,289.30",MCH8225,,Private Limited,Unknown,2024-02-28 00:00:00,0,0,6820537783,0,0,2289.3,0,0,8225,0,0,0,0,1
MCH8226,Das-Subramanian,5999,Other,Partnership,Jaipur,Rajasthan,03-26-2024,6578658444,Live,789.74,MCH8226,5999,Partnership,Other Retail,2024-03-26 00:00:00,0,0,6578658444,0,0,789.74,0,0,8226,0,0,0,0,1
MCH-8233,Patel Ltd,5411,groceries,PARTNERSHIP,Jalandar,Punjab,28/12/2024 05:57 PM,,Live,"INR 1,942.94",MCH8233,5411,Partnership,Grocery,2024-12-28 17:57:00,0,0,,1,0,1942.94,0,0,8233,0,0,0,0,1
MCH8235,Konda-Pillai,5942,Stationery,PRIVATE_LIMITED,Madras,Tamil Nadu,29/08/2025 07:03 PM,XXXX2371,Live,-921.33,MCH8235,5942,Private Limited,Books & Stationery,2025-08-29 19:03:00,0,0,XXXX2371,0,1,-921.33,0,1,8235,0,0,0,0,1
MCH-8238,"Lala, Seth and Tak",5699,Clothing,PARTNERSHIP,JPR,Rajasthan,2024/07/22,XXXX3627,Live,952.06,MCH8238,5699,Partnership,Clothing,2024-07-22 00:00:00,0,0,XXXX3627,0,1,952.06,0,0,8238,0,0,0,0,1
MCH8239,"Brahmbhatt, 0ak and Dhar",5411,Grocery,partnership,Jaipur,Rajasthan,2025-05-19 21:53:30,,A,Rs. 266,MCH8239,5411,Partnership,Grocery,2025-05-19 21:53:30,0,0,,1,0,266.0,0,0,8239,0,0,0,0,1
MCH8240,Sur LLC,5912,Pharmacies,partnership,lucknow,Uttar Pradesh,2025/08/10,0641477724,Active,1777.69,MCH8240,5912,Partnership,Pharmacy & Medical,2025-08-10 00:00:00,0,0,0641477724,0,0,1777.69,0,0,8240,0,0,0,0,1
MCH8241,Bhasin and Sons,5999,Retail Other,private_limited,jaipur,Rajasthan,28/07/2025 07:43 AM,,ACTIVE,₹509.62,MCH8241,5999,Private Limited,Other Retail,2025-07-28 07:43:00,0,0,,1,0,509.62,0,0,8241,1,1,1,3,2
MCH-8242,Choudhary-Pall,07011,Hotel,PRIVATE_LIMITED,Ludhiana,Punjab,2023-06-27 07:50:14,XXXX7286,Live,₹607.04,MCH8242,7011,Private Limited,Hotels & Hospitality,2023-06-27 07:50:14,0,0,XXXX7286,0,1,607.04,0,0,8242,0,0,0,0,1
MCH8245,"Dhillon, Saran and Kalita",MCC-7011,HOTEL_LODGING,PARTNERSHIP,Ludhiana,Punjab,2025/09/06,,ACTIVE,"Rs. 2,778",MCH8245,7011,Partnership,Hotels & Hospitality,2025-09-06 00:00:00,0,0,,1,0,2778.0,0,0,8245,1,1,1,3,2
MCH8247,"Pandya, Muni and Hora",4814.0,phone service,Partnership,Lucknow,Uttar Pradesh,24/10/2024 08:45 AM,ODLV2829878275215,Enabled,"1,396.47",MCH8247,4814,Partnership,Telecom,2024-10-24 08:45:00,0,0,ODLV2829878275215,0,0,1396.47,0,0,8247,0,0,0,0,1
MCH8253,Dutt-Narain,5411,Grocery Stores,SOLE-PROPRIETOR,HYDERABAD,Telangana,15/04/2024 01:54 AM,XXXX4097,Active,1104.19,MCH8253,5411,Sole Proprietor,Grocery,2024-04-15 01:54:00,0,0,XXXX4097,0,1,1104.19,0,0,8253,0,0,0,0,1
mch8255,"Yadav, Goyal and Sem",5699,Fashion,individual,Jalandhar,Punjab,02-Nov-2023,3847429821,A,"₹2,733.83",MCH8255,5699,Individual,Clothing,2023-11-02 00:00:00,0,0,3847429821,0,0,2733.83,0,0,8255,1,1,1,3,2
MCH 8259,Lall Group,5942.0,Stationery,sole_proprietor,Jalandhar,Punjab,13/04/2023,,Enabled,2667.52,MCH8259,5942,Sole Proprietor,Books & Stationery,2023-04-13 00:00:00,0,0,,1,0,2667.52,0,0,8259,0,0,0,0,1
MCH8261,"Sridhar, Manda and Arora",MCC-5812,Food,SOLE_PROPRIETOR,jaipur,Rajasthan,02/12/2023 03:30 PM,,SUSPENDED,8032.44,MCH8261,5812,Sole Proprietor,Food & Restaurants,2023-12-02 15:30:00,0,0,,1,0,8032.44,0,0,8261,0,0,0,0,1
MCH8262,Sanghvi Ltd,5411.0,GROCERY_STORE,sole_proprietor,Bengaluru,Karnataka,2024/06/10,,A,"Rs. 4,676",MCH8262,5411,Sole Proprietor,Grocery,2024-06-10 00:00:00,0,0,,1,0,4676.0,0,0,8262,0,0,0,0,1
mch8263,"Gara, Kar and Raval",5699,CLOTHS,SOLE_PROPRIETOR,Madras,Tamil Nadu,2025-07-21 16:32:17,XLDI5037601996445,ACTIVE,1443.08,MCH8263,5699,Sole Proprietor,Clothing,2025-07-21 16:32:17,0,0,XLDI5037601996445,0,1,1443.08,0,0,8263,1,1,1,3,2
MCH8264,"Hayer, Pant and Suresh",4131,Bus/Taxi,Private Limited,JPR,Rajasthan,03/01/2025,WKHI8476650778332,ACTIVE,2906.17,MCH8264,4131,Private Limited,Transportation,2025-01-03 00:00:00,0,0,WKHI8476650778332,0,0,2906.17,0,0,8264,0,0,0,0,1
MCH8268,Krishnamurthy-Chopra,5942,Books,Private Limited,Madras,Tamil Nadu,13/09/2025,9959196450,ACTIVE,"INR 1,218.95",MCH8268,5942,Private Limited,Books & Stationery,2025-09-13 00:00:00,0,0,9959196450,0,0,1218.95,0,0,8268,0,0,0,0,1
MCH8271,Konda-Bawa,5699,CLOTHS,SOLE-PROPRIETOR,Madras,Tamil Nadu,1696467458,WSNV9244788716456,Enabled,"1,087.99",MCH8271,5699,Sole Proprietor,Clothing,2023-10-05 00:57:38,0,0,WSNV9244788716456,0,0,1087.99,0,0,8271,0,0,0,0,1
MCH8272,  Bava and Sons  ,,DEPT_STORE,sole_proprietor,Bangalore,Karnataka,08/08/2024 03:02 PM,1994793915,Enabled,-946.17,MCH8272,,Sole Proprietor,Unknown,2024-08-08 15:02:00,0,0,1994793915,0,0,-946.17,0,1,8272,1,1,1,3,2
MCH8276,"Kakar, Handa and Sachdeva",5812,eating place,Sole Proprietor,Mumbai,Maharashtra,09-23-2025,XXXX1898,ACTIVE,"2,410.37",MCH8276,5812,Sole Proprietor,Food & Restaurants,2025-09-23 00:00:00,0,0,XXXX1898,0,1,2410.37,0,0,8276,0,0,0,0,1
MCH8277,"Patil, Goyal and Sarin",5912,Pharmacies,INDIVIDUAL,ASR,Punjab,2025/07/04,XXXX6940,Disabled,1542.69,MCH8277,5912,Individual,Pharmacy & Medical,2025-07-04 00:00:00,0,0,XXXX6940,0,1,1542.69,0,0,8277,0,0,0,0,1
MCH-8279,Lala PLC,5411,Grocery,Sole Proprietor,chennai,Tamil Nadu,,,Active,₹416.00,MCH8279,5411,Sole Proprietor,Grocery,,1,0,,1,0,416.0,0,0,8279,0,0,0,0,1
MCH8281,Krishnan-Kuruvilla,7011,Hotels,individual,Madras,Tamil Nadu,2024-01-16 23:49:43,5487927446,ACTIVE,-1408.93,MCH8281,7011,Individual,Hotels & Hospitality,2024-01-16 23:49:43,0,0,5487927446,0,0,-1408.93,0,1,8281,1,1,1,3,3
8283,Nagar Group,4814,Mobile Recharge,partnership,Kolkata,West Bengal,2026-02-08 06:11:47,,Enabled,1032.5,8283,4814,Partnership,Telecom,2026-02-08 06:11:47,0,0,,1,0,1032.5,0,0,8283,1,1,1,3,2
mch8286,"Chadha, Chaudhari and Edwin",5912,MEDICAL_STORE,PRIVATE_LIMITED,HYDERABAD,Telangana,09-Aug-2023,XXXX2952,ACTIVE,"INR 1,828.46",MCH8286,5912,Private Limited,Pharmacy & Medical,2023-08-09 00:00:00,0,0,XXXX2952,0,1,1828.46,0,0,8286,0,0,0,0,1
8288,Kakar-Sood,5311,Department Store,PRIVATE-LIMITED,BLR,Karnataka,2024/05/04,1654192370,Active,"INR 1,556.66",8288,5311,Private Limited,Department Stores,2024-05-04 00:00:00,0,0,1654192370,0,0,1556.66,0,0,8288,0,0,0,0,1
mch8289,"Ch0udhury, Chakrabarti and Kha1sa",4131,Transport,SOLE-PROPRIETOR,Lucknow,Uttar Pradesh,06-10-2023,1750486763,Active,954.52,MCH8289,4131,Sole Proprietor,Transportation,2023-06-10 00:00:00,0,0,1750486763,0,0,954.52,0,0,8289,0,0,0,0,1
MCH-8291,walia inc,7011,HOTEL_LODGING,PRIVATE_LIMITED,Ludhiana,Punjab,04/01/2023 07:11 PM,,ACTIVE,1898.37,MCH8291,7011,Private Limited,Hotels & Hospitality,2023-01-04 19:11:00,0,0,,1,0,1898.37,0,0,8291,0,0,0,0,1
MCH8295,MAMMEN LLC,5999,Miscellaneous,PRIVATE_LIMITED,Chennai,Tamil Nadu,11-04-2024,XXXX0713,Live,1554.58,MCH8295,5999,Private Limited,Other Retail,2024-11-04 00:00:00,0,0,XXXX0713,0,1,1554.58,0,0,8295,0,0,0,0,1
MCH-8296,GARA INC,5411,groceries,PARTNERSHIP,Jalandhar,Punjab,1752684950,MFEL4687001236835,A,,MCH8296,5411,Partnership,Grocery,2025-07-16 16:55:50,0,0,MFEL4687001236835,0,0,,1,0,8296,1,0,1,2,2
MCH8297,NAYAR LTD,5912,Medical,Partnership,Calcutta,West Bengal,,5258052297,Closed,465.08,MCH8297,5912,Partnership,Pharmacy & Medical,,1,0,5258052297,0,0,465.08,0,0,8297,1,1,1,3,5
MCH8299,Garde PLC,5812,Food,PARTNERSHIP,jaipur,Rajasthan,2023/01/06,,Active,1496.13,MCH8299,5812,Partnership,Food & Restaurants,2023-01-06 00:00:00,0,0,,1,0,1496.13,0,0,8299,0,0,0,0,1
MCH8306,Magar-Gaba,4131,Transport,PRIVATE-LIMITED,Delhi,Delhi,2025/11/22,,Closed,840.15,MCH8306,4131,Private Limited,Transportation,2025-11-22 00:00:00,0,0,,1,0,840.15,0,0,8306,1,1,1,3,3
mch8308,Thakkar PLC,UNKNOWN,HOTEL_LODGING,SOLE-PROPRIETOR,mumbai,Maharashtra,06/06/2023 09:51 PM,LHVQ2811292052937,Enabled,"Rs. 1,612",MCH8308,,Sole Proprietor,Unknown,2023-06-06 21:51:00,0,0,LHVQ2811292052937,0,0,1612.0,0,0,8308,0,1,1,2,3
MCH8310,Chakraborty Ltd,4131,TRAVEL,INDIVIDUAL,New Delhi,Delhi,2026/01/02,5355342816,Enabled,"1,287.03",MCH8310,4131,Individual,Transportation,2026-01-02 00:00:00,0,0,5355342816,0,0,1287.03,0,0,8310,0,0,0,0,1
8312,"Ramanathan, Andra and Sarma",5912,Medical,partnership,LKO,Uttar Pradesh,20-Feb-2023,XXXX8360,Enabled,-1966.71,8312,5912,Partnership,Pharmacy & Medical,2023-02-20 00:00:00,0,0,XXXX8360,0,1,-1966.71,0,1,8312,0,0,0,0,1
MCH-8314,Chawla-Mander,MCC-4131,Transportation,partnership,Kolkata,West Bengal,07-Sep-2024,PBDO0323494203428,Active,93.33,MCH8314,4131,Partnership,Transportation,2024-09-07 00:00:00,0,0,PBDO0323494203428,0,0,93.33,0,0,8314,0,1,1,2,2
MCH8316,  Bakshi-Rout  ,5311,DEPT_STORE,private_limited,Dilli,Delhi,1731206436,,Active,Rs. 618,MCH8316,5311,Private Limited,Department Stores,2024-11-10 02:40:36,0,0,,1,0,618.0,0,0,8316,1,0,1,2,2
mch8324,Golla-Chaudhuri,7011,Hospitality,PRIVATE_LIMITED,jalandhar,Punjab,04/06/2025,,Enabled,,MCH8324,7011,Private Limited,Hotels & Hospitality,2025-06-04 00:00:00,0,0,,1,0,,1,0,8324,0,0,0,0,1
MCH8325,Sarin Inc,5999.0,Miscellaneous,INDIVIDUAL,Amritsar,Punjab,03-19-2025,1450425498,ACTIVE,"₹1,640.03",MCH8325,5999,Individual,Other Retail,2025-03-19 00:00:00,0,0,1450425498,0,0,1640.03,0,0,8325,1,1,1,3,2
MCH8326,"Bassi, Lalla and Sastry",5411,Grocery,INDIVIDUAL,Amritsar,Punjab,2025/12/30,XXXX1031,Enabled,"Rs. 1,031",MCH8326,5411,Individual,Grocery,2025-12-30 00:00:00,0,0,XXXX1031,0,1,1031.0,0,0,8326,0,0,0,0,1
MCH-8327,Men0n Ltd,,Miscellaneous,INDIVIDUAL,bengaluru,Karnataka,2023-06-18 18:05:34,,Disabled,"INR 1,670.04",MCH8327,,Individual,Unknown,2023-06-18 18:05:34,0,0,,1,0,1670.04,0,0,8327,0,0,0,0,1
MCH8328,Raman-Dass,,GROCERY_STORE,PARTNERSHIP,jalandhar,Punjab,29-Sep-2024,,Active,"2,484.83",MCH8328,,Partnership,Unknown,2024-09-29 00:00:00,0,0,,1,0,2484.83,0,0,8328,0,0,0,0,1
MCH8329,"Halder, Panchal and Pandit",,Retail Other,INDIVIDUAL,LKO,Uttar Pradesh,10/07/2025,XXXX8898,Active,Rs. 422,MCH8329,,Individual,Unknown,2025-07-10 00:00:00,0,0,XXXX8898,0,1,422.0,0,0,8329,0,0,0,0,1
MCH-8330,trivedi-shan,,Food,Partnership,Hyderabad,Telangana,05/11/2024 06:16 PM,2548494928,A,4115.86,MCH8330,,Partnership,Unknown,2024-11-05 18:16:00,0,0,2548494928,0,0,4115.86,0,0,8330,1,1,1,3,2
MCH8331,Yogi Inc,MCC-5999,Retail Other,Sole Proprietor,BLR,Karnataka,07-May-2025,,Inactive,"INR 1,372.86",MCH8331,5999,Sole Proprietor,Other Retail,2025-05-07 00:00:00,0,0,,1,0,1372.86,0,0,8331,0,0,0,0,1
MCH 8332,"Sethi, Buch and Sachdeva",7011.0,Hospitality,INDIVIDUAL,Hyderabad,Telangana,04-May-2025,,ACTIVE,"1,666.61",MCH8332,7011,Individual,Hotels & Hospitality,2025-05-04 00:00:00,0,0,,1,0,1666.61,0,0,8332,0,0,0,0,1
MCH8334,"Rai,BandiandJayaraman",,Transport,PARTNERSHIP,kolkata,West Bengal,2024-08-17 14:07:20,MJDT6229880746794,ACTIVE,"3,117.64",MCH8334,,Partnership,Unknown,2024-08-17 14:07:20,0,0,MJDT6229880746794,0,0,3117.64,0,0,8334,0,0,0,0,1
MCH8335,Bhatti-Keer,,Retail,Sole Proprietor,HYDERABAD,Telangana,06/03/2024,,Disabled,"INR 1,335.83",MCH8335,,Sole Proprietor,Unknown,2024-03-06 00:00:00,0,0,,1,0,1335.83,0,0,8335,0,0,0,0,1
MCH8337,padmanabhan-nanda,5999,Misc Retail,INDIVIDUAL,BLR,Karnataka,1724141641,OIGZ3615629643358,ACTIVE,₹694.67,MCH8337,5999,Individual,Other Retail,2024-08-20 08:14:01,0,0,OIGZ3615629643358,0,0,694.67,0,0,8337,0,1,1,2,2
MCH8338,Basu Ltd,5812,Food,PRIVATE-LIMITED,pune,Maharashtra,2025/06/21,XXXX2977,ACTIVE,279.50,MCH8338,5812,Private Limited,Food & Restaurants,2025-06-21 00:00:00,0,0,XXXX2977,0,1,279.5,0,0,8338,1,1,1,3,2
mch8341,TARA-BEN,MCC-5311,Retail,individual,Kolkata,West Bengal,26/06/2023,,ACTIVE,1137.47,MCH8341,5311,Individual,Department Stores,2023-06-26 00:00:00,0,0,,1,0,1137.47,0,0,8341,1,1,1,3,2
MCH8344,  Purohit-Ravi  ,5311.0,Department Store,private_limited,pune,Maharashtra,2023-09-04 21:29:50,,A,337.58,MCH8344,5311,Private Limited,Department Stores,2023-09-04 21:29:50,0,0,,1,0,337.58,0,0,8344,0,0,0,0,1
MCH8345,"Srinivas, Bali and Bhatt",7011,HOTEL_LODGING,sole_proprietor,jalandhar,Punjab,2023-02-08 02:01:40,,Inactive,1909.16,MCH8345,7011,Sole Proprietor,Hotels & Hospitality,2023-02-08 02:01:40,0,0,,1,0,1909.16,0,0,8345,0,0,0,0,1
8346,Sane-Ben,05999,Misc Retail,Private Limited,kolkata,West Bengal,2024/04/03,IXCA8152224460445,Active,"₹2,955.96",8346,5999,Private Limited,Other Retail,2024-04-03 00:00:00,0,0,IXCA8152224460445,0,1,2955.96,0,0,8346,1,1,1,3,2
MCH8352,Tailor and Sons,7011.0,Hotel,Sole Proprietor,LKO,Uttar Pradesh,06/11/2024,,Enabled,"₹1,393.59",MCH8352,7011,Sole Proprietor,Hotels & Hospitality,2024-11-06 00:00:00,0,0,,1,0,1393.59,0,0,8352,0,0,0,0,1
MCH8355,Chacko-D’Alia,5311,Department Stores,PRIVATE_LIMITED,Bangalore,Karnataka,08-14-2024,ZJXY9541779110030,Disabled,413.17,MCH8355,5311,Private Limited,Department Stores,2024-08-14 00:00:00,0,0,ZJXY9541779110030,0,1,413.17,0,0,8355,1,1,1,3,3
MCH8358,Sarna-Singh,5699,CLOTHS,SOLE-PROPRIETOR,ASR,Punjab,16/12/2025 07:12 PM,XXXX7799,SUSPENDED,"INR 1,645.07",MCH8358,5699,Sole Proprietor,Clothing,2025-12-16 19:12:00,0,0,XXXX7799,0,1,1645.07,0,0,8358,1,1,1,3,2
MCH8363,Salvi Group,7011,HOTEL_LODGING,Sole Proprietor,Lucknow,Uttar Pradesh,20-Nov-2024,,Active,833.32,MCH8363,7011,Sole Proprietor,Hotels & Hospitality,2024-11-20 00:00:00,0,0,,1,0,833.32,0,0,8363,0,0,0,0,1
MCH8364,KataPLC,5912,chemist,INDIVIDUAL,Bombay,Maharashtra,21/11/2023 12:44 PM,,A,753.31,MCH8364,5912,Individual,Pharmacy & Medical,2023-11-21 12:44:00,0,0,,1,0,753.31,0,0,8364,0,0,0,0,1
8365,Som-Dhar,5999,Misc Retail,individual,pune,Maharashtra,30/08/2025,,Live,269.48,8365,5999,Individual,Other Retail,2025-08-30 00:00:00,0,0,,1,0,269.48,0,0,8365,1,1,1,3,5
MCH8369,Samra-Radhakrishnan,5699,Apparel,SOLE-PROPRIETOR,Bengaluru,Karnataka,18/03/2024 01:50 PM,IECA0291676472161,ACTIVE,"2,175.82",MCH8369,5699,Sole Proprietor,Clothing,2024-03-18 13:50:00,0,0,IECA0291676472161,0,0,2175.82,0,0,8369,1,1,1,3,2
MCH8370,"ramaswamy, dugal and upadhyay",4131,transprt,Sole Proprietor,New Delhi,Delhi,,XXXX7519,Enabled,₹538.41,MCH8370,4131,Sole Proprietor,Transportation,,1,0,XXXX7519,0,1,538.41,0,0,8370,0,1,1,2,2
MCH8372,BanerjeeLtd,5912,Pharmacy,INDIVIDUAL,HYDERABAD,Telangana,2023/10/26,,Active,"Rs. 4,531",MCH8372,5912,Individual,Pharmacy & Medical,2023-10-26 00:00:00,0,0,,1,0,4531.0,0,0,8372,1,1,1,3,2
MCH 8374,"KOHLI, CHAKRABORTY AND WALI",5942,Books,SOLE_PROPRIETOR,lucknow,Uttar Pradesh,1739723463,,Enabled,₹838.62,MCH8374,5942,Sole Proprietor,Books & Stationery,2025-02-16 16:31:03,0,0,,1,0,838.62,0,0,8374,1,1,1,3,2
8377,"garde, varty and vyas",4131.0,Transport,INDIVIDUAL,MUMBAI,Maharashtra,2025-08-01 20:50:41,,ACTIVE,1200.23,8377,4131,Individual,Transportation,2025-08-01 20:50:41,0,0,,1,0,1200.23,0,0,8377,1,0,1,2,2
MCH8379,"B0rah, Kaur and Gera",5912,Pharmacy,INDIVIDUAL,Jaipur,Rajasthan,,,ACTIVE,351.15,MCH8379,5912,Individual,Pharmacy & Medical,,1,0,,1,0,351.15,0,0,8379,1,1,1,3,2
mch8380,Gola-Bal,4814.0,phone service,individual,HYDERABAD,Telangana,2025-10-14 05:29:06,XXXX2229,Active,-3345.73,MCH8380,4814,Individual,Telecom,2025-10-14 05:29:06,0,0,XXXX2229,0,1,-3345.73,0,1,8380,1,1,1,3,3
8384,"  Tella, Batra and Baral  ",5311,Department Stores,INDIVIDUAL,Jalandar,Punjab,08/04/2023,,Live,,8384,5311,Individual,Department Stores,2023-04-08 00:00:00,0,0,,1,0,,1,0,8384,0,0,0,0,1
MCH8385,Thaker-Hegde,5812,eating place,PARTNERSHIP,amritsar,Punjab,2024/05/14,,Live,"2,913.48",MCH8385,5812,Partnership,Food & Restaurants,2024-05-14 00:00:00,0,0,,1,0,2913.48,0,0,8385,0,0,0,0,1
MCH8389,Thaman Group,UNKNOWN,Restaurants,INDIVIDUAL,MUMBAI,Maharashtra,17/02/2024 04:36 PM,XXXX0828,Inactive,"1,716.78",MCH8389,,Individual,Unknown,2024-02-17 16:36:00,0,0,XXXX0828,0,1,1716.78,0,0,8389,0,0,0,0,1
MCH 8390,"Thakkar, Babu and Nagi",4131.0,transprt,Private Limited,Hyd,Telangana,03-25-2024,XXXX7354,A,"2,159.57",MCH8390,4131,Private Limited,Transportation,2024-03-25 00:00:00,0,0,XXXX7354,0,1,2159.57,0,0,8390,0,0,0,0,1
MCH8391,Talwar-Bhasin,misc,garments,individual,ludhiana,Punjab,21-Oct-2025,9793728885,Enabled,"Rs. 2,052",MCH8391,,Individual,Unknown,2025-10-21 00:00:00,0,0,9793728885,0,0,2052.0,0,0,8391,0,0,0,0,1
MCH8393,Salvi LLC,7011,Hotels,partnership,jalandhar,Punjab,18/10/2024,XXXX4953,Enabled,"INR 1,230.00",MCH8393,7011,Partnership,Hotels & Hospitality,2024-10-18 00:00:00,0,0,XXXX4953,0,1,1230.0,0,0,8393,0,0,0,0,1
mch8399,"La11a, Wadhwa and Bhardwaj",misc,Restaurants,Private Limited,kolkata,West Bengal,1757104225,XXXX6906,A,"1,773.81",MCH8399,,Private Limited,Unknown,2025-09-05 20:30:25,0,0,XXXX6906,0,1,1773.81,0,0,8399,0,0,0,0,1
8400,Banerjee Inc,5812,Restaurants,Sole Proprietor,Lucknow,Uttar Pradesh,,,Live,,8400,5812,Sole Proprietor,Food & Restaurants,,1,0,,1,0,,1,0,8400,0,0,0,0,1
MCH8401,  Pandey PLC  ,,hospitality,partnership,chennai,Tamil Nadu,09-09-2025,0328253862,Active,Rs. 625,MCH8401,,Partnership,Unknown,2025-09-09 00:00:00,0,0,0328253862,0,0,625.0,0,0,8401,0,0,1,1,2
MCH-8405,Roy Ltd,,garments,Private Limited,kolkata,West Bengal,1676325926,MAGL2579020752689,I,"INR 1,147.53",MCH8405,,Private Limited,Unknown,2023-02-13 22:05:26,0,0,MAGL2579020752689,0,0,1147.53,0,0,8405,0,0,0,0,1
MCH8407,Dey Group,4131,Transport,INDIVIDUAL,Lucknow,Uttar Pradesh,2024/07/10,,Live,2726.27,MCH8407,4131,Individual,Transportation,2024-07-10 00:00:00,0,0,,1,0,2726.27,0,0,8407,0,0,0,0,1
MCH8409,"Dua, Naidu and Agate",4131,TRAVEL,individual,Mumbay,Maharashtra,2024-09-05 14:57:07,,Enabled,"INR 1,474.83",MCH8409,4131,Individual,Transportation,2024-09-05 14:57:07,0,0,,1,0,1474.83,0,0,8409,0,0,0,0,1
MCH8410,Dugal and Sons,5942,Book Store,partnership,Bangalore,Karnataka,,RLEB2720083934064,Enabled,853.16,MCH8410,5942,Partnership,Books & Stationery,,1,0,RLEB2720083934064,0,0,853.16,0,0,8410,1,1,1,3,3
MCH-8411,Chopra Group,,eating place,Private Limited,Jalandar,Punjab,01/01/2023,,Inactive,1067.4,MCH8411,,Private Limited,Unknown,2023-01-01 00:00:00,0,0,,1,0,1067.4,0,0,8411,0,0,0,0,1
mch8412,Sachdeva-Mutti,5311,Department Store,private_limited,Bengaluru,Karnataka,01-Mar-2023,,Enabled,"₹2,327.41",MCH8412,5311,Private Limited,Department Stores,2023-03-01 00:00:00,0,0,,1,0,2327.41,0,0,8412,0,0,0,0,1
mch8413,"Mammen,ParmerandChandra",4814,Mobile Recharge,SOLE_PROPRIETOR,Bangalore,Karnataka,03-19-2024,,Enabled,-393.94,MCH8413,4814,Sole Proprietor,Telecom,2024-03-19 00:00:00,0,0,,1,0,-393.94,0,1,8413,0,0,0,0,1
MCH8416,"Bal, Kant and Gola",5411,kirana,PRIVATE_LIMITED,Chennai,Tamil Nadu,03-31-2025,XXXX9605,Active,5069.39,MCH8416,5411,Private Limited,Grocery,2025-03-31 00:00:00,0,0,XXXX9605,0,1,5069.39,0,0,8416,0,0,0,0,2
MCH8417,Bhalla-Batta,5311,Department Store,PARTNERSHIP,bengaluru,Karnataka,07/07/2025 04:05 PM,,Live,544.37,MCH8417,5311,Partnership,Department Stores,2025-07-07 16:05:00,0,0,,1,0,544.37,0,0,8417,0,0,0,0,1
MCH8418,Jaggi Inc,07011,HOTEL_LODGING,INDIVIDUAL,pune,Maharashtra,01/12/2023,5753448100,INACTIVE,-1654.02,MCH8418,7011,Individual,Hotels & Hospitality,2023-12-01 00:00:00,0,0,5753448100,0,0,-1654.02,0,1,8418,0,0,0,0,1
MCH 8419,Nigam Inc,4814,phone service,sole_proprietor,ASR,Punjab,10/01/2025 08:52 AM,WLCE4900884368712,Live,₹462.51,MCH8419,4814,Sole Proprietor,Telecom,2025-01-10 08:52:00,0,0,WLCE4900884368712,0,0,462.51,0,0,8419,0,0,0,0,1
MCH 8421,"KANNAN, NATH AND KALA",4131,transprt,private_limited,ASR,Punjab,31/01/2024,,Suspended,INR 612.51,MCH8421,4131,Private Limited,Transportation,2024-01-31 00:00:00,0,0,,1,0,612.51,0,0,8421,1,0,1,2,2
MCH8422,Kakar-Bera,5699.0,garments,Sole Proprietor,amritsar,Punjab,10-03-2025,XXXX1336,Live,661.76,MCH8422,5699,Sole Proprietor,Clothing,2025-10-03 00:00:00,0,0,XXXX1336,0,1,661.76,0,0,8422,0,0,0,0,1
mch8423,Balasubramanian and Sons,05411,GROCERY_STORE,PRIVATE-LIMITED,Bombay,Maharashtra,01-26-2025,5080169849,Enabled,1838.16,MCH8423,5411,Private Limited,Grocery,2025-01-26 00:00:00,0,0,5080169849,0,0,1838.16,0,0,8423,0,0,0,0,1
MCH8425,"Bhatnagar,ComarandHans",7011,Hotels,Individual,Jalandar,Punjab,12/06/2025,NAVX0262232106872,A,637.53,MCH8425,7011,Individual,Hotels & Hospitality,2025-06-12 00:00:00,0,0,NAVX0262232106872,0,1,637.53,0,0,8425,0,0,0,0,1
MCH8427,Lad-Vora,5942,Stationery,PRIVATE_LIMITED,jalandhar,Punjab,03-30-2025,YVUE5995024073682,Suspended,815.94,MCH8427,5942,Private Limited,Books & Stationery,2025-03-30 00:00:00,0,0,YVUE5995024073682,0,0,815.94,0,0,8427,1,1,1,3,4
MCH8428,"  Keer, Batra and Kapadia  ",7011,Hotel,PARTNERSHIP,Jalandar,Punjab,2024-08-19 14:22:51,,ACTIVE,"INR 2,475.47",MCH8428,7011,Partnership,Hotels & Hospitality,2024-08-19 14:22:51,0,0,,1,0,2475.47,0,0,8428,0,0,0,0,1
MCH8431,Bala Group,4131,Transportation,INDIVIDUAL,LDH,Punjab,02-May-2025,XXXX7030,Active,₹964.23,MCH8431,4131,Individual,Transportation,2025-05-02 00:00:00,0,0,XXXX7030,0,1,964.23,0,0,8431,1,1,1,3,3
MCH 8432,Lad Inc,5942,Book Store,PRIVATE_LIMITED,Dilli,Delhi,07-Oct-2024,FRLI9065794513387,Enabled,394.7,MCH8432,5942,Private Limited,Books & Stationery,2024-10-07 00:00:00,0,0,FRLI9065794513387,0,0,394.7,0,0,8432,0,0,0,0,1
mch8433,"Gill, Taneja and Bhardwaj",05411,Grocery,INDIVIDUAL,lucknow,Uttar Pradesh,12-May-2023,9035895384,S,5465.01,MCH8433,5411,Individual,Grocery,2023-05-12 00:00:00,0,0,9035895384,0,0,5465.01,0,0,8433,0,0,0,0,1
MCH8435,Bajwa-Sandhu,5699,garments,INDIVIDUAL,Jaipur,Rajasthan,2024/08/11,XRHA7493996842867,Enabled,-5825.04,MCH8435,5699,Individual,Clothing,2024-08-11 00:00:00,0,0,XRHA7493996842867,0,1,-5825.04,0,1,8435,0,0,0,0,1
MCH8436,"  Seshadri, Minhas and Subramanian  ",4814,Mobile Recharge,INDIVIDUAL,DELHI,Delhi,21/12/2025,XXXX8739,Enabled,1427.93,MCH8436,4814,Individual,Telecom,2025-12-21 00:00:00,0,0,XXXX8739,0,1,1427.93,0,0,8436,1,1,1,3,4
8437,  Sinha LLC  ,7011,HOTEL_LODGING,Sole Proprietor,Kolkata,West Bengal,1764837012,,Inactive,761.27,8437,7011,Sole Proprietor,Hotels & Hospitality,2025-12-04 08:30:12,0,0,,1,0,761.27,0,0,8437,1,1,1,3,2
MCH8439,Bala and Sons,5912,Pharmacies,INDIVIDUAL,jalandhar,Punjab,14/09/2024,,Live,"INR 1,591.75",MCH8439,5912,Individual,Pharmacy & Medical,2024-09-14 00:00:00,0,0,,1,0,1591.75,0,0,8439,0,0,0,0,1
8440,"Chacko, Natarajan and Menon",5999,Other,individual,Mumbai,Maharashtra,19/01/2025,,ACTIVE,₹775.41,8440,5999,Individual,Other Retail,2025-01-19 00:00:00,0,0,,1,0,775.41,0,0,8440,0,0,0,0,1
MCH8445,CHAND INC,5999,Miscellaneous,PARTNERSHIP,JPR,Rajasthan,27/12/2025 10:31 AM,,Enabled,"₹2,873.41",MCH8445,5999,Partnership,Other Retail,2025-12-27 10:31:00,0,0,,1,0,2873.41,0,0,8445,0,0,0,0,1
MCH8446,Kuruvi11a Gr0up,5999,Miscellaneous,sole_proprietor,Madras,Tamil Nadu,2025/07/07,,Active,INR 979.24,MCH8446,5999,Sole Proprietor,Other Retail,2025-07-07 00:00:00,0,0,,1,0,979.24,0,0,8446,1,1,1,3,2
MCH8448,"Roy, Parekh and Ratti",7011,HOTEL_LODGING,PRIVATE_LIMITED,Jaipur,Rajasthan,2024-07-25 22:15:50,,A,INR 364.74,MCH8448,7011,Private Limited,Hotels & Hospitality,2024-07-25 22:15:50,0,0,,1,0,364.74,0,0,8448,0,0,0,0,1
MCH 8449,Mani-Ramachandran,5912,Pharmacies,PARTNERSHIP,delhi,Delhi,2024-12-27 07:20:47,XXXX6183,Live,461.73,MCH8449,5912,Partnership,Pharmacy & Medical,2024-12-27 07:20:47,0,0,XXXX6183,0,1,461.73,0,0,8449,1,1,1,3,2
mch8450,narayanan llc,5912,Medical,SOLE-PROPRIETOR,LDH,Punjab,,XXXX4013,A,-1022.45,MCH8450,5912,Sole Proprietor,Pharmacy & Medical,,1,0,XXXX4013,0,1,-1022.45,0,1,8450,1,1,0,2,2
MCH8451,"KALA, PRADHAN AND HAYRE",5812,FOOD_SERVICES,PARTNERSHIP,Hyderabad,Telangana,06-14-2024,9996900448,Enabled,1874.56,MCH8451,5812,Partnership,Food & Restaurants,2024-06-14 00:00:00,0,0,9996900448,0,0,1874.56,0,0,8451,1,1,1,3,2
MCH8453,Manne LLC,5699,garments,PRIVATE-LIMITED,amritsar,Punjab,,,Live,Rs. 397,MCH8453,5699,Private Limited,Clothing,,1,0,,1,0,397.0,0,0,8453,1,1,1,3,2
MCH8455,Chauhan-Raju,5311,DEPT_STORE,private_limited,Poona,Maharashtra,03-29-2023,5585488676,Active,"₹1,832.78",MCH8455,5311,Private Limited,Department Stores,2023-03-29 00:00:00,0,0,5585488676,0,0,1832.78,0,0,8455,0,0,0,0,1
MCH8456,Srinivasan and Sons,5411,kirana,Individual,Jalandar,Punjab,04/03/2023 01:45 PM,XXXX9275,Live,"Rs. 3,454",MCH8456,5411,Individual,Grocery,2023-03-04 13:45:00,0,0,XXXX9275,0,1,3454.0,0,0,8456,0,0,0,0,1
MCH8460,Luthra PLC,misc,DEPT_STORE,PRIVATE-LIMITED,JPR,Rajasthan,1678477957,XXXX0930,ACTIVE,2927.81,MCH8460,,Private Limited,Unknown,2023-03-10 19:52:37,0,0,XXXX0930,0,1,2927.81,0,0,8460,0,0,0,0,1
MCH-8464,"Kapadia, Sarin and Bhargava",5411,Grocery,Sole Proprietor,Ludhiana,Punjab,2024-07-19 17:44:00,,Enabled,1536.1,MCH8464,5411,Sole Proprietor,Grocery,2024-07-19 17:44:00,0,0,,1,0,1536.1,0,0,8464,0,0,0,0,1
MCH8466,dani plc,5999,Retail Other,SOLE-PROPRIETOR,LKO,Uttar Pradesh,2024/11/20,0971517189,ACTIVE,"1,946.42",MCH8466,5999,Sole Proprietor,Other Retail,2024-11-20 00:00:00,0,0,0971517189,0,0,1946.42,0,0,8466,0,0,0,0,1
MCH8467,  Gara-Sarkar  ,5912,MEDICAL_STORE,INDIVIDUAL,Poona,Maharashtra,03/12/2025 05:00 PM,,Active,Rs. 826,MCH8467,5912,Individual,Pharmacy & Medical,2025-12-03 17:00:00,0,0,,1,0,826.0,0,0,8467,1,1,1,3,2
mch8470,Munshi-Reddy,,transprt,SOLE_PROPRIETOR,pune,Maharashtra,12-29-2025,,A,"Rs. 1,203",MCH8470,,Sole Proprietor,Unknown,2025-12-29 00:00:00,0,0,,1,0,1203.0,0,0,8470,1,1,1,3,2
MCH8472,Guha-Sandhu,4814.0,phone service,partnership,amritsar,Punjab,,,ACTIVE,"INR 1,828.57",MCH8472,4814,Partnership,Telecom,,1,0,,1,0,1828.57,0,0,8472,0,0,0,0,1
mch8473,"Tella, Dara and Krish",4814,phone service,private_limited,mumbai,Maharashtra,2025-06-21 06:51:14,,Enabled,320.84,MCH8473,4814,Private Limited,Telecom,2025-06-21 06:51:14,0,0,,1,0,320.84,0,0,8473,0,0,0,0,1
MCH8475,"Karpe, Iyer and Gole",5942,Stationery,PRIVATE-LIMITED,bengaluru,Karnataka,20/04/2025,,Active,2426.04,MCH8475,5942,Private Limited,Books & Stationery,2025-04-20 00:00:00,0,0,,1,0,2426.04,0,0,8475,0,0,0,0,1
MCH8480,Doshi-Sarin,MCC-4131,Transportation,INDIVIDUAL,pune,Maharashtra,2023/07/02,,Live,-1310.85,MCH8480,4131,Individual,Transportation,2023-07-02 00:00:00,0,0,,1,0,-1310.85,0,1,8480,0,0,0,0,1
MCH8481,"Dixit,GeraandGara",4131,Bus/Taxi,Sole Proprietor,JPR,Rajasthan,,COTV7157526007969,Live,"₹1,730.88",MCH8481,4131,Sole Proprietor,Transportation,,1,0,COTV7157526007969,0,0,1730.88,0,0,8481,0,0,0,0,1
MCH8484,"Grover, Swamy and Johal",5912,MEDICAL_STORE,PRIVATE_LIMITED,Kolkata,West Bengal,2023-08-17 22:00:16,,Suspended,"1,273.08",MCH8484,5912,Private Limited,Pharmacy & Medical,2023-08-17 22:00:16,0,0,,1,0,1273.08,0,0,8484,0,0,0,0,1
MCH8489,Mand and Sons,7011,Hotel,INDIVIDUAL,Poona,Maharashtra,24/08/2025,XXXX8251,Enabled,"₹2,744.11",MCH8489,7011,Individual,Hotels & Hospitality,2025-08-24 00:00:00,0,0,XXXX8251,0,1,2744.11,0,0,8489,1,1,1,3,2
MCH8490,SEKHON-CHADHA,05699,garments,SOLE_PROPRIETOR,Dilli,Delhi,06-28-2024,XXXX6195,Closed,-694.05,MCH8490,5699,Sole Proprietor,Clothing,2024-06-28 00:00:00,0,0,XXXX6195,0,1,-694.05,0,1,8490,0,0,0,0,1
MCH8492,Narayan Gr0up,4814,TELECOM,Individual,Calcutta,West Bengal,,XXXX3928,Disabled,,MCH8492,4814,Individual,Telecom,,1,0,XXXX3928,0,1,,1,0,8492,0,0,0,0,1
MCH8493,BUCH INC,5912,MEDICAL_STORE,INDIVIDUAL,Chennai,Tamil Nadu,2025-01-17 02:45:11,YMCT2319815382495,Live,2394.24,MCH8493,5912,Individual,Pharmacy & Medical,2025-01-17 02:45:11,0,0,YMCT2319815382495,0,0,2394.24,0,0,8493,0,0,0,0,1
MCH8496,Sandhu PLC,5942,Book Store,partnership,Hyderabad,Telangana,10/01/2025 07:16 PM,PCDO3725942171870,INACTIVE,,MCH8496,5942,Partnership,Books & Stationery,2025-01-10 19:16:00,0,0,PCDO3725942171870,0,0,,1,0,8496,0,0,0,0,1
MCH8497,"Pandey, Dutta and Thakkar",5812,eating place,PRIVATE_LIMITED,New Delhi,Delhi,18/09/2025 03:34 AM,0266895023,Enabled,802.0,MCH8497,5812,Private Limited,Food & Restaurants,2025-09-18 03:34:00,0,0,0266895023,0,0,802.0,0,0,8497,0,0,0,0,1
MCH8501,Koshy-Mukherjee,7011,Hotels,partnership,HYDERABAD,Telangana,21-Aug-2023,,Active,"3,180.80",MCH8501,7011,Partnership,Hotels & Hospitality,2023-08-21 00:00:00,0,0,,1,0,3180.8,0,0,8501,0,0,0,0,1
MCH8504,Kohli PLC,5411,groceries,sole_proprietor,Madras,Tamil Nadu,2025-05-05 19:30:15,5858195769,Live,977.26,MCH8504,5411,Sole Proprietor,Grocery,2025-05-05 19:30:15,0,0,5858195769,0,0,977.26,0,0,8504,1,1,1,3,2
MCH8505,Kamdar-Ghosh,5942,Book Store,private_limited,jaipur,Rajasthan,2023/08/02,XXXX4333,A,₹517.98,MCH8505,5942,Private Limited,Books & Stationery,2023-08-02 00:00:00,0,0,XXXX4333,0,1,517.98,0,0,8505,1,1,1,3,3
MCH8506,"HANDA, SAHNI AND SAWHNEY",4814,Telecom,PARTNERSHIP,HYDERABAD,Telangana,01-12-2026,,A,Rs. 339,MCH8506,4814,Partnership,Telecom,2026-01-12 00:00:00,0,0,,1,0,339.0,0,0,8506,0,0,0,0,1
MCH8508,"Iyengar,GillandTella",5999.0,Other,PRIVATE_LIMITED,chennai,Tamil Nadu,12/12/2023 06:59 AM,,Enabled,"1,985.47",MCH8508,5999,Private Limited,Other Retail,2023-12-12 06:59:00,0,0,,1,0,1985.47,0,0,8508,0,0,0,0,1
MCH-8509,merchant-kalita,5411,Grocery,private_limited,HYDERABAD,Telangana,2025/02/11,5703041030,A,₹329.11,MCH8509,5411,Private Limited,Grocery,2025-02-11 00:00:00,0,0,5703041030,0,0,329.11,0,0,8509,1,1,1,3,4
MCH8511,Bhattacharyya LLC,4131,TRAVEL,SOLE_PROPRIETOR,Kolkata,West Bengal,2025-09-13 17:14:01,5718101424,Live,1377.4,MCH8511,4131,Sole Proprietor,Transportation,2025-09-13 17:14:01,0,0,5718101424,0,0,1377.4,0,0,8511,1,1,1,3,2
MCH8512,Luthra-Bhasin,4131,Transportation,sole_proprietor,lucknow,Uttar Pradesh,22-Jul-2025,,ACTIVE,"2,579.73",MCH8512,4131,Sole Proprietor,Transportation,2025-07-22 00:00:00,0,0,,1,0,2579.73,0,0,8512,0,0,0,0,1
8517,"Bandi, Bir and Buch",5912,chemist,individual,Dilli,Delhi,2025/05/12,XXXX8958,Active,"INR 2,544.34",8517,5912,Individual,Pharmacy & Medical,2025-05-12 00:00:00,0,0,XXXX8958,0,1,2544.34,0,0,8517,0,0,0,0,1
MCH8518,Srivastava-Parsa,5699,Fashion,individual,Jaipur,Rajasthan,11-Sep-2024,,ACTIVE,₹191.84,MCH8518,5699,Individual,Clothing,2024-09-11 00:00:00,0,0,,1,0,191.84,0,0,8518,0,0,0,0,1
MCH-8521,"Sankaran, Mangat and Gaba",MCC-5311,Department Stores,SOLE_PROPRIETOR,Dilli,Delhi,24/11/2024,MNDO2443340838612,Live,"₹1,028.11",MCH8521,5311,Sole Proprietor,Department Stores,2024-11-24 00:00:00,0,0,MNDO2443340838612,0,0,1028.11,0,0,8521,1,0,1,2,2
MCH8525,Bah1-Mangat,7011,Hotels,Individual,MUMBAI,Maharashtra,2025-03-27 07:27:27,,Inactive,444.54,MCH8525,7011,Individual,Hotels & Hospitality,2025-03-27 07:27:27,0,0,,1,0,444.54,0,0,8525,0,0,0,0,1
MCH8527,  Tella-Mani  ,MCC-5912,Pharmacy,Partnership,LDH,Punjab,09/11/2025,,Live,,MCH8527,5912,Partnership,Pharmacy & Medical,2025-11-09 00:00:00,0,0,,1,0,,1,0,8527,1,1,1,3,2
MCH8529,Pradhan PLC,5942,Stationery,SOLE-PROPRIETOR,Dilli,Delhi,13/07/2025 03:13 AM,,Active,476.91,MCH8529,5942,Sole Proprietor,Books & Stationery,2025-07-13 03:13:00,0,0,,1,0,476.91,0,0,8529,1,1,1,3,2
MCH8530,Chopra-Khanna,5311,Department Stores,Partnership,Hyderabad,Telangana,,,Active,INR 442.28,MCH8530,5311,Partnership,Department Stores,,1,0,,1,0,442.28,0,0,8530,0,0,0,0,1
MCH 8536,"BASAK, SAMI AND CHAR",5311,Retail,private_limited,Mumbai,Maharashtra,,,Enabled,₹335.50,MCH8536,5311,Private Limited,Department Stores,,1,0,,1,0,335.5,0,0,8536,1,1,0,2,2
MCH8537,Sunder LLC,4131,travel,PRIVATE-LIMITED,chennai,Tamil Nadu,16-Sep-2025,FNGX1491502830694,Inactive,1072.34,MCH8537,4131,Private Limited,Transportation,2025-09-16 00:00:00,0,0,FNGX1491502830694,0,1,1072.34,0,0,8537,1,1,1,3,4
MCH8539,Arya-Char,5699,Apparel,sole_proprietor,Madras,Tamil Nadu,2025-10-07 09:25:50,XXXX4751,Enabled,3012.9,MCH8539,5699,Sole Proprietor,Clothing,2025-10-07 09:25:50,0,0,XXXX4751,0,1,3012.9,0,0,8539,0,0,0,0,1
MCH8540,Tiwari Ltd,5999,Other,Sole Proprietor,Jaipur,Rajasthan,27/06/2024 07:54 AM,,A,,MCH8540,5999,Sole Proprietor,Other Retail,2024-06-27 07:54:00,0,0,,1,0,,1,0,8540,0,0,0,0,1
MCH8545,Taneja and Sons,MCC-5411,kirana,private_limited,jaipur,Rajasthan,06-Jul-2025,,Enabled,"Rs. 1,926",MCH8545,5411,Private Limited,Grocery,2025-07-06 00:00:00,0,0,,1,0,1926.0,0,0,8545,0,0,0,0,1
MCH8546,jani plc,5311,Department Store,Partnership,Calcutta,West Bengal,09-21-2024,,A,"1,691.74",MCH8546,5311,Partnership,Department Stores,2024-09-21 00:00:00,0,0,,1,0,1691.74,0,0,8546,0,0,0,0,1
MCH8548,Karpe Ltd,5812,Food,partnership,New Delhi,Delhi,,,Enabled,Rs. 699,MCH8548,5812,Partnership,Food & Restaurants,,1,0,,1,0,699.0,0,0,8548,0,0,0,0,1
MCH8549,"Amb1e, Sangha and C0mar",4814,TELECOM,INDIVIDUAL,ludhiana,Punjab,12-Jan-2026,XXXX7799,Enabled,"INR 1,130.69",MCH8549,4814,Individual,Telecom,2026-01-12 00:00:00,0,0,XXXX7799,0,1,1130.69,0,0,8549,1,1,1,3,2
MCH8550,Nayar Ltd,,phone service,Partnership,Jalandar,Punjab,2024-01-09 17:54:25,CEPK3792011478067,Active,"1,649.78",MCH8550,,Partnership,Unknown,2024-01-09 17:54:25,0,0,CEPK3792011478067,0,0,1649.78,0,0,8550,0,0,0,0,1
MCH8551,  Sule-Ganesh  ,MCC-5699,Clothing,individual,Kolkata,West Bengal,15/03/2023 04:50 AM,ILTD6256269158206,Live,"INR 1,452.12",MCH8551,5699,Individual,Clothing,2023-03-15 04:50:00,0,0,ILTD6256269158206,0,0,1452.12,0,0,8551,0,0,0,0,1
8552,"Manne, Manda and Toor",4131,TRAVEL,SOLE_PROPRIETOR,pune,Maharashtra,19/08/2023,,Live,,8552,4131,Sole Proprietor,Transportation,2023-08-19 00:00:00,0,0,,1,0,,1,0,8552,0,0,0,0,1
MCH8553,Kumar and Sons,5411.0,Grocery Stores,Partnership,Jalandhar,Punjab,15/11/2025,,Live,1412.27,MCH8553,5411,Partnership,Grocery,2025-11-15 00:00:00,0,0,,1,0,1412.27,0,0,8553,1,1,1,3,2
MCH8554,MANGAT PLC,5999,Miscellaneous,SOLE_PROPRIETOR,mumbai,Maharashtra,2023/04/03,,INACTIVE,,MCH8554,5999,Sole Proprietor,Other Retail,2023-04-03 00:00:00,0,0,,1,0,,1,0,8554,0,0,0,0,1
MCH-8555,Gopal LLC,5942.0,Book Store,PRIVATE-LIMITED,Madras,Tamil Nadu,13-Jun-2025,3381139283,A,,MCH8555,5942,Private Limited,Books & Stationery,2025-06-13 00:00:00,0,0,3381139283,0,0,,1,0,8555,1,0,1,2,2
MCH8556,"Rout, Dhillon and Sinha",5942,Book Store,SOLE_PROPRIETOR,jaipur,Rajasthan,04/05/2023 05:49 PM,,Live,,MCH8556,5942,Sole Proprietor,Books & Stationery,2023-05-04 17:49:00,0,0,,1,0,,1,0,8556,0,0,0,0,1
MCH8558,Dutt-Tailor,5311,Retail,SOLE-PROPRIETOR,amritsar,Punjab,29-Dec-2024,,Enabled,₹857.14,MCH8558,5311,Sole Proprietor,Department Stores,2024-12-29 00:00:00,0,0,,1,0,857.14,0,0,8558,1,0,1,2,2
MCH 8559,"Gokhale, Dugal and Pradhan",5812,eating place,PRIVATE-LIMITED,pune,Maharashtra,09/07/2023,,S,"2,171.47",MCH8559,5812,Private Limited,Food & Restaurants,2023-07-09 00:00:00,0,0,,1,0,2171.47,0,0,8559,0,0,0,0,1
MCH8561,"Swaminathan, Sa1vi and Kant",05699,Clothing,Private Limited,Bombay,Maharashtra,04-19-2025,PNGX7339881598856,Enabled,4447.81,MCH8561,5699,Private Limited,Clothing,2025-04-19 00:00:00,0,0,PNGX7339881598856,0,1,4447.81,0,0,8561,1,1,1,3,2
8562,Radhakrishnan-Apte,05812,Food,PRIVATE-LIMITED,chennai,Tamil Nadu,04/12/2023 06:47 AM,,ACTIVE,"Rs. 1,647",8562,5812,Private Limited,Food & Restaurants,2023-12-04 06:47:00,0,0,,1,0,1647.0,0,0,8562,0,0,0,0,1
MCH8563,"Sen, Saxena and Chopra",5411,GROCERY_STORE,Sole Proprietor,Poona,Maharashtra,2025/12/18,XXXX7720,ACTIVE,1384.68,MCH8563,5411,Sole Proprietor,Grocery,2025-12-18 00:00:00,0,0,XXXX7720,0,1,1384.68,0,0,8563,1,1,1,3,2
MCH8565,"MAMMEN, MODI AND SANKAR",5812,Restaurants,sole_proprietor,JPR,Rajasthan,27/07/2024 09:42 PM,,Enabled,609.89,MCH8565,5812,Sole Proprietor,Food & Restaurants,2024-07-27 21:42:00,0,0,,1,0,609.89,0,0,8565,0,0,0,0,1
MCH8566,Magar-Kota,4131,transprt,PARTNERSHIP,ASR,Punjab,03/01/2026 12:47 PM,,Live,"1,353.18",MCH8566,4131,Partnership,Transportation,2026-01-03 12:47:00,0,0,,1,0,1353.18,0,0,8566,0,0,0,0,1
MCH 8568,Krishna-Agrawal,4814,Mobile Recharge,partnership,kolkata,West Bengal,25/10/2024 03:43 AM,7283032727,INACTIVE,₹412.10,MCH8568,4814,Partnership,Telecom,2024-10-25 03:43:00,0,0,7283032727,0,0,412.1,0,0,8568,0,0,0,0,1
MCH 8569,Tara Ltd,5812,Food,individual,Lucknow,Uttar Pradesh,2025-11-18 04:42:59,,Enabled,1022.19,MCH8569,5812,Individual,Food & Restaurants,2025-11-18 04:42:59,0,0,,1,0,1022.19,0,0,8569,0,0,0,0,1
MCH8570,  Reddy Ltd  ,5942,BOOKS_STATIONERY,PARTNERSHIP,HYDERABAD,Telangana,28/03/2023,4219980172,Active,528.1,MCH8570,5942,Partnership,Books & Stationery,2023-03-28 00:00:00,0,0,4219980172,0,0,528.1,0,0,8570,0,0,0,0,1
MCH8571,"Sahni, Arya and Guha",4131,Bus/Taxi,PRIVATE-LIMITED,kolkata,West Bengal,,XXXX6085,Active,1192.48,MCH8571,4131,Private Limited,Transportation,,1,0,XXXX6085,0,1,1192.48,0,0,8571,1,1,0,2,2
MCH 8572,"Sheth,SethandKulkarni",4814,phone service,Individual,Jaipur,Rajasthan,2026/01/15,AQKO8183766323405,Enabled,"Rs. 4,326",MCH8572,4814,Individual,Telecom,2026-01-15 00:00:00,0,0,AQKO8183766323405,0,0,4326.0,0,0,8572,0,0,0,0,1
MCH8574,vohra group,5912,MEDICAL_STORE,Individual,jaipur,Rajasthan,02-04-2026,NSHE9263060444640,Closed,-746.57,MCH8574,5912,Individual,Pharmacy & Medical,2026-02-04 00:00:00,0,0,NSHE9263060444640,0,0,-746.57,0,1,8574,0,0,0,0,1
MCH8575,"Doctor, Merchant and Bhatti",4814,Telecom,partnership,Calcutta,West Bengal,18-Apr-2024,,Enabled,"₹2,693.45",MCH8575,4814,Partnership,Telecom,2024-04-18 00:00:00,0,0,,1,0,2693.45,0,0,8575,0,0,0,0,1
MCH8578,Bhatt LLC,4131,transprt,SOLE-PROPRIETOR,Poona,Maharashtra,26/08/2023 11:42 PM,QYMF1422119480722,Inactive,"₹2,462.04",MCH8578,4131,Sole Proprietor,Transportation,2023-08-26 23:42:00,0,0,QYMF1422119480722,0,0,2462.04,0,0,8578,0,0,0,0,1
MCH8579,OM LLC,5311,Department Stores,SOLE-PROPRIETOR,BLR,Karnataka,05-10-2024,IKJV1180612753786,A,"₹3,034.67",MCH8579,5311,Sole Proprietor,Department Stores,2024-05-10 00:00:00,0,0,IKJV1180612753786,0,0,3034.67,0,0,8579,0,0,0,0,1
MCH8581,"Sundaram, Sekhon and Andra",7011,Hotel,partnership,Jalandar,Punjab,14/11/2024,,Active,INR 953.97,MCH8581,7011,Partnership,Hotels & Hospitality,2024-11-14 00:00:00,0,0,,1,0,953.97,0,0,8581,0,0,0,0,1
MCH8588,"Kala, Kant and Gola",,Bus/Taxi,INDIVIDUAL,chennai,Tamil Nadu,11-24-2025,5957904984,Active,,MCH8588,,Individual,Unknown,2025-11-24 00:00:00,0,0,5957904984,0,0,,1,0,8588,0,0,0,0,1
MCH8591,Dutta and Sons,MCC-5999,Misc Retail,Individual,Kolkata,West Bengal,2025/02/02,XXXX4892,Live,2731.17,MCH8591,5999,Individual,Other Retail,2025-02-02 00:00:00,0,0,XXXX4892,0,1,2731.17,0,0,8591,0,0,0,0,1
mch8592,ramaswamy plc,4814,Mobile Recharge,individual,Amritsar,Punjab,,,S,Rs. 661,MCH8592,4814,Individual,Telecom,,1,0,,1,0,661.0,0,0,8592,1,1,1,3,3
MCH8597,Hayre-Badami,5812,Food,PRIVATE_LIMITED,Amritsar,Punjab,26-May-2023,XXXX4723,Live,"INR 1,847.81",MCH8597,5812,Private Limited,Food & Restaurants,2023-05-26 00:00:00,0,0,XXXX4723,0,1,1847.81,0,0,8597,0,0,0,0,1
MCH8598,Chanda-Parekh,,Books,PARTNERSHIP,ludhiana,Punjab,,5300981765,A,1205.19,MCH8598,,Partnership,Unknown,,1,0,5300981765,0,0,1205.19,0,0,8598,1,1,1,3,2
MCH8600,"KALITA, BAINS AND GANDHI",05812,Restaurants,SOLE-PROPRIETOR,DELHI,Delhi,06-Jul-2024,RRYJ6587686551997,ACTIVE,Rs. 855,MCH8600,5812,Sole Proprietor,Food & Restaurants,2024-07-06 00:00:00,0,0,RRYJ6587686551997,0,0,855.0,0,0,8600,1,1,1,3,2
8601,CHAHAL-PAREKH,5812,Food,PRIVATE-LIMITED,ASR,Punjab,2025/02/20,SPNT7219401023773,A,-600.58,8601,5812,Private Limited,Food & Restaurants,2025-02-20 00:00:00,0,0,SPNT7219401023773,0,0,-600.58,0,1,8601,0,0,0,0,1
mch8602,Raghavan-Ah1uwa1ia,5411,groceries,Individual,Madras,Tamil Nadu,19-Jan-2023,,Live,-292.78,MCH8602,5411,Individual,Grocery,2023-01-19 00:00:00,0,0,,1,0,-292.78,0,1,8602,0,0,0,0,1
mch8603,mane ltd,5812,Restaurant,SOLE_PROPRIETOR,ludhiana,Punjab,2023-04-01 16:26:07,9861979521,ACTIVE,INR 258.46,MCH8603,5812,Sole Proprietor,Food & Restaurants,2023-04-01 16:26:07,0,0,9861979521,0,0,258.46,0,0,8603,0,0,1,1,2
MCH8606,Prabhakar Ltd,5942,Book Store,Partnership,Mumbay,Maharashtra,25/11/2024 10:32 PM,,Enabled,₹602.72,MCH8606,5942,Partnership,Books & Stationery,2024-11-25 22:32:00,0,0,,1,0,602.72,0,0,8606,0,0,0,0,1
MCH 8607,Sachdeva-Dutta,MCC-4814,Telecom,PARTNERSHIP,Jalandhar,Punjab,1771276466,HBCE1328673504211,ACTIVE,INR 699.07,MCH8607,4814,Partnership,Telecom,2026-02-16 21:14:26,0,0,HBCE1328673504211,0,0,699.07,0,0,8607,1,1,1,3,3
MCH8610,Pandey and Sons,MCC-5999,Retail Other,SOLE_PROPRIETOR,Bengaluru,Karnataka,,LZLP7648523257090,ACTIVE,"Rs. 1,014",MCH8610,5999,Sole Proprietor,Other Retail,,1,0,LZLP7648523257090,0,0,1014.0,0,0,8610,0,0,0,0,1
MCH-8612,KURIAN-GODA,5812,eating place,sole_proprietor,Bombay,Maharashtra,1689660697,XXXX5561,ACTIVE,1133.93,MCH8612,5812,Sole Proprietor,Food & Restaurants,2023-07-18 06:11:37,0,0,XXXX5561,0,1,1133.93,0,0,8612,0,0,0,0,1
MCH8613,Comar-Tata,5812,Restaurant,INDIVIDUAL,Lucknow,Uttar Pradesh,1693917088,,S,"₹2,485.09",MCH8613,5812,Individual,Food & Restaurants,2023-09-05 12:31:28,0,0,,1,0,2485.09,0,0,8613,0,0,0,0,1
MCH8614,Basu-Gola,4131,TRAVEL,PARTNERSHIP,Poona,Maharashtra,08/01/2026,XXXX7777,Live,1454.86,MCH8614,4131,Partnership,Transportation,2026-01-08 00:00:00,0,0,XXXX7777,0,1,1454.86,0,0,8614,1,1,1,3,2
MCH8615,devi-narasimhan,5942,Book Store,SOLE-PROPRIETOR,Calcutta,West Bengal,11-18-2024,8648906197,A,722.58,MCH8615,5942,Sole Proprietor,Books & Stationery,2024-11-18 00:00:00,0,0,8648906197,0,0,722.58,0,0,8615,1,1,1,3,3
MCH 8616,RATTI-JHA,05699,Apparel,sole_proprietor,Pune,Maharashtra,30-May-2025,,Active,,MCH8616,5699,Sole Proprietor,Clothing,2025-05-30 00:00:00,0,0,,1,0,,1,0,8616,0,0,0,0,1
MCH8619,Salvi-Nazareth,5411.0,grocery,SOLE_PROPRIETOR,New Delhi,Delhi,25-Jul-2024,,Live,₹860.21,MCH8619,5411,Sole Proprietor,Grocery,2024-07-25 00:00:00,0,0,,1,0,860.21,0,0,8619,0,0,0,0,2
MCH8622,choudhry-krishna,7011,HOTEL_LODGING,Partnership,Pune,Maharashtra,2025/03/18,,ACTIVE,196.86,MCH8622,7011,Partnership,Hotels & Hospitality,2025-03-18 00:00:00,0,0,,1,0,196.86,0,0,8622,0,0,0,0,1
MCH8624,Kannan-Mital,5912,Pharmacy,SOLE_PROPRIETOR,Pune,Maharashtra,20/05/2023,BFXZ1340418444371,A,1202.33,MCH8624,5912,Sole Proprietor,Pharmacy & Medical,2023-05-20 00:00:00,0,0,BFXZ1340418444371,0,1,1202.33,0,0,8624,0,0,0,0,1
MCH8628,Pai-Upadhyay,7011,HOTEL_LODGING,Sole Proprietor,ASR,Punjab,,,Live,"₹12,455.57",MCH8628,7011,Sole Proprietor,Hotels & Hospitality,,1,0,,1,0,12455.57,0,0,8628,1,1,1,3,2
MCH-8631,Chaudhari-Chhabra,5699,Clothing,Sole Proprietor,lucknow,Uttar Pradesh,2024/02/17,7902410971,ACTIVE,"INR 1,011.95",MCH8631,5699,Sole Proprietor,Clothing,2024-02-17 00:00:00,0,0,7902410971,0,0,1011.95,0,0,8631,0,0,0,0,1
MCH8632,"Koshy, Suri and Dey",5812,Restaurants,INDIVIDUAL,DELHI,Delhi,2025-11-14 10:58:44,BRHB3883781562442,Active,3705.21,MCH8632,5812,Individual,Food & Restaurants,2025-11-14 10:58:44,0,0,BRHB3883781562442,0,0,3705.21,0,0,8632,0,0,0,0,1
MCH8633,  Pillai-Lata  ,5912,Medical,INDIVIDUAL,amritsar,Punjab,2025/04/02,6437885672,A,1325.55,MCH8633,5912,Individual,Pharmacy & Medical,2025-04-02 00:00:00,0,0,6437885672,0,0,1325.55,0,0,8633,0,0,0,0,1
MCH8634,Palla-Brar,MCC-5912,Medical,PARTNERSHIP,Jalandar,Punjab,13-Jun-2023,FVKP3398609583042,Enabled,843.2,MCH8634,5912,Partnership,Pharmacy & Medical,2023-06-13 00:00:00,0,0,FVKP3398609583042,0,0,843.2,0,0,8634,0,0,0,0,1
MCH8636,GHOSH-DASH,05942,Stationery,PARTNERSHIP,ASR,Punjab,2023-09-06 09:12:03,8172688665,A,"INR 3,699.41",MCH8636,5942,Partnership,Books & Stationery,2023-09-06 09:12:03,0,0,8172688665,0,0,3699.41,0,0,8636,0,0,0,0,1
MCH8638,ramanathan-apte,05942,book store,PARTNERSHIP,chennai,Tamil Nadu,16/04/2025,XXXX4259,ACTIVE,INR 985.80,MCH8638,5942,Partnership,Books & Stationery,2025-04-16 00:00:00,0,0,XXXX4259,0,1,985.8,0,0,8638,0,0,0,0,2
MCH8639,Samra-Behl,7011,Hospitality,PRIVATE-LIMITED,bengaluru,Karnataka,30/06/2024 11:58 AM,,INACTIVE,2557.45,MCH8639,7011,Private Limited,Hotels & Hospitality,2024-06-30 11:58:00,0,0,,1,0,2557.45,0,0,8639,1,1,1,3,2
MCH8640,"vasa, nanda and bhat",5311,DEPT_STORE,sole_proprietor,pune,Maharashtra,03-05-2025,,A,347.11,MCH8640,5311,Sole Proprietor,Department Stores,2025-03-05 00:00:00,0,0,,1,0,347.11,0,0,8640,0,0,0,0,1
MCH8641,Rai and Sons,4131,TRAVEL,INDIVIDUAL,LDH,Punjab,10/01/2024,,Active,,MCH8641,4131,Individual,Transportation,2024-01-10 00:00:00,0,0,,1,0,,1,0,8641,0,0,0,0,1
MCH8643,"Kota, Aurora and Dugal",5699,CLOTHS,sole_proprietor,DELHI,Delhi,1713192075,GITM5447907663864,A,1011.23,MCH8643,5699,Sole Proprietor,Clothing,2024-04-15 14:41:15,0,0,GITM5447907663864,0,0,1011.23,0,0,8643,0,0,0,0,1
MCH8644,M0re-L0ke,4131,Transportation,individual,ludhiana,Punjab,20/07/2025,,ACTIVE,"1,294.91",MCH8644,4131,Individual,Transportation,2025-07-20 00:00:00,0,0,,1,0,1294.91,0,0,8644,0,0,0,0,1
MCH8645,"Desai, Agarwal and Handa",4814,Mobile Recharge,INDIVIDUAL,ludhiana,Punjab,2024/03/31,,Active,"1,177.09",MCH8645,4814,Individual,Telecom,2024-03-31 00:00:00,0,0,,1,0,1177.09,0,0,8645,0,0,0,0,1
MCH8648,"KUMER, PRADHAN AND PAI",5912,chemist,SOLE_PROPRIETOR,jalandhar,Punjab,17-Dec-2023,CPHP6408157927970,Active,"2,147.87",MCH8648,5912,Sole Proprietor,Pharmacy & Medical,2023-12-17 00:00:00,0,0,CPHP6408157927970,0,0,2147.87,0,0,8648,1,0,1,2,2
MCH8650,Konda Ltd,5999,Miscellaneous,SOLE_PROPRIETOR,Ludhiana,Punjab,27/05/2024,XXXX1884,Active,₹578.35,MCH8650,5999,Sole Proprietor,Other Retail,2024-05-27 00:00:00,0,0,XXXX1884,0,1,578.35,0,0,8650,0,0,0,0,1
MCH8654,Bal-Rastogi,5942.0,Books,INDIVIDUAL,Lucknow,Uttar Pradesh,,OIHN1833579743530,Closed,INR 619.20,MCH8654,5942,Individual,Books & Stationery,,1,0,OIHN1833579743530,0,0,619.2,0,0,8654,1,0,1,2,3
MCH8656,"Sarma, Krish and Ranganathan",5942,BOOKS_STATIONERY,SOLE_PROPRIETOR,Kolkata,West Bengal,02-04-2025,ZBCP7467206635740,ACTIVE,,MCH8656,5942,Sole Proprietor,Books & Stationery,2025-02-04 00:00:00,0,0,ZBCP7467206635740,0,0,,1,0,8656,1,1,1,3,2
8659,sha ltd,MCC-7011,Hotels,partnership,Mumbay,Maharashtra,10-23-2024,6929887204,ACTIVE,,8659,7011,Partnership,Hotels & Hospitality,2024-10-23 00:00:00,0,0,6929887204,0,0,,1,0,8659,0,0,0,0,1
MCH 8660,"Ben, Guha and Sabharwa1",5812,FOOD_SERVICES,SOLE_PROPRIETOR,lucknow,Uttar Pradesh,07-22-2025,XXXX9591,Live,,MCH8660,5812,Sole Proprietor,Food & Restaurants,2025-07-22 00:00:00,0,0,XXXX9591,0,1,,1,0,8660,0,0,0,0,1
MCH8661,Kapoor and Sons,,transprt,Partnership,MUMBAI,Maharashtra,,,Active,1762.47,MCH8661,,Partnership,Unknown,,1,0,,1,0,1762.47,0,0,8661,0,0,0,0,1
MCH-8663,Khalsa Group,misc,Book Store,PARTNERSHIP,jalandhar,Punjab,05/04/2023,CZSI5545012134696,Disabled,Rs. 338,MCH8663,,Partnership,Unknown,2023-04-05 00:00:00,0,0,CZSI5545012134696,0,0,338.0,0,0,8663,0,0,0,0,1
mch8672,"Ganguly, Sarin and Merchant",5311,Retail,INDIVIDUAL,Jalandhar,Punjab,09/06/2025,3398230728,Inactive,1816.05,MCH8672,5311,Individual,Department Stores,2025-06-09 00:00:00,0,0,3398230728,0,0,1816.05,0,0,8672,0,0,0,0,1
mch8673,Goswami and Sons,05812,Restaurants,PRIVATE_LIMITED,New Delhi,Delhi,02-25-2026,1774013903,ACTIVE,979.86,MCH8673,5812,Private Limited,Food & Restaurants,2026-02-25 00:00:00,0,0,1774013903,0,0,979.86,0,0,8673,1,1,1,3,2
MCH 8674,"Mani, Dutta and Issac",5812,Food,PRIVATE_LIMITED,chennai,Tamil Nadu,2023-05-05 15:05:33,1748773482,Live,,MCH8674,5812,Private Limited,Food & Restaurants,2023-05-05 15:05:33,0,0,1748773482,0,0,,1,0,8674,0,0,0,0,1
MCH8678,Dani-Talwar,07011,HOTEL_LODGING,PARTNERSHIP,LKO,Uttar Pradesh,07-Jul-2024,XXXX8500,I,393.54,MCH8678,7011,Partnership,Hotels & Hospitality,2024-07-07 00:00:00,0,0,XXXX8500,0,1,393.54,0,0,8678,0,0,0,0,1
MCH8679,Dutt-Goel,04814,phone service,Private Limited,kolkata,West Bengal,2024/08/14,XXXX4631,Active,423.15,MCH8679,4814,Private Limited,Telecom,2024-08-14 00:00:00,0,0,XXXX4631,0,1,423.15,0,0,8679,1,0,0,1,2
8680,Bhatt-Toor,5311,DEPT_STORE,private_limited,Jaipur,Rajasthan,2025/12/02,,ACTIVE,"₹1,399.60",8680,5311,Private Limited,Department Stores,2025-12-02 00:00:00,0,0,,1,0,1399.6,0,0,8680,0,0,1,1,2
MCH-8681,Suri Ltd,5699,Clothing,partnership,jalandhar,Punjab,1752896034,TFNO3503811861510,Live,1034.26,MCH8681,5699,Partnership,Clothing,2025-07-19 03:33:54,0,0,TFNO3503811861510,0,0,1034.26,0,0,8681,0,0,0,0,1
MCH8692,Singhal-Mane,5999,Misc Retail,PARTNERSHIP,jalandhar,Punjab,07-24-2025,1479687132,Enabled,"₹1,884.81",MCH8692,5999,Partnership,Other Retail,2025-07-24 00:00:00,0,0,1479687132,0,0,1884.81,0,0,8692,1,1,0,2,2
8693,  Mukhopadhyay-Rama  ,,Grocery Stores,Individual,Lucknow,Uttar Pradesh,2024-10-07 22:23:22,XXXX9284,Active,406.79,8693,,Individual,Unknown,2024-10-07 22:23:22,0,0,XXXX9284,0,1,406.79,0,0,8693,1,0,0,1,2
MCH8697,Karnik Ltd,05999,Miscellaneous,SOLE_PROPRIETOR,HYDERABAD,Telangana,19/01/2023 11:39 AM,ELBE1390395985700,Enabled,353.31,MCH8697,5999,Sole Proprietor,Other Retail,2023-01-19 11:39:00,0,0,ELBE1390395985700,0,0,353.31,0,0,8697,0,0,0,0,1
MCH8698,"Boase, Bal and Mand",5311,Department Stores,Private Limited,Calcutta,West Bengal,2025/06/13,,Enabled,3054.52,MCH8698,5311,Private Limited,Department Stores,2025-06-13 00:00:00,0,0,,1,0,3054.52,0,0,8698,0,0,0,0,1
mch8703,MODY GROUP,misc,Other,partnership,HYDERABAD,Telangana,1681011379,XXXX1194,SUSPENDED,"2,908.51",MCH8703,,Partnership,Unknown,2023-04-09 03:36:19,0,0,XXXX1194,0,1,2908.51,0,0,8703,0,0,0,0,1
MCH8705,"Sahota, Kale and Patil",4131,transprt,Private Limited,delhi,Delhi,10-Nov-2024,XXXX9019,Enabled,1127.21,MCH8705,4131,Private Limited,Transportation,2024-11-10 00:00:00,0,0,XXXX9019,0,1,1127.21,0,0,8705,1,0,1,2,2
MCH8708,"Mukherjee, Sami and Purohit",5999,Retail Other,Sole Proprietor,Hyderabad,Telangana,28-Jan-2026,,SUSPENDED,2919.92,MCH8708,5999,Sole Proprietor,Other Retail,2026-01-28 00:00:00,0,0,,1,0,2919.92,0,0,8708,0,0,0,0,1
MCH8713,"Shere, Loke and Butala",4814.0,phone service,PRIVATE-LIMITED,Delhi,Delhi,,,Disabled,-1029.16,MCH8713,4814,Private Limited,Telecom,,1,0,,1,0,-1029.16,0,1,8713,0,0,0,0,1
MCH8714,GuptaGroup,5912,Pharmacies,SOLE_PROPRIETOR,Pune,Maharashtra,08/10/2023,XXXX2445,Inactive,INR 569.38,MCH8714,5912,Sole Proprietor,Pharmacy & Medical,2023-10-08 00:00:00,0,0,XXXX2445,0,1,569.38,0,0,8714,0,0,0,0,1
MCH-8715,"Raju,LokeandVora",05999,Retail Other,PARTNERSHIP,HYDERABAD,Telangana,2025/09/14,,A,1332.26,MCH8715,5999,Partnership,Other Retail,2025-09-14 00:00:00,0,0,,1,0,1332.26,0,0,8715,0,0,0,0,1
MCH8716,"Naik, Chada and Divan",5999,Other,private_limited,LDH,Punjab,11-Jan-2023,EDPS0799008597487,Live,₹225.43,MCH8716,5999,Private Limited,Other Retail,2023-01-11 00:00:00,0,0,EDPS0799008597487,0,0,225.43,0,0,8716,0,0,0,0,1
MCH8718,  Chaudhari-Bhalla  ,5812,eating place,Individual,Poona,Maharashtra,1721709510,,ACTIVE,,MCH8718,5812,Individual,Food & Restaurants,2024-07-23 04:38:30,0,0,,1,0,,1,0,8718,0,0,0,0,1
mch8719,kala llc,5311,Department Store,INDIVIDUAL,Kolkata,West Bengal,2025/10/25,,ACTIVE,"INR 2,779.32",MCH8719,5311,Individual,Department Stores,2025-10-25 00:00:00,0,0,,1,0,2779.32,0,0,8719,0,0,0,0,1
MCH8721,Bera-Chhabra,4131,TRAVEL,Sole Proprietor,LKO,Uttar Pradesh,08-09-2024,,Live,2543.82,MCH8721,4131,Sole Proprietor,Transportation,2024-08-09 00:00:00,0,0,,1,0,2543.82,0,0,8721,0,0,0,0,1
MCH8724,Sethi-Reddy,5411,kirana,private_limited,Hyderabad,Telangana,2025/04/09,3785181664,Closed,425.41,MCH8724,5411,Private Limited,Grocery,2025-04-09 00:00:00,0,0,3785181664,0,0,425.41,0,0,8724,0,1,1,2,3
MCH 8725,Gala Group,7011,Hotels,PRIVATE-LIMITED,JPR,Rajasthan,14/08/2024 10:49 PM,PIMP1040686768002,ACTIVE,"Rs. 7,512",MCH8725,7011,Private Limited,Hotels & Hospitality,2024-08-14 22:49:00,0,0,PIMP1040686768002,0,0,7512.0,0,0,8725,1,1,1,3,3
MCH8726,Rast0gi-Saini,5999,Misc Retail,Partnership,ludhiana,Punjab,,5579571324,Active,4900.29,MCH8726,5999,Partnership,Other Retail,,1,0,5579571324,0,0,4900.29,0,0,8726,0,0,0,0,1
MCH 8727,Vig-Mann,5999,Retail Other,PARTNERSHIP,DELHI,Delhi,,PYLB7387354028266,Live,157.65,MCH8727,5999,Partnership,Other Retail,,1,0,PYLB7387354028266,0,0,157.65,0,0,8727,0,0,0,0,1
MCH8729,"Chowdhury, Krishnamurthy and Parekh",5942.0,Stationery,Private Limited,kolkata,West Bengal,07-Feb-2024,7331970917,Active,INR 870.42,MCH8729,5942,Private Limited,Books & Stationery,2024-02-07 00:00:00,0,0,7331970917,0,0,870.42,0,0,8729,0,0,0,0,1
MCH8730,  Banerjee-Kapoor  ,5942,Stationery,Sole Proprietor,ASR,Punjab,,CQGQ8537716696051,Live,"2,386.59",MCH8730,5942,Sole Proprietor,Books & Stationery,,1,0,CQGQ8537716696051,0,0,2386.59,0,0,8730,1,1,1,3,2
MCH8733,"Dhillon, Goel and Dar",4814,Telecom,SOLE_PROPRIETOR,Calcutta,West Bengal,2024-03-27 19:48:14,XXXX9551,Live,-2966.16,MCH8733,4814,Sole Proprietor,Telecom,2024-03-27 19:48:14,0,0,XXXX9551,0,1,-2966.16,0,1,8733,0,0,0,0,1
MCH-8734,"Ganguly, Hayre and Choudhury",4814,Telecom,SOLE_PROPRIETOR,Lucknow,Uttar Pradesh,05-May-2023,8075659044,ACTIVE,4276.72,MCH8734,4814,Sole Proprietor,Telecom,2023-05-05 00:00:00,0,0,8075659044,0,0,4276.72,0,0,8734,0,0,0,0,1
MCH8735,"Chhabra, Kunda and Sem",4814,phone service,PARTNERSHIP,Jalandar,Punjab,18/09/2025,DZIA5449518052658,Enabled,"INR 1,589.68",MCH8735,4814,Partnership,Telecom,2025-09-18 00:00:00,0,0,DZIA5449518052658,0,0,1589.68,0,0,8735,1,0,0,1,2
MCH8736,Dora-Sachar,5311,Department Stores,PRIVATE_LIMITED,Mumbai,Maharashtra,2024-10-11 13:06:21,XXXX8019,Active,2228.33,MCH8736,5311,Private Limited,Department Stores,2024-10-11 13:06:21,0,0,XXXX8019,0,1,2228.33,0,0,8736,1,1,1,3,2
MCH8741,Swaminathan-Kakar,4814,TELECOM,sole_proprietor,Kolkata,West Bengal,17/08/2024 03:49 PM,7135208273,A,"₹8,897.16",MCH8741,4814,Sole Proprietor,Telecom,2024-08-17 15:49:00,0,0,7135208273,0,0,8897.16,0,0,8741,1,1,1,3,2
MCH 8744,Prashad LLC,5942.0,Book Store,INDIVIDUAL,Jalandar,Punjab,1743440250,WWJH8069949347893,A,"₹3,282.54",MCH8744,5942,Individual,Books & Stationery,2025-03-31 16:57:30,0,0,WWJH8069949347893,0,0,3282.54,0,0,8744,0,0,0,0,1
MCH-8746,  Kari Inc  ,5912,MEDICAL_STORE,partnership,pune,Maharashtra,11/10/2024 07:16 AM,XXXX5648,Live,,MCH8746,5912,Partnership,Pharmacy & Medical,2024-10-11 07:16:00,0,0,XXXX5648,0,1,,1,0,8746,0,0,0,0,1
MCH 8749,"  Tara, Parmer and Walla  ",04131,TRAVEL,Private Limited,kolkata,West Bengal,06-19-2025,BWRP8229942592433,Closed,₹584.10,MCH8749,4131,Private Limited,Transportation,2025-06-19 00:00:00,0,0,BWRP8229942592433,0,0,584.1,0,0,8749,0,0,0,0,1
MCH8750,"Bawa, Chatterjee and Sathe",7011,HOTEL_LODGING,individual,Ludhiana,Punjab,1764537233,2442042302,Active,"3,120.06",MCH8750,7011,Individual,Hotels & Hospitality,2025-11-30 21:13:53,0,0,2442042302,0,0,3120.06,0,0,8750,1,0,1,2,2
MCH-8753,"Bhandari, Trivedi and Bora",MCC-4131,TRAVEL,PARTNERSHIP,Hyderabad,Telangana,1735307694,,I,718.79,MCH8753,4131,Partnership,Transportation,2024-12-27 13:54:54,0,0,,1,0,718.79,0,0,8753,0,0,0,0,1
mch8755,"Biswas, Divan and Sachdeva",7011,HOTEL_LODGING,PRIVATE_LIMITED,chennai,Tamil Nadu,25/07/2025 09:26 AM,1014752136,Hold,"INR 2,277.32",MCH8755,7011,Private Limited,Hotels & Hospitality,2025-07-25 09:26:00,0,0,1014752136,0,0,2277.32,0,0,8755,1,1,1,3,2
8756,Warrior Inc,5699.0,fashion,private_limited,Jalandar,Punjab,10-04-2023,9910438985,A,"INR 1,476.03",8756,5699,Private Limited,Clothing,2023-10-04 00:00:00,0,0,9910438985,0,0,1476.03,0,0,8756,0,0,0,0,2
MCH8761,Pal LLC,5999,Miscellaneous,PRIVATE_LIMITED,LDH,Punjab,,,Enabled,₹759.79,MCH8761,5999,Private Limited,Other Retail,,1,0,,1,0,759.79,0,0,8761,1,1,1,3,2
MCH8762,Dani-Saha,4131,Transport,PARTNERSHIP,Calcutta,West Bengal,,,A,₹778.15,MCH8762,4131,Partnership,Transportation,,1,0,,1,0,778.15,0,0,8762,0,0,0,0,1
MCH8765,"Kamdar, Sehgal and Tata",5411,Grocery,PARTNERSHIP,DELHI,Delhi,01-06-2025,XXXX8883,Active,"INR 4,863.17",MCH8765,5411,Partnership,Grocery,2025-01-06 00:00:00,0,0,XXXX8883,0,1,4863.17,0,0,8765,0,0,0,0,1
MCH 8766,Shanker Ltd,5912,MEDICAL_STORE,Sole Proprietor,Chennai,Tamil Nadu,2025/07/02,LBCS6149751072464,Live,Rs. 801,MCH8766,5912,Sole Proprietor,Pharmacy & Medical,2025-07-02 00:00:00,0,0,LBCS6149751072464,0,0,801.0,0,0,8766,0,0,0,0,1
mch8767,Golla Group,5699,garments,Sole Proprietor,Hyderabad,Telangana,05-Nov-2023,,Live,397.99,MCH8767,5699,Sole Proprietor,Clothing,2023-11-05 00:00:00,0,0,,1,0,397.99,0,0,8767,0,0,0,0,1
mch8768,"Rout, Dixit and Malhotra",7011,Hotel,PRIVATE-LIMITED,jalandhar,Punjab,2024/06/05,,Disabled,₹556.74,MCH8768,7011,Private Limited,Hotels & Hospitality,2024-06-05 00:00:00,0,0,,1,0,556.74,0,0,8768,1,1,1,3,3
MCH8769,Dara-Keer,5912,Pharmacies,Private Limited,JPR,Rajasthan,29/12/2024 11:46 AM,,A,637.83,MCH8769,5912,Private Limited,Pharmacy & Medical,2024-12-29 11:46:00,0,0,,1,0,637.83,0,0,8769,0,0,0,0,1
MCH8770,Mani-Mutti,5999,Other,SOLE_PROPRIETOR,New Delhi,Delhi,2023/04/07,XXXX8061,Enabled,Rs. 379,MCH8770,5999,Sole Proprietor,Other Retail,2023-04-07 00:00:00,0,0,XXXX8061,0,1,379.0,0,0,8770,0,0,0,0,1
mch8775,Bakshi-Shah,5699.0,Apparel,PARTNERSHIP,New Delhi,Delhi,2025-07-09 07:17:12,,ACTIVE,INR 480.13,MCH8775,5699,Partnership,Clothing,2025-07-09 07:17:12,0,0,,1,0,480.13,0,0,8775,0,0,0,0,1
MCH8777,Kibe PLC,7011,Hotel,PARTNERSHIP,MUMBAI,Maharashtra,16-Jun-2023,3399976956,Inactive,1945.67,MCH8777,7011,Partnership,Hotels & Hospitality,2023-06-16 00:00:00,0,0,3399976956,0,0,1945.67,0,0,8777,0,0,0,0,1
MCH-8779,Tak-Wali,5812,Restaurants,Individual,bengaluru,Karnataka,24/01/2024,3182666424,Active,Rs. 206,MCH8779,5812,Individual,Food & Restaurants,2024-01-24 00:00:00,0,0,3182666424,0,0,206.0,0,0,8779,0,0,0,0,1
MCH8781,Gade PLC,5912,chemist,PRIVATE_LIMITED,Mumbay,Maharashtra,2023-02-27 16:50:53,,Active,714.3,MCH8781,5912,Private Limited,Pharmacy & Medical,2023-02-27 16:50:53,0,0,,1,0,714.3,0,0,8781,0,0,0,0,1
MCH8782,SWAMY-KHURANA,5699,garments,SOLE_PROPRIETOR,ASR,Punjab,2025/04/29,,Enabled,1314.55,MCH8782,5699,Sole Proprietor,Clothing,2025-04-29 00:00:00,0,0,,1,0,1314.55,0,0,8782,0,0,0,0,1
MCH8784,"Iyengar, Savant and Sehgal",4131,transprt,Private Limited,Bombay,Maharashtra,2024/01/12,,A,Rs. 575,MCH8784,4131,Private Limited,Transportation,2024-01-12 00:00:00,0,0,,1,0,575.0,0,0,8784,0,0,0,0,1
8789,"Pingle,NadigandNarula",5812,FOOD_SERVICES,Individual,Ludhiana,Punjab,02-07-2025,3828234177,A,-1463.08,8789,5812,Individual,Food & Restaurants,2025-02-07 00:00:00,0,0,3828234177,0,0,-1463.08,0,1,8789,0,0,0,0,1
MCH8790,Thaman-Singh,MCC-5912,chemist,INDIVIDUAL,Kolkata,West Bengal,04-Feb-2024,,Live,,MCH8790,5912,Individual,Pharmacy & Medical,2024-02-04 00:00:00,0,0,,1,0,,1,0,8790,0,0,0,0,1
MCH8792,NagarLLC,5411,GROCERY_STORE,Sole Proprietor,Jaipur,Rajasthan,22/01/2025 09:40 PM,4320527012,Enabled,,MCH8792,5411,Sole Proprietor,Grocery,2025-01-22 21:40:00,0,0,4320527012,0,0,,1,0,8792,1,1,0,2,2
mch8794,Mani-Zachariah,5411,Grocery,Partnership,BLR,Karnataka,2026-01-04 01:33:25,AKYW5964261838493,I,"₹6,393.53",MCH8794,5411,Partnership,Grocery,2026-01-04 01:33:25,0,0,AKYW5964261838493,0,0,6393.53,0,0,8794,1,0,1,2,2
MCH-8795,basak-bhavsar,5942,BOOKS_STATIONERY,SOLE_PROPRIETOR,Jaipur,Rajasthan,03-15-2024,XXXX0185,Disabled,243.16,MCH8795,5942,Sole Proprietor,Books & Stationery,2024-03-15 00:00:00,0,0,XXXX0185,0,1,243.16,0,0,8795,0,0,0,0,1
MCH8798,"Taneja, Maharaj and Sa1vi",5942.0,Stationery,PARTNERSHIP,mumbai,Maharashtra,,,SUSPENDED,"Rs. 2,125",MCH8798,5942,Partnership,Books & Stationery,,1,0,,1,0,2125.0,0,0,8798,1,1,1,3,2
mch8799,"  Dada, Ramaswamy and Dugal  ",5942,Books,PRIVATE_LIMITED,Hyd,Telangana,04-09-2023,STYQ1453146869201,Suspended,"₹2,080.34",MCH8799,5942,Private Limited,Books & Stationery,2023-04-09 00:00:00,0,0,STYQ1453146869201,0,0,2080.34,0,0,8799,1,1,1,3,2
MCH8801,BEDI INC,5912.0,Pharmacy,SOLE_PROPRIETOR,LKO,Uttar Pradesh,2024/08/11,XXXX1264,Active,"₹3,479.49",MCH8801,5912,Sole Proprietor,Pharmacy & Medical,2024-08-11 00:00:00,0,0,XXXX1264,0,1,3479.49,0,0,8801,0,0,0,0,1
MCH-8805,bose inc,5699,CLOTHS,Individual,LDH,Punjab,10/07/2024,,Enabled,"₹6,022.98",MCH8805,5699,Individual,Clothing,2024-07-10 00:00:00,0,0,,1,0,6022.98,0,0,8805,0,0,0,0,1
MCH8808,"  Kothari, Bansal and Gupta  ",misc,Stationery,Individual,BLR,Karnataka,19/09/2025 01:30 AM,9868014892,A,Rs. 380,MCH8808,,Individual,Unknown,2025-09-19 01:30:00,0,0,9868014892,0,0,380.0,0,0,8808,0,0,0,0,1
MCH8809,"Doshi, Ghose and Amble",5411,groceries,individual,mumbai,Maharashtra,,,Active,3965.67,MCH8809,5411,Individual,Grocery,,1,0,,1,0,3965.67,0,0,8809,1,0,1,2,2
MCH8811,Bobal LLC,5999.0,Other,PARTNERSHIP,Hyderabad,Telangana,18-Dec-2023,4729552126,Enabled,"INR 1,645.76",MCH8811,5999,Partnership,Other Retail,2023-12-18 00:00:00,0,0,4729552126,0,0,1645.76,0,0,8811,0,0,0,0,1
MCH8813,Dey-Dua,5812,Food,PARTNERSHIP,HYDERABAD,Telangana,10-Nov-2023,7101082372,Enabled,"₹1,432.39",MCH8813,5812,Partnership,Food & Restaurants,2023-11-10 00:00:00,0,0,7101082372,0,0,1432.39,0,0,8813,0,0,0,0,1
8817,SawhneyLtd,7011,HOTEL_LODGING,Individual,Poona,Maharashtra,,,Disabled,₹495.07,8817,7011,Individual,Hotels & Hospitality,,1,0,,1,0,495.07,0,0,8817,0,0,0,0,1
MCH8819,AcharyaInc,5912,MEDICAL_STORE,PRIVATE-LIMITED,ludhiana,Punjab,27/02/2024,XXXX4379,ACTIVE,"₹2,075.22",MCH8819,5912,Private Limited,Pharmacy & Medical,2024-02-27 00:00:00,0,0,XXXX4379,0,1,2075.22,0,0,8819,0,0,0,0,1
MCH8820,Mistry Group,5812,Restaurant,Partnership,Kolkata,West Bengal,19-Oct-2025,VDFR2877623309973,Active,"INR 1,132.45",MCH8820,5812,Partnership,Food & Restaurants,2025-10-19 00:00:00,0,0,VDFR2877623309973,0,0,1132.45,0,0,8820,1,1,1,3,2
MCH8821,MUKHOPADHYAY-CHERIAN,MCC-5812,Restaurants,sole_proprietor,jalandhar,Punjab,11-26-2023,2404954167,A,INR 703.03,MCH8821,5812,Sole Proprietor,Food & Restaurants,2023-11-26 00:00:00,0,0,2404954167,0,0,703.03,0,0,8821,0,0,0,0,1
MCH 8823,SUBRAMANIAN INC,5699,Clothing,Partnership,mumbai,Maharashtra,01-31-2024,XXXX6614,SUSPENDED,523.43,MCH8823,5699,Partnership,Clothing,2024-01-31 00:00:00,0,0,XXXX6614,0,1,523.43,0,0,8823,0,0,0,0,1
MCH8824,Mani PLC,5999,Other,INDIVIDUAL,Hyderabad,Telangana,22/02/2024,0602443496,A,1314.9,MCH8824,5999,Individual,Other Retail,2024-02-22 00:00:00,0,0,0602443496,0,0,1314.9,0,0,8824,0,0,0,0,1
MCH 8825,"mandal, chaudhari and savant",5699,garments,individual,jalandhar,Punjab,27/07/2025,8501342789,Enabled,"₹1,817.30",MCH8825,5699,Individual,Clothing,2025-07-27 00:00:00,0,0,8501342789,0,0,1817.3,0,0,8825,0,0,0,0,1
MCH 8826,Mallick-Dasgupta,5311,DEPT_STORE,PRIVATE-LIMITED,Jalandhar,Punjab,2023-02-09 07:13:10,2382228031,Enabled,"INR 1,719.24",MCH8826,5311,Private Limited,Department Stores,2023-02-09 07:13:10,0,0,2382228031,0,0,1719.24,0,0,8826,0,0,0,0,1
MCH 8828,RANGANATHAN AND SONS,MCC-4131,TRAVEL,Individual,amritsar,Punjab,2026-01-02 04:46:18,,Active,,MCH8828,4131,Individual,Transportation,2026-01-02 04:46:18,0,0,,1,0,,1,0,8828,0,0,0,0,1
MCH8832,"Korpal, Dugar and Grover",5411,kirana,INDIVIDUAL,ludhiana,Punjab,27/10/2025 07:47 AM,XXXX3528,Live,"2,140.70",MCH8832,5411,Individual,Grocery,2025-10-27 07:47:00,0,0,XXXX3528,0,1,2140.7,0,0,8832,1,0,1,2,4
MCH8835,"Natarajan, Hegde and Varughese",5999,Retail Other,sole_proprietor,Mumbai,Maharashtra,08/04/2025 03:21 PM,FGCL8739381455039,Enabled,523.96,MCH8835,5999,Sole Proprietor,Other Retail,2025-04-08 15:21:00,0,0,FGCL8739381455039,0,0,523.96,0,0,8835,0,0,0,0,1
8837,Tata-Rajagopal,5411,Grocery,partnership,Ludhiana,Punjab,03-Sep-2023,,SUSPENDED,2586.19,8837,5411,Partnership,Grocery,2023-09-03 00:00:00,0,0,,1,0,2586.19,0,0,8837,0,0,0,0,1
MCH8838,"KALA, SIDHU AND KURUVILLA",5912,Pharmacy,Partnership,Chennai,Tamil Nadu,11-Feb-2023,,INACTIVE,593.62,MCH8838,5912,Partnership,Pharmacy & Medical,2023-02-11 00:00:00,0,0,,1,0,593.62,0,0,8838,0,0,0,0,1
MCH8840,Chatterjee and Sons,5311.0,Retail,individual,pune,Maharashtra,26/09/2024 02:57 AM,,Enabled,1208.62,MCH8840,5311,Individual,Department Stores,2024-09-26 02:57:00,0,0,,1,0,1208.62,0,0,8840,0,0,0,0,1
MCH8842,"Bala, Pillai and Kala",05999,Other,PARTNERSHIP,amritsar,Punjab,23/04/2023,XXXX1658,S,,MCH8842,5999,Partnership,Other Retail,2023-04-23 00:00:00,0,0,XXXX1658,0,1,,1,0,8842,0,0,0,0,1
MCH8844,"Lad, Walia and Raj",5912,chemist,INDIVIDUAL,Ludhiana,Punjab,26-Nov-2025,5044649266,Active,,MCH8844,5912,Individual,Pharmacy & Medical,2025-11-26 00:00:00,0,0,5044649266,0,0,,1,0,8844,1,0,1,2,2
MCH8845,Varkey-Jha,,Other,partnership,kolkata,West Bengal,01/03/2024 05:26 AM,,A,5630.04,MCH8845,,Partnership,Unknown,2024-03-01 05:26:00,0,0,,1,0,5630.04,0,0,8845,0,0,1,1,2
8850,"  Sachdev, Nayar and Arora  ",5411,Grocery,PARTNERSHIP,Ludhiana,Punjab,1743997388,,S,,8850,5411,Partnership,Grocery,2025-04-07 03:43:08,0,0,,1,0,,1,0,8850,0,0,0,0,1
MCH8851,"  Kanda, Kohli and Thaman  ",5812,Restaurant,SOLE_PROPRIETOR,jalandhar,Punjab,,,Blocked,5573.07,MCH8851,5812,Sole Proprietor,Food & Restaurants,,1,0,,1,0,5573.07,0,0,8851,0,0,0,0,1
MCH8852,Bali-Hora,UNKNOWN,Pharmacies,Individual,Dilli,Delhi,07-09-2024,,Active,2821.74,MCH8852,,Individual,Unknown,2024-07-09 00:00:00,0,0,,1,0,2821.74,0,0,8852,0,0,0,0,1
MCH 8854,Kohli-Aurora,4131,Bus/Taxi,PRIVATE-LIMITED,Madras,Tamil Nadu,04/12/2023,XXXX8113,Active,-429.48,MCH8854,4131,Private Limited,Transportation,2023-12-04 00:00:00,0,0,XXXX8113,0,1,-429.48,0,1,8854,1,1,0,2,2
8855,"Rau, Dua and Nadkarni",5411,groceries,PRIVATE-LIMITED,Ludhiana,Punjab,06/06/2025 02:15 AM,5829674472,A,"2,893.79",8855,5411,Private Limited,Grocery,2025-06-06 02:15:00,0,0,5829674472,0,0,2893.79,0,0,8855,0,0,0,0,1
MCH8861,Prashad and Sons,5999,Retail Other,Individual,Chennai,Tamil Nadu,,XXXX5366,Active,,MCH8861,5999,Individual,Other Retail,,1,0,XXXX5366,0,1,,1,0,8861,0,0,0,0,1
MCH8863,Sastry PLC,4814.0,TELECOM,INDIVIDUAL,Pune,Maharashtra,03-08-2024,,Live,,MCH8863,4814,Individual,Telecom,2024-03-08 00:00:00,0,0,,1,0,,1,0,8863,0,0,0,0,1
MCH8864,Lala-Ben,5912,Pharmacies,INDIVIDUAL,Ludhiana,Punjab,28/12/2025 05:23 AM,,Live,869.20,MCH8864,5912,Individual,Pharmacy & Medical,2025-12-28 05:23:00,0,0,,1,0,869.2,0,0,8864,0,0,0,0,1
MCH8865,Wali-Yogi,5942,Book Store,PARTNERSHIP,Pune,Maharashtra,,ADDY9100060907565,Live,"Rs. 1,783",MCH8865,5942,Partnership,Books & Stationery,,1,0,ADDY9100060907565,0,0,1783.0,0,0,8865,0,0,0,0,1
mch8869,Tella-Roy,5912,MEDICAL_STORE,sole_proprietor,LDH,Punjab,05-17-2025,3757131975,Active,₹618.72,MCH8869,5912,Sole Proprietor,Pharmacy & Medical,2025-05-17 00:00:00,0,0,3757131975,0,0,618.72,0,0,8869,0,0,0,0,1
MCH8870,Solanki-Cherian,4131,Transportation,PARTNERSHIP,Kolkata,West Bengal,04-Jul-2025,HJDK9008014525015,ACTIVE,"Rs. 1,597",MCH8870,4131,Partnership,Transportation,2025-07-04 00:00:00,0,0,HJDK9008014525015,0,0,1597.0,0,0,8870,1,1,1,3,2
MCH8873,"Pathak, Bath and Kant",4131,transprt,PARTNERSHIP,Pune,Maharashtra,11/06/2025,,ACTIVE,"2,212.30",MCH8873,4131,Partnership,Transportation,2025-06-11 00:00:00,0,0,,1,0,2212.3,0,0,8873,0,0,0,0,1
MCH8876,Narayanan and Sons,5942,Stationery,Individual,BLR,Karnataka,12-10-2025,XXXX5207,INACTIVE,"INR 2,065.28",MCH8876,5942,Individual,Books & Stationery,2025-12-10 00:00:00,0,0,XXXX5207,0,1,2065.28,0,0,8876,1,1,1,3,3
MCH8878,  Kashyap-Behl  ,7011,Hotels,SOLE-PROPRIETOR,Calcutta,West Bengal,21/07/2023,,Active,INR 228.35,MCH8878,7011,Sole Proprietor,Hotels & Hospitality,2023-07-21 00:00:00,0,0,,1,0,228.35,0,0,8878,0,0,0,0,1
MCH8879,  Raju and Sons  ,,MEDICAL_STORE,sole_proprietor,Lucknow,Uttar Pradesh,2023-08-30 05:18:50,,ACTIVE,Rs. 906,MCH8879,,Sole Proprietor,Unknown,2023-08-30 05:18:50,0,0,,1,0,906.0,0,0,8879,0,0,0,0,1
MCH-8880,Bava Group,UNKNOWN,HOTEL_LODGING,SOLE-PROPRIETOR,BLR,Karnataka,12/01/2025 04:40 PM,,Inactive,"Rs. 3,216",MCH8880,,Sole Proprietor,Unknown,2025-01-12 16:40:00,0,0,,1,0,3216.0,0,0,8880,1,1,1,3,2
MCH8884,"Dubey, Srinivasan and Pillai",,Stationery,SOLE_PROPRIETOR,chennai,Tamil Nadu,03-Jul-2023,,Enabled,,MCH8884,,Sole Proprietor,Unknown,2023-07-03 00:00:00,0,0,,1,0,,1,0,8884,0,0,0,0,1
MCH8885,"Dhawan,DevanandChokshi",05699,Fashion,Individual,Delhi,Delhi,2025-09-12 04:35:13,,ACTIVE,,MCH8885,5699,Individual,Clothing,2025-09-12 04:35:13,0,0,,1,0,,1,0,8885,0,0,0,0,1
8889,"Mahal, Edwin and Dasgupta",5699,garments,Sole Proprietor,Poona,Maharashtra,03-26-2023,,Suspended,-1329.62,8889,5699,Sole Proprietor,Clothing,2023-03-26 00:00:00,0,0,,1,0,-1329.62,0,1,8889,0,0,0,0,1
MCH8890,Mane-Sheth,05999,Miscellaneous,INDIVIDUAL,JPR,Rajasthan,,XXXX2596,Disabled,-475.08,MCH8890,5999,Individual,Other Retail,,1,0,XXXX2596,0,1,-475.08,0,1,8890,1,1,1,3,3
MCH8891,"Natt,ManeandPau",,Telecom,Private Limited,mumbai,Maharashtra,2025-03-13 09:17:17,6087577130,Enabled,"Rs. 1,140",MCH8891,,Private Limited,Unknown,2025-03-13 09:17:17,0,0,6087577130,0,0,1140.0,0,0,8891,0,0,0,0,1
MCH8893,Anand-Dada,5411,kirana,PRIVATE-LIMITED,Delhi,Delhi,02-15-2023,,A,598.72,MCH8893,5411,Private Limited,Grocery,2023-02-15 00:00:00,0,0,,1,0,598.72,0,0,8893,0,0,0,0,1
mch8895,Chakraborty-Apte,7011,Hotels,SOLE-PROPRIETOR,Jalandar,Punjab,2023-05-04 01:45:30,8501954276,Active,"2,412.11",MCH8895,7011,Sole Proprietor,Hotels & Hospitality,2023-05-04 01:45:30,0,0,8501954276,0,0,2412.11,0,0,8895,0,0,0,0,1
MCH8896,"Luthra, Kata and Bansal",5812,FOOD_SERVICES,Private Limited,Jaipur,Rajasthan,2025/09/18,,Enabled,,MCH8896,5812,Private Limited,Food & Restaurants,2025-09-18 00:00:00,0,0,,1,0,,1,0,8896,1,1,1,3,3
MCH8899,bedi and sons,5699,garments,private_limited,kolkata,West Bengal,25-Feb-2025,XXXX6442,Suspended,,MCH8899,5699,Private Limited,Clothing,2025-02-25 00:00:00,0,0,XXXX6442,0,1,,1,0,8899,0,0,0,0,1
8900,Nadkarni-Khare,5812,Food,INDIVIDUAL,lucknow,Uttar Pradesh,11-Jun-2025,ORVR2313413068698,Closed,"Rs. 1,349",8900,5812,Individual,Food & Restaurants,2025-06-11 00:00:00,0,0,ORVR2313413068698,0,0,1349.0,0,0,8900,1,1,1,3,2
MCH8901,Narasimhan and Sons,MCC-4814,Mobile Recharge,Private Limited,Amritsar,Punjab,04/01/2024 05:23 AM,3421072904,Enabled,772.61,MCH8901,4814,Private Limited,Telecom,2024-01-04 05:23:00,0,0,3421072904,0,0,772.61,0,0,8901,1,0,1,2,2
MCH8902,Sabharwal Ltd,5411,kirana,SOLE-PROPRIETOR,amritsar,Punjab,2024/12/27,8958186574,Active,-270.57,MCH8902,5411,Sole Proprietor,Grocery,2024-12-27 00:00:00,0,0,8958186574,0,0,-270.57,0,1,8902,0,0,0,0,1
MCH8903,Keer-Sagar,5411.0,kirana,Partnership,lucknow,Uttar Pradesh,16/09/2024,,A,841.61,MCH8903,5411,Partnership,Grocery,2024-09-16 00:00:00,0,0,,1,0,841.61,0,0,8903,0,0,0,0,1
MCH8909,"PALAN, WALI AND WAGLE",5999,Other,INDIVIDUAL,Dilli,Delhi,,AMLI0055772138931,A,"1,366.30",MCH8909,5999,Individual,Other Retail,,1,0,AMLI0055772138931,0,0,1366.3,0,0,8909,0,0,0,0,1
MCH8910,Hayer-Mandal,5411,groceries,Sole Proprietor,LDH,Punjab,,XXXX1730,Enabled,INR 597.80,MCH8910,5411,Sole Proprietor,Grocery,,1,0,XXXX1730,0,1,597.8,0,0,8910,1,1,1,3,3
mch8911,Bava LLC,5942,Books,Sole Proprietor,Hyd,Telangana,14/06/2025 08:41 AM,,Enabled,"INR 3,342.77",MCH8911,5942,Sole Proprietor,Books & Stationery,2025-06-14 08:41:00,0,0,,1,0,3342.77,0,0,8911,0,0,0,0,1
MCH8912,Nagar PLC,5942,Stationery,Private Limited,Bombay,Maharashtra,17-Feb-2024,,Enabled,196.56,MCH8912,5942,Private Limited,Books & Stationery,2024-02-17 00:00:00,0,0,,1,0,196.56,0,0,8912,1,1,1,3,3
MCH8915,"  Chadha, Patil and Bose  ",4131,transprt,SOLE_PROPRIETOR,Jaipur,Rajasthan,2025/10/19,,A,-775.66,MCH8915,4131,Sole Proprietor,Transportation,2025-10-19 00:00:00,0,0,,1,0,-775.66,0,1,8915,1,1,1,3,2
MCH8918,Solanki and Sons,,garments,PRIVATE-LIMITED,BLR,Karnataka,05-17-2025,ITGT2090730500760,ACTIVE,,MCH8918,,Private Limited,Unknown,2025-05-17 00:00:00,0,0,ITGT2090730500760,0,0,,1,0,8918,0,0,0,0,1
MCH8919,Parmar Ltd,,Transport,private_limited,Bangalore,Karnataka,24/12/2023,,Live,2228.63,MCH8919,,Private Limited,Unknown,2023-12-24 00:00:00,0,0,,1,0,2228.63,0,0,8919,0,0,0,0,1
MCH8920,"Parekh, Srivastava and Choudhury",MCC-5311,Department Store,PRIVATE-LIMITED,DELHI,Delhi,15/12/2023,XXXX5523,Enabled,19788.99,MCH8920,5311,Private Limited,Department Stores,2023-12-15 00:00:00,0,0,XXXX5523,0,1,19788.99,0,0,8920,0,0,0,0,1
mch8921,"Palla, Kanda and Kohli",5411,Grocery Stores,INDIVIDUAL,jaipur,Rajasthan,01-Apr-2023,,INACTIVE,"₹1,560.65",MCH8921,5411,Individual,Grocery,2023-04-01 00:00:00,0,0,,1,0,1560.65,0,0,8921,0,0,0,0,1
MCH8923,Choudhury Group,5912,Pharmacy,INDIVIDUAL,jaipur,Rajasthan,12-Jun-2024,WVVA0613994696185,Disabled,2880.15,MCH8923,5912,Individual,Pharmacy & Medical,2024-06-12 00:00:00,0,0,WVVA0613994696185,0,0,2880.15,0,0,8923,1,0,1,2,2
MCH8926,Ramesh-Mukhopadhyay,5912,Medical,SOLE-PROPRIETOR,Dilli,Delhi,16-Jan-2024,3730788940,Enabled,"INR 5,318.08",MCH8926,5912,Sole Proprietor,Pharmacy & Medical,2024-01-16 00:00:00,0,0,3730788940,0,0,5318.08,0,0,8926,1,0,1,2,2
MCH8927,RAJ-KALA,5999,Other,Individual,New Delhi,Delhi,22/04/2024 10:45 PM,XXXX1023,Live,261.67,MCH8927,5999,Individual,Other Retail,2024-04-22 22:45:00,0,0,XXXX1023,0,1,261.67,0,0,8927,0,0,0,0,1
MCH8928,Deo PLC,4131,transport,PARTNERSHIP,Chennai,Tamil Nadu,18/10/2024 05:30 AM,XXXX5889,Active,"₹1,547.93",MCH8928,4131,Partnership,Transportation,2024-10-18 05:30:00,0,0,XXXX5889,0,1,1547.93,0,0,8928,0,0,0,0,2
MCH8929,Suri-Toor,,Miscellaneous,individual,Hyderabad,Telangana,,,Enabled,Rs. 447,MCH8929,,Individual,Unknown,,1,0,,1,0,447.0,0,0,8929,1,1,1,3,2
MCH8931,Ramaswamy-Bhasin,5812,FOOD_SERVICES,partnership,Hyd,Telangana,05-23-2024,,Inactive,"Rs. 1,406",MCH8931,5812,Partnership,Food & Restaurants,2024-05-23 00:00:00,0,0,,1,0,1406.0,0,0,8931,1,0,1,2,2
MCH 8932,"Venkatesh, Nayak and Ravel",,Other,PRIVATE-LIMITED,Lucknow,Uttar Pradesh,01-01-2023,STLO0893921270298,Enabled,1585.03,MCH8932,,Private Limited,Unknown,2023-01-01 00:00:00,0,0,STLO0893921270298,0,0,1585.03,0,0,8932,0,0,0,0,1
MCH8933,Karpe Inc,5912,MEDICAL_STORE,Private Limited,amritsar,Punjab,,UYYR5964634247104,Live,"Rs. 2,968",MCH8933,5912,Private Limited,Pharmacy & Medical,,1,0,UYYR5964634247104,0,0,2968.0,0,0,8933,1,1,1,3,2
MCH8934,kakar group,5812,FOOD_SERVICES,SOLE-PROPRIETOR,LDH,Punjab,,WUVU9130782874849,Active,1507.45,MCH8934,5812,Sole Proprietor,Food & Restaurants,,1,0,WUVU9130782874849,0,0,1507.45,0,0,8934,1,0,1,2,2
MCH-8935,tella-bawa,4131.0,Bus/Taxi,individual,JPR,Rajasthan,2024-01-13 15:35:49,JHDG3104790925076,A,997.56,MCH8935,4131,Individual,Transportation,2024-01-13 15:35:49,0,0,JHDG3104790925076,0,0,997.56,0,0,8935,0,0,0,0,1
MCH8937,"Mand, Bhatt and Pathak",7011,Hotels,individual,Amritsar,Punjab,2023/06/10,OPXS5269399322215,Active,2746.33,MCH8937,7011,Individual,Hotels & Hospitality,2023-06-10 00:00:00,0,0,OPXS5269399322215,0,1,2746.33,0,0,8937,0,0,0,0,1
MCH 8939,"DHAWAN, KAMDAR AND DALAL",5812,Restaurants,individual,Bangalore,Karnataka,2023-01-06 17:37:02,0807622113,ACTIVE,Rs. 729,MCH8939,5812,Individual,Food & Restaurants,2023-01-06 17:37:02,0,0,0807622113,0,0,729.0,0,0,8939,0,0,0,0,1
MCH8941,mutti-sharaf,7011,Hospitality,sole_proprietor,Bangalore,Karnataka,26/01/2025 07:23 PM,,ACTIVE,INR 153.27,MCH8941,7011,Sole Proprietor,Hotels & Hospitality,2025-01-26 19:23:00,0,0,,1,0,153.27,0,0,8941,1,0,1,2,2
MCH8943,Bassi-Dhingra,5942,Book Store,PRIVATE-LIMITED,Madras,Tamil Nadu,09/09/2024 12:49 AM,,Live,774.62,MCH8943,5942,Private Limited,Books & Stationery,2024-09-09 00:49:00,0,0,,1,0,774.62,0,0,8943,0,0,0,0,1
MCH8944,"Zachariah, Ratta and Contractor",05311,Department Stores,PRIVATE-LIMITED,Hyderabad,Telangana,2024-07-16 13:53:35,0653764901,ACTIVE,"Rs. 2,179",MCH8944,5311,Private Limited,Department Stores,2024-07-16 13:53:35,0,0,0653764901,0,0,2179.0,0,0,8944,0,0,0,0,1
MCH 8945,"Sankar, Swamy and Char",05411,groceries,sole_proprietor,kolkata,West Bengal,26/02/2026,XXXX4564,Enabled,"Rs. 1,329",MCH8945,5411,Sole Proprietor,Grocery,2026-02-26 00:00:00,0,0,XXXX4564,0,1,1329.0,0,0,8945,1,1,1,3,3
mch8949,"Srinivasan,SaxenaandKant",MCC-5942,Books,PRIVATE_LIMITED,Bangalore,Karnataka,,XXXX6857,Inactive,1726.82,MCH8949,5942,Private Limited,Books & Stationery,,1,0,XXXX6857,0,1,1726.82,0,0,8949,0,0,0,0,1
MCH8950,Handa Inc,4131,TRAVEL,Partnership,mumbai,Maharashtra,1722423752,XXXX9807,Active,"3,860.38",MCH8950,4131,Partnership,Transportation,2024-07-31 11:02:32,0,0,XXXX9807,0,1,3860.38,0,0,8950,0,0,0,0,1
mch8951,Golla-Venkataraman,4814,phone service,individual,Mumbai,Maharashtra,02-Sep-2023,2811788004,Active,436.83,MCH8951,4814,Individual,Telecom,2023-09-02 00:00:00,0,0,2811788004,0,0,436.83,0,0,8951,0,0,0,0,1
MCH-8952,"varghese, korpal and dora",5912,Medical,Sole Proprietor,Madras,Tamil Nadu,2024/08/10,,ACTIVE,987.96,MCH8952,5912,Sole Proprietor,Pharmacy & Medical,2024-08-10 00:00:00,0,0,,1,0,987.96,0,0,8952,0,0,0,0,1
MCH8953,Narayan-Uppal,5912,Pharmacy,PRIVATE-LIMITED,LDH,Punjab,28/06/2025 10:02 AM,AXNQ2993996148384,ACTIVE,2726.98,MCH8953,5912,Private Limited,Pharmacy & Medical,2025-06-28 10:02:00,0,0,AXNQ2993996148384,0,1,2726.98,0,0,8953,1,1,1,3,3
MCH8955,Sani LLC,7011,Hotel,PRIVATE_LIMITED,Madras,Tamil Nadu,09-26-2023,RSSK2984777812430,ACTIVE,-1833.73,MCH8955,7011,Private Limited,Hotels & Hospitality,2023-09-26 00:00:00,0,0,RSSK2984777812430,0,0,-1833.73,0,1,8955,1,1,1,3,2
8957,MADAN-KOTHARI,5699,Apparel,Sole Proprietor,Ludhiana,Punjab,,XXXX2329,Live,934.34,8957,5699,Sole Proprietor,Clothing,,1,0,XXXX2329,0,1,934.34,0,0,8957,1,1,1,3,2
MCH8958,Verma-Biswas,5699,CLOTHS,Partnership,Amritsar,Punjab,06/03/2023 02:48 PM,,A,7196.61,MCH8958,5699,Partnership,Clothing,2023-03-06 14:48:00,0,0,,1,0,7196.61,0,0,8958,0,0,0,0,1
MCH8963,"Aggarwal,NagiandBorde",5411,groceries,SOLE-PROPRIETOR,ludhiana,Punjab,01/08/2024 05:56 PM,UGNI2119725168826,A,INR 474.91,MCH8963,5411,Sole Proprietor,Grocery,2024-08-01 17:56:00,0,0,UGNI2119725168826,0,0,474.91,0,0,8963,0,0,0,0,1
MCH8965,Lal and Sons,,Books,Sole Proprietor,chennai,Tamil Nadu,2025/09/07,,Enabled,,MCH8965,,Sole Proprietor,Unknown,2025-09-07 00:00:00,0,0,,1,0,,1,0,8965,1,1,1,3,2
MCH8966,Talwar PLC,5999,Retail Other,sole_proprietor,Madras,Tamil Nadu,07-23-2023,LXSL0666403926452,Live,432.95,MCH8966,5999,Sole Proprietor,Other Retail,2023-07-23 00:00:00,0,0,LXSL0666403926452,0,1,432.95,0,0,8966,0,0,0,0,1
MCH8967,"KAKAR, MANDAL AND SEHGAL",4814,TELECOM,private_limited,DELHI,Delhi,26/01/2024,XXXX8902,Active,-3964.67,MCH8967,4814,Private Limited,Telecom,2024-01-26 00:00:00,0,0,XXXX8902,0,1,-3964.67,0,1,8967,1,1,1,3,2
MCH8968,Sankar-Zachariah,05411,Grocery Stores,individual,Madras,Tamil Nadu,,VDPY3965638190434,Live,"7,171.02",MCH8968,5411,Individual,Grocery,,1,0,VDPY3965638190434,0,0,7171.02,0,0,8968,1,1,1,3,3
MCH8972,VIG INC,MCC-5411,Grocery Stores,PARTNERSHIP,Calcutta,West Bengal,17-Aug-2024,,Enabled,835.08,MCH8972,5411,Partnership,Grocery,2024-08-17 00:00:00,0,0,,1,0,835.08,0,0,8972,0,0,0,0,1
MCH 8974,"Shukla, Gaba and Sani",5912,Pharmacy,SOLE_PROPRIETOR,New Delhi,Delhi,02-15-2026,EPWM9547022186249,ACTIVE,₹438.78,MCH8974,5912,Sole Proprietor,Pharmacy & Medical,2026-02-15 00:00:00,0,0,EPWM9547022186249,0,0,438.78,0,0,8974,1,1,0,2,2
MCH 8975,"shanker, kothari and balasubramanian",4814,TELECOM,INDIVIDUAL,Bombay,Maharashtra,2025-10-24 08:14:24,,ACTIVE,-1231.77,MCH8975,4814,Individual,Telecom,2025-10-24 08:14:24,0,0,,1,0,-1231.77,0,1,8975,0,0,0,0,1
MCH8976,PRAKASH PLC,5699,garments,Sole Proprietor,Jalandar,Punjab,15-Feb-2023,YWYW3270588037167,SUSPENDED,1358.57,MCH8976,5699,Sole Proprietor,Clothing,2023-02-15 00:00:00,0,0,YWYW3270588037167,0,0,1358.57,0,0,8976,0,0,0,0,1
MCH-8978,TalwarandSons,5942,Stationery,sole_proprietor,MUMBAI,Maharashtra,23/05/2023,,Active,4704.55,MCH8978,5942,Sole Proprietor,Books & Stationery,2023-05-23 00:00:00,0,0,,1,0,4704.55,0,0,8978,0,0,0,0,1
MCH8980,SIBAL AND SONS,5999,Other,SOLE-PROPRIETOR,Calcutta,West Bengal,,NSXF9069953614841,Enabled,-972.53,MCH8980,5999,Sole Proprietor,Other Retail,,1,0,NSXF9069953614841,0,1,-972.53,0,1,8980,1,0,1,2,2
MCH8981,Tara-Sinha,MCC-5999,Retail Other,Individual,Bengaluru,Karnataka,2025/10/02,1533662903,Enabled,"Rs. 3,617",MCH8981,5999,Individual,Other Retail,2025-10-02 00:00:00,0,0,1533662903,0,0,3617.0,0,0,8981,0,0,0,0,1
MCH8982,deo-nath,5812,FOOD_SERVICES,PRIVATE-LIMITED,Amritsar,Punjab,1689671726,,Active,1840.43,MCH8982,5812,Private Limited,Food & Restaurants,2023-07-18 09:15:26,0,0,,1,0,1840.43,0,0,8982,0,0,0,0,1
MCH8984,Sharma Group,05812,Food,private_limited,ludhiana,Punjab,2023/06/21,,ACTIVE,590.58,MCH8984,5812,Private Limited,Food & Restaurants,2023-06-21 00:00:00,0,0,,1,0,590.58,0,0,8984,0,0,0,0,1
MCH8987,Mander LLC,5942,Stationery,PRIVATE-LIMITED,Pune,Maharashtra,02-Feb-2024,7115831556,ACTIVE,881.75,MCH8987,5942,Private Limited,Books & Stationery,2024-02-02 00:00:00,0,0,7115831556,0,0,881.75,0,0,8987,0,0,0,0,1
MCH8988,"Ratti, Rattan and Menon",5942,Stationery,PRIVATE_LIMITED,Madras,Tamil Nadu,1771703186,XXXX5339,Active,1897.88,MCH8988,5942,Private Limited,Books & Stationery,2026-02-21 19:46:26,0,0,XXXX5339,0,1,1897.88,0,0,8988,0,0,0,0,1
MCH8990,Konda-Comar,4131,Transport,Private Limited,bengaluru,Karnataka,2023-05-12 14:14:04,,ACTIVE,₹273.69,MCH8990,4131,Private Limited,Transportation,2023-05-12 14:14:04,0,0,,1,0,273.69,0,0,8990,0,0,0,0,1
mch8994,Shukla-Manne,,Telecom,PARTNERSHIP,Calcutta,West Bengal,1763825174,AOKV6829664383303,ACTIVE,2951.22,MCH8994,,Partnership,Unknown,2025-11-22 15:26:14,0,0,AOKV6829664383303,0,0,2951.22,0,0,8994,0,0,0,0,1
MCH8995,MAHAJAN GROUP,5999,Retail Other,Partnership,Jalandar,Punjab,2023/09/12,XXXX2606,ACTIVE,"Rs. 2,967",MCH8995,5999,Partnership,Other Retail,2023-09-12 00:00:00,0,0,XXXX2606,0,1,2967.0,0,0,8995,0,0,0,0,1
MCH8996,Bala-Bhalla,UNKNOWN,Other,PRIVATE_LIMITED,lucknow,Uttar Pradesh,08-18-2025,,A,"₹1,146.92",MCH8996,,Private Limited,Unknown,2025-08-18 00:00:00,0,0,,1,0,1146.92,0,0,8996,0,0,0,0,1
MCH-8999,"BORDE, REDDY AND MITAL",4131,transprt,Sole Proprietor,jalandhar,Punjab,30/06/2024,JAYY6619396625712,Live,-561.7,MCH8999,4131,Sole Proprietor,Transportation,2024-06-30 00:00:00,0,0,JAYY6619396625712,0,0,-561.7,0,1,8999,1,1,1,3,3
mch9001,Sangha-Ravi,05912,Pharmacy,INDIVIDUAL,Bangalore,Karnataka,10-17-2024,,Enabled,₹242.09,MCH9001,5912,Individual,Pharmacy & Medical,2024-10-17 00:00:00,0,0,,1,0,242.09,0,0,9001,1,0,1,2,2
MCH-9002,MANNE LTD,,Department Store,partnership,ASR,Punjab,11-Apr-2023,XXXX2471,Live,2336.66,MCH9002,,Partnership,Unknown,2023-04-11 00:00:00,0,0,XXXX2471,0,1,2336.66,0,0,9002,0,0,0,0,1
mch9004,"Nigam, Hegde and Sura",5912,Pharmacies,PARTNERSHIP,Hyd,Telangana,,,Inactive,926.37,MCH9004,5912,Partnership,Pharmacy & Medical,,1,0,,1,0,926.37,0,0,9004,1,1,1,3,3
MCH9006,Chopra-Sandhu,5699,garments,Partnership,LKO,Uttar Pradesh,2024/04/03,XXXX5629,Enabled,1365.03,MCH9006,5699,Partnership,Clothing,2024-04-03 00:00:00,0,0,XXXX5629,0,1,1365.03,0,0,9006,0,0,0,0,1
MCH-9008,"GOUR, AMBLE AND BAKSHI",5411,Grocery Stores,sole_proprietor,amritsar,Punjab,2024-12-18 18:50:53,NUSH9143769186873,Enabled,"1,167.35",MCH9008,5411,Sole Proprietor,Grocery,2024-12-18 18:50:53,0,0,NUSH9143769186873,0,0,1167.35,0,0,9008,0,0,0,0,1
MCH 9009,"Singhal, Patil and Brar",05311,Retail,private_limited,Jalandar,Punjab,2026-02-20 19:57:40,7365281036,I,"₹1,016.03",MCH9009,5311,Private Limited,Department Stores,2026-02-20 19:57:40,0,0,7365281036,0,0,1016.03,0,0,9009,1,1,1,3,2
9012,"Goel, Devan and Grover",5411,GROCERY_STORE,SOLE-PROPRIETOR,ASR,Punjab,16/09/2025 06:09 AM,7133638417,Disabled,603.58,9012,5411,Sole Proprietor,Grocery,2025-09-16 06:09:00,0,0,7133638417,0,0,603.58,0,0,9012,1,1,1,3,3
MCH9014,Konda-Ram,4814,TELECOM,SOLE_PROPRIETOR,LDH,Punjab,15-Aug-2025,,Active,485.94,MCH9014,4814,Sole Proprietor,Telecom,2025-08-15 00:00:00,0,0,,1,0,485.94,0,0,9014,0,0,0,0,1
MCH9015,PRASHAD INC,5812,Restaurants,SOLE-PROPRIETOR,Madras,Tamil Nadu,05-Aug-2025,ZMCX8700350444666,Live,INR 787.45,MCH9015,5812,Sole Proprietor,Food & Restaurants,2025-08-05 00:00:00,0,0,ZMCX8700350444666,0,1,787.45,0,0,9015,0,0,0,0,1
mch9016,Upadhyay-Sethi,4814,TELECOM,Partnership,Mumbay,Maharashtra,1753606766,XXXX7823,Enabled,764.46,MCH9016,4814,Partnership,Telecom,2025-07-27 08:59:26,0,0,XXXX7823,0,1,764.46,0,0,9016,0,0,0,0,1
9018,Zacharia and Sons,5942,Stationery,individual,BLR,Karnataka,06-Mar-2024,,Enabled,₹594.92,9018,5942,Individual,Books & Stationery,2024-03-06 00:00:00,0,0,,1,0,594.92,0,0,9018,1,1,1,3,2
MCH9021,Sandhu-Jayaraman,5311,DEPT_STORE,private_limited,delhi,Delhi,,,Active,1258.68,MCH9021,5311,Private Limited,Department Stores,,1,0,,1,0,1258.68,0,0,9021,1,0,1,2,2
MCH-9022,"Kunda,DugarandKari",5699,garments,individual,amritsar,Punjab,24/01/2026,,A,"Rs. 1,439",MCH9022,5699,Individual,Clothing,2026-01-24 00:00:00,0,0,,1,0,1439.0,0,0,9022,0,0,0,0,1
MCH9027,"Dani, Soni and Nagy",7011,Hotels,partnership,Jalandhar,Punjab,26/10/2023,XXXX0115,Live,-905.68,MCH9027,7011,Partnership,Hotels & Hospitality,2023-10-26 00:00:00,0,0,XXXX0115,0,1,-905.68,0,1,9027,0,0,0,0,1
mch9029,Hayre and Sons,5311,Retail,INDIVIDUAL,amritsar,Punjab,19-Nov-2025,,ACTIVE,,MCH9029,5311,Individual,Department Stores,2025-11-19 00:00:00,0,0,,1,0,,1,0,9029,0,0,0,0,1
MCH 9032,Johal-Vaidya,5311,DEPT_STORE,PARTNERSHIP,MUMBAI,Maharashtra,07/06/2023 06:53 AM,,ACTIVE,₹821.89,MCH9032,5311,Partnership,Department Stores,2023-06-07 06:53:00,0,0,,1,0,821.89,0,0,9032,0,0,0,0,1
MCH9035,Merchant PLC,5411,Grocery Stores,Private Limited,JPR,Rajasthan,2023/02/04,UCPE5658691269773,ACTIVE,-1280.34,MCH9035,5411,Private Limited,Grocery,2023-02-04 00:00:00,0,0,UCPE5658691269773,0,0,-1280.34,0,1,9035,0,0,0,0,1
MCH-9036,Banerjee-Shenoy,MCC-5912,Pharmacy,SOLE_PROPRIETOR,Poona,Maharashtra,19-Nov-2025,,Live,1613.75,MCH9036,5912,Sole Proprietor,Pharmacy & Medical,2025-11-19 00:00:00,0,0,,1,0,1613.75,0,0,9036,1,0,0,1,2
MCH-9037,Varty-Vaidya,04131,Transportation,PRIVATE_LIMITED,Jalandhar,Punjab,17/04/2023 09:34 PM,XXXX4749,Active,2383.02,MCH9037,4131,Private Limited,Transportation,2023-04-17 21:34:00,0,0,XXXX4749,0,1,2383.02,0,0,9037,0,0,0,0,1
MCH9038,NAIDU GROUP,4131,Transport,private_limited,MUMBAI,Maharashtra,12-07-2024,,A,225.16,MCH9038,4131,Private Limited,Transportation,2024-12-07 00:00:00,0,0,,1,0,225.16,0,0,9038,1,1,1,3,4
MCH9040,  Sharma-Dubey  ,,Stationery,Sole Proprietor,JPR,Rajasthan,25/06/2023 10:52 AM,XXXX1697,Active,573.1,MCH9040,,Sole Proprietor,Unknown,2023-06-25 10:52:00,0,0,XXXX1697,0,1,573.1,0,0,9040,0,0,0,0,1
MCH9041,Kade-Sahota,4131,transprt,Individual,Poona,Maharashtra,,8030172107,Enabled,"2,738.21",MCH9041,4131,Individual,Transportation,,1,0,8030172107,0,0,2738.21,0,0,9041,0,0,0,0,1
MCH9043,Setty and Sons,7011,Hotel,PARTNERSHIP,Pune,Maharashtra,02-10-2024,,Active,"Rs. 3,323",MCH9043,7011,Partnership,Hotels & Hospitality,2024-02-10 00:00:00,0,0,,1,0,3323.0,0,0,9043,0,0,0,0,1
mch9045,"  Kaul, Sethi and Vaidya  ",4814,Telecom,PARTNERSHIP,Bangalore,Karnataka,,6906668934,Disabled,"Rs. 1,488",MCH9045,4814,Partnership,Telecom,,1,0,6906668934,0,0,1488.0,0,0,9045,0,0,0,0,1
MCH9048,Kalla PLC,5812,Food,PARTNERSHIP,Jalandhar,Punjab,1695011577,,Live,544.22,MCH9048,5812,Partnership,Food & Restaurants,2023-09-18 04:32:57,0,0,,1,0,544.22,0,0,9048,1,1,1,3,2
MCH9049,Babu-Bali,5812,eating place,INDIVIDUAL,bengaluru,Karnataka,02/07/2023 10:16 AM,4401897773,A,2337.3,MCH9049,5812,Individual,Food & Restaurants,2023-07-02 10:16:00,0,0,4401897773,0,0,2337.3,0,0,9049,1,1,1,3,2
MCH9050,Bali Ltd,4131,Bus/Taxi,Individual,jalandhar,Punjab,01/06/2025,8040024958,SUSPENDED,847.23,MCH9050,4131,Individual,Transportation,2025-06-01 00:00:00,0,0,8040024958,0,0,847.23,0,0,9050,1,0,1,2,2
MCH-9051,"Gara, Keer and Padmanabhan",4814,Telecom,SOLE-PROPRIETOR,bengaluru,Karnataka,16-Jul-2023,XXXX6304,Active,1715.14,MCH9051,4814,Sole Proprietor,Telecom,2023-07-16 00:00:00,0,0,XXXX6304,0,1,1715.14,0,0,9051,0,0,0,0,1
MCH9052,ramaswamy-chhabra,,BOOKS_STATIONERY,partnership,mumbai,Maharashtra,10/11/2024,,Live,-534.11,MCH9052,,Partnership,Unknown,2024-11-10 00:00:00,0,0,,1,0,-534.11,0,1,9052,0,0,0,0,1
MCH9056,"Misra, Kalita and Kapur",5942,Books,PRIVATE_LIMITED,LKO,Uttar Pradesh,06-17-2023,0830352688,Live,497.59,MCH9056,5942,Private Limited,Books & Stationery,2023-06-17 00:00:00,0,0,0830352688,0,0,497.59,0,0,9056,0,0,0,0,1
MCH-9057,Dayal Ltd,,Stationery,partnership,JPR,Rajasthan,10-11-2024,TJAX1540713634286,Live,INR 728.46,MCH9057,,Partnership,Unknown,2024-10-11 00:00:00,0,0,TJAX1540713634286,0,1,728.46,0,0,9057,0,0,0,0,1
MCH9059,Shroff Ltd,MCC-5311,Department Store,PRIVATE_LIMITED,Jalandhar,Punjab,18/07/2023,,Enabled,₹399.71,MCH9059,5311,Private Limited,Department Stores,2023-07-18 00:00:00,0,0,,1,0,399.71,0,0,9059,0,0,0,0,1
MCH9060,"RAMASWAMY, SINGHAL AND DEEP",05999,Retail Other,INDIVIDUAL,mumbai,Maharashtra,01/01/2023,,Enabled,"Rs. 1,011",MCH9060,5999,Individual,Other Retail,2023-01-01 00:00:00,0,0,,1,0,1011.0,0,0,9060,0,0,0,0,1
MCH 9063,"Bhatt, Sabharwal and Devi",5699,Clothing,Sole Proprietor,Calcutta,West Bengal,10-Sep-2023,XXXX6663,Inactive,,MCH9063,5699,Sole Proprietor,Clothing,2023-09-10 00:00:00,0,0,XXXX6663,0,1,,1,0,9063,0,0,0,0,1
9067,Boase-Sule,5942,BOOKS_STATIONERY,Individual,Jalandhar,Punjab,09-06-2025,,ACTIVE,"1,045.82",9067,5942,Individual,Books & Stationery,2025-09-06 00:00:00,0,0,,1,0,1045.82,0,0,9067,1,1,1,3,2
mch9068,Halder PLC,5699,Apparel,PRIVATE-LIMITED,Jalandhar,Punjab,08-Oct-2023,3161253540,ACTIVE,5193.72,MCH9068,5699,Private Limited,Clothing,2023-10-08 00:00:00,0,0,3161253540,0,0,5193.72,0,0,9068,1,0,1,2,2
MCH9070,"buch, samra and tata",5912.0,Medical,partnership,Lucknow,Uttar Pradesh,2023-11-19 07:02:51,6049785311,Enabled,5075.53,MCH9070,5912,Partnership,Pharmacy & Medical,2023-11-19 07:02:51,0,0,6049785311,0,0,5075.53,0,0,9070,0,0,0,0,1
MCH9074,Sa1vi-Tata,7011,Hotels,PARTNERSHIP,Chennai,Tamil Nadu,2025/04/24,XXXX6816,ACTIVE,"Rs. 1,227",MCH9074,7011,Partnership,Hotels & Hospitality,2025-04-24 00:00:00,0,0,XXXX6816,0,1,1227.0,0,0,9074,1,1,0,2,2
mch9075,BHAKTA INC,4814,phone service,partnership,New Delhi,Delhi,20-Oct-2023,,I,"INR 1,186.46",MCH9075,4814,Partnership,Telecom,2023-10-20 00:00:00,0,0,,1,0,1186.46,0,0,9075,0,0,0,0,1
MCH9080,  Jani and Sons  ,5699,Apparel,partnership,LKO,Uttar Pradesh,13/05/2025,XXXX8347,S,672.43,MCH9080,5699,Partnership,Clothing,2025-05-13 00:00:00,0,0,XXXX8347,0,1,672.43,0,0,9080,1,1,1,3,3
MCH9081,Patil-Hans,4814,phone service,Individual,mumbai,Maharashtra,2025-06-12 12:49:19,8795015116,Live,,MCH9081,4814,Individual,Telecom,2025-06-12 12:49:19,0,0,8795015116,0,0,,1,0,9081,0,0,0,0,1
9082,"dutt, behl and sant",5311.0,DEPT_STORE,INDIVIDUAL,Hyd,Telangana,,6486570374,Active,621.31,9082,5311,Individual,Department Stores,,1,0,6486570374,0,0,621.31,0,0,9082,1,1,1,3,3
MCH9083,"Gera, Varghese and Karpe",5311.0,Department Store,Private Limited,jaipur,Rajasthan,19/05/2025 12:31 AM,9824715725,Active,3755.09,MCH9083,5311,Private Limited,Department Stores,2025-05-19 00:31:00,0,0,9824715725,0,0,3755.09,0,0,9083,1,1,1,3,2
MCH9088,Bhardwaj-Bala,5999,Miscellaneous,PARTNERSHIP,Madras,Tamil Nadu,06-26-2025,UMVD8641404072198,Active,"Rs. 4,130",MCH9088,5999,Partnership,Other Retail,2025-06-26 00:00:00,0,0,UMVD8641404072198,0,0,4130.0,0,0,9088,1,1,1,3,2
mch9091,"Dewan, Hayre and Kala",MCC-4131,Transportation,sole_proprietor,Amritsar,Punjab,,VGTR9380587606414,Closed,"₹4,267.28",MCH9091,4131,Sole Proprietor,Transportation,,1,0,VGTR9380587606414,0,0,4267.28,0,0,9091,0,0,0,0,1
MCH9092,Mall-Deshpande,7011,Hospitality,Partnership,Delhi,Delhi,26/12/2025,JMDU2866891583451,Inactive,"₹1,485.10",MCH9092,7011,Partnership,Hotels & Hospitality,2025-12-26 00:00:00,0,0,JMDU2866891583451,0,0,1485.1,0,0,9092,0,1,1,2,2
MCH9094,"YADAV, ZACHARIA AND DUTT",05912,Pharmacy,SOLE-PROPRIETOR,ludhiana,Punjab,2023/09/24,2133770313,S,"₹1,081.32",MCH9094,5912,Sole Proprietor,Pharmacy & Medical,2023-09-24 00:00:00,0,0,2133770313,0,0,1081.32,0,0,9094,0,0,0,0,1
mch9095,  Mital-Reddy  ,4814,Mobile Recharge,PARTNERSHIP,lucknow,Uttar Pradesh,12-07-2025,,SUSPENDED,1105.17,MCH9095,4814,Partnership,Telecom,2025-12-07 00:00:00,0,0,,1,0,1105.17,0,0,9095,0,0,0,0,1
MCH9096,"Boase, Swaminathan and Yohannan",5999,Miscellaneous,INDIVIDUAL,Chennai,Tamil Nadu,1722797787,,Live,"₹1,547.45",MCH9096,5999,Individual,Other Retail,2024-08-04 18:56:27,0,0,,1,0,1547.45,0,0,9096,0,0,1,1,2
MCH 9098,Ghosh-Roy,7011,Hotels,PARTNERSHIP,Calcutta,West Bengal,,5455672154,Enabled,372.61,MCH9098,7011,Partnership,Hotels & Hospitality,,1,0,5455672154,0,0,372.61,0,0,9098,1,0,1,2,2
mch9100,Dey-Bandi,MCC-5999,Misc Retail,SOLE_PROPRIETOR,MUMBAI,Maharashtra,2023-01-23 11:38:30,XLOL4843036264872,ACTIVE,707.08,MCH9100,5999,Sole Proprietor,Other Retail,2023-01-23 11:38:30,0,0,XLOL4843036264872,0,1,707.08,0,0,9100,0,0,0,0,1
MCH-9101,Pal-Ramesh,,Transport,PARTNERSHIP,Pune,Maharashtra,2024-05-29 14:48:09,XXXX0762,Live,"Rs. 1,223",MCH9101,,Partnership,Unknown,2024-05-29 14:48:09,0,0,XXXX0762,0,1,1223.0,0,0,9101,0,0,0,0,1
mch9102,sastry-wali,5942.0,BOOKS_STATIONERY,Private Limited,Poona,Maharashtra,2025-06-30 04:03:18,WUTS6822135925592,A,1846.0,MCH9102,5942,Private Limited,Books & Stationery,2025-06-30 04:03:18,0,0,WUTS6822135925592,0,0,1846.0,0,0,9102,0,0,0,0,1
mch9104,Parmar and Sons,5411,groceries,Sole Proprietor,Poona,Maharashtra,,DUAU1962867484687,ACTIVE,"INR 1,913.35",MCH9104,5411,Sole Proprietor,Grocery,,1,0,DUAU1962867484687,0,0,1913.35,0,0,9104,1,1,1,3,3
mch9107,"Devi, Chhabra and Sharaf",5699.0,garments,sole_proprietor,pune,Maharashtra,2026-02-22 08:24:38,5670845997,Enabled,Rs. 637,MCH9107,5699,Sole Proprietor,Clothing,2026-02-22 08:24:38,0,0,5670845997,0,0,637.0,0,0,9107,0,1,1,2,2
MCH9109,"Som, Mittal and Wable",5699.0,Clothing,PARTNERSHIP,ASR,Punjab,11-08-2024,XXXX6670,Live,Rs. 553,MCH9109,5699,Partnership,Clothing,2024-11-08 00:00:00,0,0,XXXX6670,0,1,553.0,0,0,9109,0,0,0,0,1
mch9110,Barad LLC,7011,Hospitality,individual,Lucknow,Uttar Pradesh,2024-08-01 13:01:22,XXXX8331,I,"1,477.89",MCH9110,7011,Individual,Hotels & Hospitality,2024-08-01 13:01:22,0,0,XXXX8331,0,1,1477.89,0,0,9110,0,0,0,0,1
MCH9111,"  Dhar, Thaker and Madan  ",5999.0,Misc Retail,private_limited,Calcutta,West Bengal,08-11-2024,IKTX4120845617487,Enabled,"1,785.10",MCH9111,5999,Private Limited,Other Retail,2024-08-11 00:00:00,0,0,IKTX4120845617487,0,1,1785.1,0,0,9111,0,0,0,0,1
mch9112,Saini-Sinha,5699,garments,PRIVATE-LIMITED,Pune,Maharashtra,03/08/2024,,Live,"1,129.73",MCH9112,5699,Private Limited,Clothing,2024-08-03 00:00:00,0,0,,1,0,1129.73,0,0,9112,1,1,1,3,2
MCH9114,Tiwari-0ak,4814,TELECOM,individual,Pune,Maharashtra,01-16-2026,,Enabled,"INR 7,090.63",MCH9114,4814,Individual,Telecom,2026-01-16 00:00:00,0,0,,1,0,7090.63,0,0,9114,1,0,1,2,2
MCH9117,"KALE, KOHLI AND CHHABRA",5942.0,Book Store,Sole Proprietor,Jalandar,Punjab,,,Hold,206.51,MCH9117,5942,Sole Proprietor,Books & Stationery,,1,0,,1,0,206.51,0,0,9117,0,0,0,0,1
MCH9119,Dyal-Salvi,4814,TELECOM,Partnership,Chennai,Tamil Nadu,20/04/2023,,A,"INR 6,428.96",MCH9119,4814,Partnership,Telecom,2023-04-20 00:00:00,0,0,,1,0,6428.96,0,0,9119,0,0,0,0,1
MCH9120,sood ltd,07011,Hotel,SOLE-PROPRIETOR,Mumbay,Maharashtra,24/09/2025 09:17 PM,,A,680.9,MCH9120,7011,Sole Proprietor,Hotels & Hospitality,2025-09-24 21:17:00,0,0,,1,0,680.9,0,0,9120,0,0,0,0,1
9121,Divan-Char,5942,BOOKS_STATIONERY,PARTNERSHIP,Amritsar,Punjab,2025/02/18,YDYC9354203967320,Inactive,-339.98,9121,5942,Partnership,Books & Stationery,2025-02-18 00:00:00,0,0,YDYC9354203967320,0,0,-339.98,0,1,9121,0,0,0,0,1
MCH9125,Raghavan PLC,,Miscellaneous,individual,JPR,Rajasthan,2024/10/10,,Active,1723.08,MCH9125,,Individual,Unknown,2024-10-10 00:00:00,0,0,,1,0,1723.08,0,0,9125,1,1,1,3,2
MCH9126,Anne-Chahal,5411,Grocery,PARTNERSHIP,Hyderabad,Telangana,2023/03/05,,A,,MCH9126,5411,Partnership,Grocery,2023-03-05 00:00:00,0,0,,1,0,,1,0,9126,0,0,0,0,1
mch9128,"Vig, Menon and Prabhakar",5942,Stationery,sole_proprietor,New Delhi,Delhi,30/08/2023 06:57 AM,ROAG7230893964425,Live,Rs. 594,MCH9128,5942,Sole Proprietor,Books & Stationery,2023-08-30 06:57:00,0,0,ROAG7230893964425,0,0,594.0,0,0,9128,0,0,0,0,1
MCH9129,"sinha, chauhan and sathe",5411,Grocery,partnership,Calcutta,West Bengal,06-Jul-2025,VXNZ5598805748177,Enabled,INR 914.12,MCH9129,5411,Partnership,Grocery,2025-07-06 00:00:00,0,0,VXNZ5598805748177,0,1,914.12,0,0,9129,0,0,0,0,1
MCH9130,Chhabra LLC,5812,eating place,PRIVATE-LIMITED,jalandhar,Punjab,09/12/2024,,Active,1786.29,MCH9130,5812,Private Limited,Food & Restaurants,2024-12-09 00:00:00,0,0,,1,0,1786.29,0,0,9130,0,0,0,0,1
MCH9131,"Arya, Narang and Maharaj",7011,HOTEL_LODGING,individual,JPR,Rajasthan,19/04/2024 05:10 AM,,Active,"₹6,588.75",MCH9131,7011,Individual,Hotels & Hospitality,2024-04-19 05:10:00,0,0,,1,0,6588.75,0,0,9131,0,0,0,0,1
MCH9132,Shankar-Bahl,4814,Telecom,individual,pune,Maharashtra,04/12/2023 06:44 PM,LXEB0419516326153,SUSPENDED,"₹2,278.28",MCH9132,4814,Individual,Telecom,2023-12-04 18:44:00,0,0,LXEB0419516326153,0,1,2278.28,0,0,9132,0,0,0,0,1
MCH9133,"Rai, Nadig and Karpe",4131,transprt,PRIVATE-LIMITED,ludhiana,Punjab,03-09-2025,,Enabled,-268.65,MCH9133,4131,Private Limited,Transportation,2025-03-09 00:00:00,0,0,,1,0,-268.65,0,1,9133,0,0,0,0,1
MCH 9134,Edwin-Viswanathan,MCC-5699,garments,Sole Proprietor,jalandhar,Punjab,,,ACTIVE,1602.69,MCH9134,5699,Sole Proprietor,Clothing,,1,0,,1,0,1602.69,0,0,9134,0,0,0,0,1
mch9135,"NATH, SAMRA AND CHOPRA",4814,Mobile Recharge,SOLE_PROPRIETOR,kolkata,West Bengal,04/02/2026 01:44 AM,7899898758,Active,387.53,MCH9135,4814,Sole Proprietor,Telecom,2026-02-04 01:44:00,0,0,7899898758,0,0,387.53,0,0,9135,0,0,0,0,1
9136,Mody Ltd,5411.0,Grocery Stores,individual,Madras,Tamil Nadu,2024/07/10,MHEB9502738400073,Active,1976.5,9136,5411,Individual,Grocery,2024-07-10 00:00:00,0,0,MHEB9502738400073,0,0,1976.5,0,0,9136,0,0,0,0,1
MCH9137,Chakrabarti PLC,4131,transprt,PRIVATE_LIMITED,jaipur,Rajasthan,19-Nov-2023,XXXX6117,Active,INR 347.82,MCH9137,4131,Private Limited,Transportation,2023-11-19 00:00:00,0,0,XXXX6117,0,1,347.82,0,0,9137,0,0,0,0,1
MCH9140,  Dugar-Uppal  ,5411,Grocery Stores,PARTNERSHIP,Jaipur,Rajasthan,2024-12-06 06:26:10,,A,"₹1,470.42",MCH9140,5411,Partnership,Grocery,2024-12-06 06:26:10,0,0,,1,0,1470.42,0,0,9140,1,1,1,3,2
MCH9143,Kibe and Sons,,Mobile Recharge,Individual,Jalandhar,Punjab,06-12-2025,,Live,INR 924.79,MCH9143,,Individual,Unknown,2025-06-12 00:00:00,0,0,,1,0,924.79,0,0,9143,1,1,1,3,2
MCH9145,"Yadav, Bhatti and Atwal",4814,TELECOM,PARTNERSHIP,DELHI,Delhi,11-24-2025,,Enabled,INR 845.36,MCH9145,4814,Partnership,Telecom,2025-11-24 00:00:00,0,0,,1,0,845.36,0,0,9145,1,0,1,2,3
MCH9147,BORDE GROUP,5942,Book Store,SOLE_PROPRIETOR,Madras,Tamil Nadu,,,A,Rs. 193,MCH9147,5942,Sole Proprietor,Books & Stationery,,1,0,,1,0,193.0,0,0,9147,1,0,1,2,2
MCH-9148,Venkatesh and Sons,07011,Hospitality,SOLE-PROPRIETOR,Hyderabad,Telangana,16/07/2023 09:32 PM,XXXX2774,Active,Rs. 503,MCH9148,7011,Sole Proprietor,Hotels & Hospitality,2023-07-16 21:32:00,0,0,XXXX2774,0,1,503.0,0,0,9148,0,0,0,0,1
MCH9149,varghese plc,5411.0,kirana,INDIVIDUAL,Jaipur,Rajasthan,26-Dec-2025,,Enabled,"3,708.64",MCH9149,5411,Individual,Grocery,2025-12-26 00:00:00,0,0,,1,0,3708.64,0,0,9149,1,1,0,2,2
MCH9151,  Ravi Ltd  ,4131,Transport,PARTNERSHIP,Jalandhar,Punjab,26/06/2025 08:37 AM,,INACTIVE,779.12,MCH9151,4131,Partnership,Transportation,2025-06-26 08:37:00,0,0,,1,0,779.12,0,0,9151,0,0,0,0,1
MCH9152,KARA-PARIKH,4814,Telecom,SOLE_PROPRIETOR,Lucknow,Uttar Pradesh,12-01-2024,,ACTIVE,"INR 5,009.29",MCH9152,4814,Sole Proprietor,Telecom,2024-12-01 00:00:00,0,0,,1,0,5009.29,0,0,9152,0,0,0,0,1
9153,Amble and Sons,4131,Bus/Taxi,sole_proprietor,ASR,Punjab,11/04/2025,RQJV0029687316825,Live,,9153,4131,Sole Proprietor,Transportation,2025-04-11 00:00:00,0,0,RQJV0029687316825,0,0,,1,0,9153,0,0,0,0,1
MCH9154,"PAL, DARA AND YADAV",5999.0,Retail Other,PRIVATE_LIMITED,jaipur,Rajasthan,12-Jul-2025,XXXX2752,Active,3887.81,MCH9154,5999,Private Limited,Other Retail,2025-07-12 00:00:00,0,0,XXXX2752,0,1,3887.81,0,0,9154,1,1,1,3,2
MCH9158,"Sachdeva, Va1a and Bedi",5812,Restaurants,sole_proprietor,lucknow,Uttar Pradesh,,8244922873,Closed,"₹6,181.65",MCH9158,5812,Sole Proprietor,Food & Restaurants,,1,0,8244922873,0,0,6181.65,0,0,9158,0,0,0,0,1
MCH9160,Som Ltd,4814.0,Mobile Recharge,PARTNERSHIP,Ludhiana,Punjab,01-29-2025,9756179537,ACTIVE,722.22,MCH9160,4814,Partnership,Telecom,2025-01-29 00:00:00,0,0,9756179537,0,0,722.22,0,0,9160,0,0,0,0,1
MCH 9161,Patla Group,5311,Retail,individual,pune,Maharashtra,25/10/2024,XXXX6366,Active,-1771.36,MCH9161,5311,Individual,Department Stores,2024-10-25 00:00:00,0,0,XXXX6366,0,1,-1771.36,0,1,9161,0,0,0,0,1
MCH9162,Shankar-Shah,5999,Miscellaneous,PRIVATE-LIMITED,Bangalore,Karnataka,22-Feb-2023,BRKF3158800571527,A,,MCH9162,5999,Private Limited,Other Retail,2023-02-22 00:00:00,0,0,BRKF3158800571527,0,0,,1,0,9162,0,0,0,0,1
MCH9164,MITAL AND SONS,,CLOTHS,Private Limited,Dilli,Delhi,08-12-2025,,Enabled,4681.79,MCH9164,,Private Limited,Unknown,2025-08-12 00:00:00,0,0,,1,0,4681.79,0,0,9164,0,0,0,0,1
MCH-9165,"Iyengar, Raja and Bhasin",5411,Grocery,private_limited,LKO,Uttar Pradesh,01-Mar-2024,XXXX0194,ACTIVE,"1,898.13",MCH9165,5411,Private Limited,Grocery,2024-03-01 00:00:00,0,0,XXXX0194,0,1,1898.13,0,0,9165,1,0,1,2,2
MCH9173,BUMB-BANDI,5999,Miscellaneous,SOLE_PROPRIETOR,Poona,Maharashtra,26/06/2023 02:58 AM,,Enabled,INR 450.27,MCH9173,5999,Sole Proprietor,Other Retail,2023-06-26 02:58:00,0,0,,1,0,450.27,0,0,9173,0,0,0,0,1
MCH9174,"Chander, Goswami and Butala",MCC-7011,Hospitality,Partnership,Jalandar,Punjab,14/06/2024 12:24 PM,1722137543,Enabled,914.67,MCH9174,7011,Partnership,Hotels & Hospitality,2024-06-14 12:24:00,0,0,1722137543,0,0,914.67,0,0,9174,0,0,0,0,1
MCH9175,BHATT LTD,7011,Hospitality,SOLE-PROPRIETOR,BLR,Karnataka,27/04/2025 06:17 PM,2467254885,Active,INR 567.73,MCH9175,7011,Sole Proprietor,Hotels & Hospitality,2025-04-27 18:17:00,0,0,2467254885,0,0,567.73,0,0,9175,0,0,0,0,1
MCH9176,Jayaraman PLC,5311,Department Store,Private Limited,Jalandar,Punjab,16/08/2025,,Suspended,609.42,MCH9176,5311,Private Limited,Department Stores,2025-08-16 00:00:00,0,0,,1,0,609.42,0,0,9176,0,0,0,0,1
9180,RamaswamyPLC,5699.0,cloths,INDIVIDUAL,Pune,Maharashtra,2025/08/08,,Suspended,-1761.26,9180,5699,Individual,Clothing,2025-08-08 00:00:00,0,0,,1,0,-1761.26,0,1,9180,0,0,1,1,2
MCH9185,Om Ltd,5812,Restaurants,PARTNERSHIP,kolkata,West Bengal,22/09/2025,RKEJ2980134292377,Closed,₹311.59,MCH9185,5812,Partnership,Food & Restaurants,2025-09-22 00:00:00,0,0,RKEJ2980134292377,0,0,311.59,0,0,9185,0,0,0,0,2
MCH9187,MANE AND SONS,5812.0,Restaurants,INDIVIDUAL,HYDERABAD,Telangana,18/12/2025,,Active,508.01,MCH9187,5812,Individual,Food & Restaurants,2025-12-18 00:00:00,0,0,,1,0,508.01,0,0,9187,0,0,0,0,1
MCH9188,Randhawa PLC,4814,Mobile Recharge,PARTNERSHIP,Jalandhar,Punjab,11/09/2024,XXXX7941,Enabled,,MCH9188,4814,Partnership,Telecom,2024-09-11 00:00:00,0,0,XXXX7941,0,1,,1,0,9188,0,0,0,0,1
MCH-9190,"Dugar, Babu and Ba1a",5812.0,Restaurant,INDIVIDUAL,Chennai,Tamil Nadu,24-Jan-2025,,A,471.43,MCH9190,5812,Individual,Food & Restaurants,2025-01-24 00:00:00,0,0,,1,0,471.43,0,0,9190,0,0,0,0,1
MCH 9192,gandhi llc,5912,Pharmacies,INDIVIDUAL,jaipur,Rajasthan,01-Mar-2025,,Active,1758.06,MCH9192,5912,Individual,Pharmacy & Medical,2025-03-01 00:00:00,0,0,,1,0,1758.06,0,0,9192,0,0,0,0,1
MCH9193,Ramachandran-Rao,5699,garments,INDIVIDUAL,bengaluru,Karnataka,2024/04/07,XXXX3147,A,"₹1,693.53",MCH9193,5699,Individual,Clothing,2024-04-07 00:00:00,0,0,XXXX3147,0,1,1693.53,0,0,9193,1,1,1,3,2
MCH9195,"Manne, Parsa and Ratta",5311.0,Department Store,Individual,Kolkata,West Bengal,1736308456,XXXX4221,A,"1,304.69",MCH9195,5311,Individual,Department Stores,2025-01-08 03:54:16,0,0,XXXX4221,0,1,1304.69,0,0,9195,0,0,0,0,1
MCH9196,Brahmbhatt Inc,5411,Grocery Stores,partnership,Bengaluru,Karnataka,1678948902,,Enabled,-4354.3,MCH9196,5411,Partnership,Grocery,2023-03-16 06:41:42,0,0,,1,0,-4354.3,0,1,9196,1,1,1,3,2
MCH9199,Goda-Patel,MCC-4814,phone service,PARTNERSHIP,Lucknow,Uttar Pradesh,2024/12/23,3404405124,ACTIVE,₹992.24,MCH9199,4814,Partnership,Telecom,2024-12-23 00:00:00,0,0,3404405124,0,0,992.24,0,0,9199,1,0,1,2,2
MCH9201,  Ramachandran PLC  ,4814,phone service,PRIVATE-LIMITED,JPR,Rajasthan,2024-10-02 18:21:00,,Active,"1,064.13",MCH9201,4814,Private Limited,Telecom,2024-10-02 18:21:00,0,0,,1,0,1064.13,0,0,9201,0,0,0,0,1
MCH9203,PATEL-BHASIN,7011,Hotels,partnership,New Delhi,Delhi,14/04/2025,XXXX4448,Active,"INR 1,305.76",MCH9203,7011,Partnership,Hotels & Hospitality,2025-04-14 00:00:00,0,0,XXXX4448,0,1,1305.76,0,0,9203,1,1,1,3,2
MCH9205,Lala Ltd,4131,Transport,PRIVATE_LIMITED,Kolkata,West Bengal,26/11/2024 04:12 AM,XXXX6473,Suspended,INR 569.25,MCH9205,4131,Private Limited,Transportation,2024-11-26 04:12:00,0,0,XXXX6473,0,1,569.25,0,0,9205,0,0,0,0,1
MCH9207,"Gola, Prabhu and Sood",5311.0,DEPT_STORE,private_limited,Calcutta,West Bengal,2025-02-14 20:21:36,YDIJ7187856499079,Enabled,"1,107.16",MCH9207,5311,Private Limited,Department Stores,2025-02-14 20:21:36,0,0,YDIJ7187856499079,0,0,1107.16,0,0,9207,1,1,1,3,2
MCH9208,Lala-Tiwari,05942,BOOKS_STATIONERY,PARTNERSHIP,ASR,Punjab,2023/05/17,,Inactive,₹338.09,MCH9208,5942,Partnership,Books & Stationery,2023-05-17 00:00:00,0,0,,1,0,338.09,0,0,9208,0,0,0,0,1
MCH9211,Dubey-Kurian,7011,HOTEL_LODGING,INDIVIDUAL,jalandhar,Punjab,08-01-2023,XXXX5476,Enabled,2981.74,MCH9211,7011,Individual,Hotels & Hospitality,2023-08-01 00:00:00,0,0,XXXX5476,0,1,2981.74,0,0,9211,0,0,0,0,1
MCH9216,AMBLE-THAMAN,UNKNOWN,chemist,partnership,Ludhiana,Punjab,2025/02/10,TRSX1584484080188,A,"2,329.15",MCH9216,,Partnership,Unknown,2025-02-10 00:00:00,0,0,TRSX1584484080188,0,1,2329.15,0,0,9216,0,0,0,0,1
MCH9219,  Baria Inc  ,4814,Telecom,SOLE_PROPRIETOR,JPR,Rajasthan,2024/07/29,7495991370,Active,"Rs. 1,931",MCH9219,4814,Sole Proprietor,Telecom,2024-07-29 00:00:00,0,0,7495991370,0,0,1931.0,0,0,9219,0,0,0,0,1
MCH9220,"Agate,BoaseandKurian",04131,TRAVEL,SOLE-PROPRIETOR,Delhi,Delhi,,XXXX4686,I,-728.01,MCH9220,4131,Sole Proprietor,Transportation,,1,0,XXXX4686,0,1,-728.01,0,1,9220,0,0,0,0,1
MCH9223,Ram LLC,5912,MEDICAL_STORE,SOLE_PROPRIETOR,delhi,Delhi,,,A,₹633.68,MCH9223,5912,Sole Proprietor,Pharmacy & Medical,,1,0,,1,0,633.68,0,0,9223,1,1,1,3,2
MCH9226,"Sandhu, Jha and Randhawa",5699,Clothing,individual,pune,Maharashtra,03-Dec-2024,SCBS7759924913955,ACTIVE,"5,451.11",MCH9226,5699,Individual,Clothing,2024-12-03 00:00:00,0,0,SCBS7759924913955,0,0,5451.11,0,0,9226,1,1,1,3,2
MCH9228,Ram Inc,05999,Other,individual,HYDERABAD,Telangana,19/10/2025 04:20 PM,XXXX4276,A,1661.79,MCH9228,5999,Individual,Other Retail,2025-10-19 16:20:00,0,0,XXXX4276,0,1,1661.79,0,0,9228,0,0,0,0,1
MCH9229,  Anne-Parikh  ,,BOOKS_STATIONERY,Private Limited,jaipur,Rajasthan,10-23-2025,,Disabled,173.81,MCH9229,,Private Limited,Unknown,2025-10-23 00:00:00,0,0,,1,0,173.81,0,0,9229,0,0,0,0,1
MCH9231,Kala-Dugar,4131,transprt,PARTNERSHIP,Poona,Maharashtra,,7817631283,Active,228.82,MCH9231,4131,Partnership,Transportation,,1,0,7817631283,0,0,228.82,0,0,9231,0,0,0,0,1
MCH9232,Ahuja-Chaudhry,4131,Transportation,individual,Hyderabad,Telangana,04-20-2023,XXXX7963,Live,361.11,MCH9232,4131,Individual,Transportation,2023-04-20 00:00:00,0,0,XXXX7963,0,1,361.11,0,0,9232,0,0,0,0,1
MCH9234,"Jhaveri, Chandran and Shukla",7011,hospitality,Partnership,Lucknow,Uttar Pradesh,26/07/2024,XXXX3221,Inactive,762.04,MCH9234,7011,Partnership,Hotels & Hospitality,2024-07-26 00:00:00,0,0,XXXX3221,0,1,762.04,0,0,9234,0,0,1,1,2
MCH9237,GOKHALE INC,5912,MEDICAL_STORE,PRIVATE-LIMITED,LDH,Punjab,28-Sep-2025,LPZT4038353121229,Live,1901.54,MCH9237,5912,Private Limited,Pharmacy & Medical,2025-09-28 00:00:00,0,0,LPZT4038353121229,0,0,1901.54,0,0,9237,0,0,0,0,1
MCH9239,BALAKRISHNAN-DAS,05411,groceries,partnership,BLR,Karnataka,2025-12-11 06:31:01,EHOI0009201922607,Enabled,,MCH9239,5411,Partnership,Grocery,2025-12-11 06:31:01,0,0,EHOI0009201922607,0,0,,1,0,9239,0,0,0,0,1
MCH9242,"Kadakia, Yadav and Seshadri",7011.0,Hotel,PARTNERSHIP,Hyd,Telangana,10-Mar-2023,XXXX4049,SUSPENDED,1024.36,MCH9242,7011,Partnership,Hotels & Hospitality,2023-03-10 00:00:00,0,0,XXXX4049,0,1,1024.36,0,0,9242,0,0,0,0,1
MCH9245,zachariah-suri,5311,Retail,INDIVIDUAL,jalandhar,Punjab,2023/05/03,ZBKQ5898737738506,Enabled,₹328.18,MCH9245,5311,Individual,Department Stores,2023-05-03 00:00:00,0,0,ZBKQ5898737738506,0,0,328.18,0,0,9245,0,0,0,0,1
MCH9246,"Krishna, Wable and Kanda",4814,Mobile Recharge,SOLE_PROPRIETOR,pune,Maharashtra,03-01-2023,XXXX5813,Enabled,INR 859.77,MCH9246,4814,Sole Proprietor,Telecom,2023-03-01 00:00:00,0,0,XXXX5813,0,1,859.77,0,0,9246,0,0,0,0,1
MCH9249,"Aggarwal, Agarwal and Naidu",5699,garments,PARTNERSHIP,Madras,Tamil Nadu,23-Dec-2025,XXXX8648,Live,-3533.14,MCH9249,5699,Partnership,Clothing,2025-12-23 00:00:00,0,0,XXXX8648,0,1,-3533.14,0,1,9249,0,0,0,0,1
MCH9251,"Venkatesh, Randhawa and Lal",4131,transprt,SOLE_PROPRIETOR,lucknow,Uttar Pradesh,1767346630,6838955230,A,621.25,MCH9251,4131,Sole Proprietor,Transportation,2026-01-02 09:37:10,0,0,6838955230,0,0,621.25,0,0,9251,0,0,0,0,1
9253,Gole LLC,5699,CLOTHS,SOLE_PROPRIETOR,amritsar,Punjab,2024-05-09 20:29:36,XXXX9261,Active,"₹1,349.23",9253,5699,Sole Proprietor,Clothing,2024-05-09 20:29:36,0,0,XXXX9261,0,1,1349.23,0,0,9253,0,0,0,0,1
MCH9255,"Hegde, Dass and Sehgal",5699,garments,Private Limited,amritsar,Punjab,2023-07-19 10:19:06,,ACTIVE,"1,054.61",MCH9255,5699,Private Limited,Clothing,2023-07-19 10:19:06,0,0,,1,0,1054.61,0,0,9255,0,0,0,0,1
MCH9257,Deep-Venkataraman,7011.0,Hotels,PARTNERSHIP,ASR,Punjab,17/12/2023,AYAD9422325940628,Live,INR 705.83,MCH9257,7011,Partnership,Hotels & Hospitality,2023-12-17 00:00:00,0,0,AYAD9422325940628,0,0,705.83,0,0,9257,0,0,0,0,1
MCH9258,Edwin Inc,5942,Stationery,PARTNERSHIP,Lucknow,Uttar Pradesh,2024/09/26,0028974564,Active,"INR 1,647.77",MCH9258,5942,Partnership,Books & Stationery,2024-09-26 00:00:00,0,0,0028974564,0,0,1647.77,0,0,9258,0,0,0,0,1
MCH9261,Gupta-Manne,5812.0,eating place,INDIVIDUAL,jaipur,Rajasthan,2025-07-10 09:04:41,,Active,"Rs. 2,734",MCH9261,5812,Individual,Food & Restaurants,2025-07-10 09:04:41,0,0,,1,0,2734.0,0,0,9261,0,0,0,0,1
MCH9263,"Chatterjee, Anand and Mani",5999,Retail Other,PARTNERSHIP,Calcutta,West Bengal,1714869872,,Active,INR 628.47,MCH9263,5999,Partnership,Other Retail,2024-05-05 00:44:32,0,0,,1,0,628.47,0,0,9263,0,0,0,0,1
MCH9266,Chatterjee Group,5411,GROCERY_STORE,SOLE_PROPRIETOR,Bengaluru,Karnataka,,XXXX2510,Suspended,726.18,MCH9266,5411,Sole Proprietor,Grocery,,1,0,XXXX2510,0,1,726.18,0,0,9266,1,1,1,3,3
MCH9271,"Bera, Contractor and Trivedi",4131,Bus/Taxi,Sole Proprietor,DELHI,Delhi,2025/02/20,KHLJ8243266357655,ACTIVE,,MCH9271,4131,Sole Proprietor,Transportation,2025-02-20 00:00:00,0,0,KHLJ8243266357655,0,0,,1,0,9271,0,0,0,0,1
MCH 9276,Bandi Inc,5942,Books,private_limited,Jalandar,Punjab,,3029302980,A,"INR 2,777.32",MCH9276,5942,Private Limited,Books & Stationery,,1,0,3029302980,0,0,2777.32,0,0,9276,1,1,1,3,3
MCH9277,Pa1-R0ut,5942,Stationery,individual,ASR,Punjab,2026-02-10 18:58:24,,A,963.33,MCH9277,5942,Individual,Books & Stationery,2026-02-10 18:58:24,0,0,,1,0,963.33,0,0,9277,0,0,0,0,1
MCH9278,Pant PLC,5942,Stationery,Partnership,Bangalore,Karnataka,25/06/2024 11:31 PM,MCZF8391507084286,Live,Rs. 822,MCH9278,5942,Partnership,Books & Stationery,2024-06-25 23:31:00,0,0,MCZF8391507084286,0,0,822.0,0,0,9278,1,0,1,2,2
MCH9279,Choudhury LLC,5411,Grocery Stores,SOLE_PROPRIETOR,Kolkata,West Bengal,18/11/2024,0970198759,Live,₹644.81,MCH9279,5411,Sole Proprietor,Grocery,2024-11-18 00:00:00,0,0,0970198759,0,0,644.81,0,0,9279,0,0,0,0,1
MCH9287,"Datta, Virk and Arya",MCC-5999,Misc Retail,Individual,amritsar,Punjab,21/09/2025,XXXX9129,Active,636.69,MCH9287,5999,Individual,Other Retail,2025-09-21 00:00:00,0,0,XXXX9129,0,1,636.69,0,0,9287,1,1,1,3,2
9289,Baria-Nagy,5999,Misc Retail,sole_proprietor,Chennai,Tamil Nadu,,,Enabled,620.71,9289,5999,Sole Proprietor,Other Retail,,1,0,,1,0,620.71,0,0,9289,1,1,1,3,2
MCH9290,"Gole, Viswanathan and Brahmbhatt",7011.0,Hospitality,PARTNERSHIP,LDH,Punjab,,,I,1704.51,MCH9290,7011,Partnership,Hotels & Hospitality,,1,0,,1,0,1704.51,0,0,9290,0,0,0,0,1
MCH9291,"Thakkar, Bath and Uppal",misc,Retail,Sole Proprietor,LKO,Uttar Pradesh,2024-12-24 06:25:11,XXXX5444,Inactive,"Rs. 3,529",MCH9291,,Sole Proprietor,Unknown,2024-12-24 06:25:11,0,0,XXXX5444,0,1,3529.0,0,0,9291,1,0,1,2,2
MCH9296,Ramanathan Ltd,05912,Pharmacies,Individual,jaipur,Rajasthan,2025-01-29 16:04:16,,A,"1,253.48",MCH9296,5912,Individual,Pharmacy & Medical,2025-01-29 16:04:16,0,0,,1,0,1253.48,0,0,9296,1,1,1,3,2
MCH9298,Jain Ltd,5942,Books,SOLE_PROPRIETOR,Bangalore,Karnataka,2024-02-03 12:58:21,XXXX4996,Enabled,"INR 8,519.11",MCH9298,5942,Sole Proprietor,Books & Stationery,2024-02-03 12:58:21,0,0,XXXX4996,0,1,8519.11,0,0,9298,0,0,0,0,1
MCH9299,Pathak-Menon,05812,FOOD_SERVICES,SOLE_PROPRIETOR,ludhiana,Punjab,2024-04-28 07:03:55,,Live,"Rs. 3,015",MCH9299,5812,Sole Proprietor,Food & Restaurants,2024-04-28 07:03:55,0,0,,1,0,3015.0,0,0,9299,0,0,0,0,1
MCH 9302,Savant-Dave,5311,Department Stores,PARTNERSHIP,BLR,Karnataka,08-17-2025,,Live,543.56,MCH9302,5311,Partnership,Department Stores,2025-08-17 00:00:00,0,0,,1,0,543.56,0,0,9302,0,0,0,0,1
mch9304,Char Ltd,4814,Mobile Recharge,INDIVIDUAL,BLR,Karnataka,05/01/2024,,Live,₹531.14,MCH9304,4814,Individual,Telecom,2024-01-05 00:00:00,0,0,,1,0,531.14,0,0,9304,0,0,0,0,1
MCH9306,Zachariah-Anne,5942,Stationery,PARTNERSHIP,Mumbai,Maharashtra,02-10-2026,JLTB4031924458479,A,1250.09,MCH9306,5942,Partnership,Books & Stationery,2026-02-10 00:00:00,0,0,JLTB4031924458479,0,0,1250.09,0,0,9306,0,0,0,0,1
MCH9307,"Bajwa, Dhawan and Guha",misc,eating place,SOLE-PROPRIETOR,Jalandar,Punjab,03-07-2024,,Active,INR 468.19,MCH9307,,Sole Proprietor,Unknown,2024-03-07 00:00:00,0,0,,1,0,468.19,0,0,9307,0,0,0,0,1
mch9310,Ganguly-Tella,07011,Hospitality,INDIVIDUAL,pune,Maharashtra,29/03/2024,XXXX9831,A,-482.88,MCH9310,7011,Individual,Hotels & Hospitality,2024-03-29 00:00:00,0,0,XXXX9831,0,1,-482.88,0,1,9310,0,0,0,0,1
MCH9311,Sathe Group,5942,BOOKS_STATIONERY,PRIVATE_LIMITED,Ludhiana,Punjab,31/05/2025 11:35 PM,,Active,595.82,MCH9311,5942,Private Limited,Books & Stationery,2025-05-31 23:35:00,0,0,,1,0,595.82,0,0,9311,0,1,1,2,2
MCH9316,Bandi Ltd,05411,kirana,SOLE_PROPRIETOR,Ludhiana,Punjab,08-21-2025,9331997992,A,1198.18,MCH9316,5411,Sole Proprietor,Grocery,2025-08-21 00:00:00,0,0,9331997992,0,0,1198.18,0,0,9316,0,0,0,0,1
MCH9319,LadInc,5699.0,garments,sole_proprietor,Jalandhar,Punjab,2025/07/20,XXXX7774,Inactive,839.54,MCH9319,5699,Sole Proprietor,Clothing,2025-07-20 00:00:00,0,0,XXXX7774,0,1,839.54,0,0,9319,0,1,1,2,3
MCH9320,Char Inc,5411.0,kirana,Private Limited,Hyderabad,Telangana,22/11/2025,OFHR1997447322569,A,Rs. 695,MCH9320,5411,Private Limited,Grocery,2025-11-22 00:00:00,0,0,OFHR1997447322569,0,0,695.0,0,0,9320,0,0,0,0,1
MCH9322,"Khosla, Walia and Deep",5311,Department Store,PARTNERSHIP,kolkata,West Bengal,07-15-2024,BPNH2377464616036,A,"INR 1,060.15",MCH9322,5311,Partnership,Department Stores,2024-07-15 00:00:00,0,0,BPNH2377464616036,0,0,1060.15,0,0,9322,0,0,0,0,1
MCH9325,"  Patel, Parikh and Kaul  ",4814,TELECOM,PRIVATE_LIMITED,Lucknow,Uttar Pradesh,2023-03-13 00:58:46,9323786200,A,"1,538.45",MCH9325,4814,Private Limited,Telecom,2023-03-13 00:58:46,0,0,9323786200,0,0,1538.45,0,0,9325,0,0,0,0,1
MCH9332,  Gupta Inc  ,5912,Pharmacy,PRIVATE-LIMITED,pune,Maharashtra,2023/09/24,,A,1393.93,MCH9332,5912,Private Limited,Pharmacy & Medical,2023-09-24 00:00:00,0,0,,1,0,1393.93,0,0,9332,1,0,1,2,2
MCH9335,Shenoy Group,MCC-5699,garments,PARTNERSHIP,Lucknow,Uttar Pradesh,2024-07-07 04:29:20,,Active,"₹1,203.23",MCH9335,5699,Partnership,Clothing,2024-07-07 04:29:20,0,0,,1,0,1203.23,0,0,9335,1,1,1,3,3
MCH9338,  D’Alia-Mitter  ,UNKNOWN,Books,Partnership,mumbai,Maharashtra,07-01-2025,,Active,604.36,MCH9338,,Partnership,Unknown,2025-07-01 00:00:00,0,0,,1,0,604.36,0,0,9338,0,0,0,0,1
MCH9340,Mallick-Konda,5999,Other,Individual,Bengaluru,Karnataka,24/01/2025 01:55 PM,,INACTIVE,1550.33,MCH9340,5999,Individual,Other Retail,2025-01-24 13:55:00,0,0,,1,0,1550.33,0,0,9340,0,0,0,0,1
MCH9342,Dua-Lala,5999,Misc Retail,sole_proprietor,bengaluru,Karnataka,17/04/2025 11:33 AM,BUXU5026475055431,S,1698.37,MCH9342,5999,Sole Proprietor,Other Retail,2025-04-17 11:33:00,0,0,BUXU5026475055431,0,1,1698.37,0,0,9342,0,0,0,0,1
mch9343,Sridhar-Sarna,7011,Hospitality,partnership,Chennai,Tamil Nadu,08-16-2025,XXXX5274,ACTIVE,287.96,MCH9343,7011,Partnership,Hotels & Hospitality,2025-08-16 00:00:00,0,0,XXXX5274,0,1,287.96,0,0,9343,0,0,0,0,1
MCH9345,Mahal Inc,4814.0,TELECOM,Private Limited,Amritsar,Punjab,30/11/2025,5557853955,ACTIVE,"4,834.52",MCH9345,4814,Private Limited,Telecom,2025-11-30 00:00:00,0,0,5557853955,0,0,4834.52,0,0,9345,0,0,0,0,1
MCH9348,"TOOR, PAREKH AND AGATE",5942.0,Books,private_limited,ASR,Punjab,30-Mar-2025,HCSS6943242832650,A,"4,472.44",MCH9348,5942,Private Limited,Books & Stationery,2025-03-30 00:00:00,0,0,HCSS6943242832650,0,0,4472.44,0,0,9348,1,1,1,3,2
mch9349,"Bhat, Suri and Khalsa",05999,Retail Other,INDIVIDUAL,HYDERABAD,Telangana,2023/07/15,7591595714,A,"2,394.34",MCH9349,5999,Individual,Other Retail,2023-07-15 00:00:00,0,0,7591595714,0,0,2394.34,0,0,9349,1,0,1,2,2
MCH 9350,SINGH-SANE,5411,kirana,PRIVATE_LIMITED,LDH,Punjab,13/04/2023,1346716181,Enabled,840.43,MCH9350,5411,Private Limited,Grocery,2023-04-13 00:00:00,0,0,1346716181,0,0,840.43,0,0,9350,0,0,0,0,1
MCH9352,RAMANATHAN-LALA,4131,Transport,PARTNERSHIP,Bengaluru,Karnataka,2026/02/09,ICJY2091662937472,ACTIVE,1121.19,MCH9352,4131,Partnership,Transportation,2026-02-09 00:00:00,0,0,ICJY2091662937472,0,0,1121.19,0,0,9352,1,1,1,3,3
MCH9353,"Baral, Raj and Mishra",5411.0,kirana,PARTNERSHIP,bengaluru,Karnataka,2025-03-19 22:49:10,1787550452,A,,MCH9353,5411,Partnership,Grocery,2025-03-19 22:49:10,0,0,1787550452,0,0,,1,0,9353,1,1,1,3,2
MCH9354,"SRINIVASAN, BHARGAVA AND SATHE",MCC-7011,Hotel,private_limited,Pune,Maharashtra,2025-12-26 03:14:06,MCIS2962837592027,Live,₹272.40,MCH9354,7011,Private Limited,Hotels & Hospitality,2025-12-26 03:14:06,0,0,MCIS2962837592027,0,0,272.4,0,0,9354,0,0,0,0,1
MCH9355,Vig PLC,5912,Pharmacy,partnership,Jalandhar,Punjab,11-01-2024,KRTG3596169904435,ACTIVE,"₹1,697.72",MCH9355,5912,Partnership,Pharmacy & Medical,2024-11-01 00:00:00,0,0,KRTG3596169904435,0,0,1697.72,0,0,9355,0,0,0,0,1
MCH9356,WagleLLC,5411,groceries,partnership,Delhi,Delhi,15/09/2025,XXXX8552,Enabled,Rs. 862,MCH9356,5411,Partnership,Grocery,2025-09-15 00:00:00,0,0,XXXX8552,0,1,862.0,0,0,9356,0,0,0,0,1
mch9358,Shroff Ltd,5311,Department Store,SOLE_PROPRIETOR,Kolkata,West Bengal,21/05/2023,RLLU5222765967468,Enabled,"₹1,856.54",MCH9358,5311,Sole Proprietor,Department Stores,2023-05-21 00:00:00,0,0,RLLU5222765967468,0,0,1856.54,0,0,9358,0,0,0,0,1
MCH9359,"Ramanathan, Parekh and Agrawal",4131,Transport,Partnership,ludhiana,Punjab,1680959872,FQHN0033426656652,Active,3245.01,MCH9359,4131,Partnership,Transportation,2023-04-08 13:17:52,0,0,FQHN0033426656652,0,0,3245.01,0,0,9359,0,0,0,0,1
MCH9362,"Lala, Oza and Chahal",5912.0,Pharmacies,SOLE-PROPRIETOR,Delhi,Delhi,2024/04/25,XXXX6427,ACTIVE,1820.41,MCH9362,5912,Sole Proprietor,Pharmacy & Medical,2024-04-25 00:00:00,0,0,XXXX6427,0,1,1820.41,0,0,9362,0,0,0,0,1
MCH9363,  Mannan Group  ,4131,Transport,PRIVATE_LIMITED,Mumbai,Maharashtra,29-Jul-2024,,Enabled,,MCH9363,4131,Private Limited,Transportation,2024-07-29 00:00:00,0,0,,1,0,,1,0,9363,0,0,0,0,1
MCH9366,"Parsa, Walia and Viswanathan",5699,Clothing,INDIVIDUAL,jalandhar,Punjab,2024/11/13,XXXX5233,Live,7891.78,MCH9366,5699,Individual,Clothing,2024-11-13 00:00:00,0,0,XXXX5233,0,1,7891.78,0,0,9366,0,0,0,0,1
MCH9367,Luthra and Sons,misc,BOOKS_STATIONERY,PRIVATE_LIMITED,Amritsar,Punjab,31/05/2023 05:55 PM,,Live,"Rs. 1,752",MCH9367,,Private Limited,Unknown,2023-05-31 17:55:00,0,0,,1,0,1752.0,0,0,9367,0,0,0,0,1
MCH9369,Kara Group,7011,Hospitality,sole_proprietor,Calcutta,West Bengal,1720298257,,Live,"Rs. 2,036",MCH9369,7011,Sole Proprietor,Hotels & Hospitality,2024-07-06 20:37:37,0,0,,1,0,2036.0,0,0,9369,0,0,0,0,1
MCH9370,Mallick-Gola,5999,Misc Retail,private_limited,Jaipur,Rajasthan,02-20-2023,LVKV0562210759080,ACTIVE,4284.71,MCH9370,5999,Private Limited,Other Retail,2023-02-20 00:00:00,0,0,LVKV0562210759080,0,0,4284.71,0,0,9370,0,0,0,0,1
MCH9371,Mand-Oommen,,kirana,private_limited,Madras,Tamil Nadu,2023/11/11,,ACTIVE,₹284.42,MCH9371,,Private Limited,Unknown,2023-11-11 00:00:00,0,0,,1,0,284.42,0,0,9371,0,0,0,0,1
MCH9375,"Bhalla, Koshy and Sule",,Books,INDIVIDUAL,LDH,Punjab,1690586170,XXXX7795,Inactive,924.32,MCH9375,,Individual,Unknown,2023-07-28 23:16:10,0,0,XXXX7795,0,1,924.32,0,0,9375,0,0,0,0,1
MCH9377,"Badal, Mitter and Mitter",5912,Medical,Sole Proprietor,LKO,Uttar Pradesh,22-Aug-2024,USJW2353874844902,Live,,MCH9377,5912,Sole Proprietor,Pharmacy & Medical,2024-08-22 00:00:00,0,0,USJW2353874844902,0,0,,1,0,9377,1,0,1,2,2
MCH 9379,Nazareth and Sons,5999,Misc Retail,INDIVIDUAL,kolkata,West Bengal,,XXXX1135,I,Rs. 242,MCH9379,5999,Individual,Other Retail,,1,0,XXXX1135,0,1,242.0,0,0,9379,0,0,0,0,1
mch9380,CHAKRABARTI GROUP,5812,FOOD_SERVICES,private_limited,Ludhiana,Punjab,2023/11/23,ECMM7078142170981,ACTIVE,Rs. 199,MCH9380,5812,Private Limited,Food & Restaurants,2023-11-23 00:00:00,0,0,ECMM7078142170981,0,0,199.0,0,0,9380,0,0,0,0,1
MCH9383,"Sekhon,PadmanabhanandRege",5942,BOOKS_STATIONERY,Individual,Madras,Tamil Nadu,24/01/2026 02:02 AM,4786143604,SUSPENDED,"Rs. 2,841",MCH9383,5942,Individual,Books & Stationery,2026-01-24 02:02:00,0,0,4786143604,0,0,2841.0,0,0,9383,1,1,1,3,2
mch9385,"Ray, Gu1ati and Gi11",04814,Telecom,SOLE-PROPRIETOR,ASR,Punjab,2024/02/17,,Active,1178.44,MCH9385,4814,Sole Proprietor,Telecom,2024-02-17 00:00:00,0,0,,1,0,1178.44,0,0,9385,0,0,0,0,1
MCH9386,Shankar Ltd,4131.0,Transport,INDIVIDUAL,Amritsar,Punjab,23-Oct-2023,XXXX6796,Live,-252.98,MCH9386,4131,Individual,Transportation,2023-10-23 00:00:00,0,0,XXXX6796,0,1,-252.98,0,1,9386,1,0,1,2,2
MCH9388,"mahajan, dixit and memon",7011,Hospitality,PARTNERSHIP,Calcutta,West Bengal,2024/11/21,,ACTIVE,1507.31,MCH9388,7011,Partnership,Hotels & Hospitality,2024-11-21 00:00:00,0,0,,1,0,1507.31,0,0,9388,0,0,0,0,1
MCH9390,"Minhas,PauandNarayanan",4131.0,TRAVEL,Individual,ludhiana,Punjab,,,Live,"INR 2,246.12",MCH9390,4131,Individual,Transportation,,1,0,,1,0,2246.12,0,0,9390,0,0,0,0,1
MCH9391,Vasa-Mitra,4814.0,phone service,individual,Jalandar,Punjab,30/10/2024,XXXX6623,Live,"₹1,456.23",MCH9391,4814,Individual,Telecom,2024-10-30 00:00:00,0,0,XXXX6623,0,1,1456.23,0,0,9391,0,0,0,0,1
MCH9393,"Sehgal, Chawla and Korpal",5812,Restaurant,INDIVIDUAL,amritsar,Punjab,03/09/2025 05:19 PM,XXXX8440,ACTIVE,896.96,MCH9393,5812,Individual,Food & Restaurants,2025-09-03 17:19:00,0,0,XXXX8440,0,1,896.96,0,0,9393,1,1,1,3,5
MCH9394,Pal-Taneja,MCC-4814,Mobile Recharge,private_limited,ludhiana,Punjab,02-Jan-2024,,Closed,311.59,MCH9394,4814,Private Limited,Telecom,2024-01-02 00:00:00,0,0,,1,0,311.59,0,0,9394,1,1,1,3,2
MCH9395,Bhagat-Chana,MCC-5699,Fashion,Private Limited,jaipur,Rajasthan,12-12-2024,,Live,"₹2,768.73",MCH9395,5699,Private Limited,Clothing,2024-12-12 00:00:00,0,0,,1,0,2768.73,0,0,9395,0,0,0,0,1
MCH9396,Baria-Bhasin,05912,MEDICAL_STORE,partnership,pune,Maharashtra,2025/01/24,WSGG2231313442332,Active,-157.3,MCH9396,5912,Partnership,Pharmacy & Medical,2025-01-24 00:00:00,0,0,WSGG2231313442332,0,0,-157.3,0,1,9396,1,1,1,3,2
MCH9397,Ramaswamy-Goel,5411,groceries,PRIVATE-LIMITED,jalandhar,Punjab,20/12/2025 01:06 AM,3711511693,Enabled,"Rs. 1,519",MCH9397,5411,Private Limited,Grocery,2025-12-20 01:06:00,0,0,3711511693,0,0,1519.0,0,0,9397,0,0,0,0,1
MCH9398,"Suresh, Khosla and Kadakia",,HOTEL_LODGING,SOLE-PROPRIETOR,Bengaluru,Karnataka,,XXXX1590,Enabled,1404.91,MCH9398,,Sole Proprietor,Unknown,,1,0,XXXX1590,0,1,1404.91,0,0,9398,1,1,1,3,2
MCH9400,"Dara, Desai and Sethi",5999,Other,PARTNERSHIP,Mumbai,Maharashtra,23-Aug-2025,,ACTIVE,"INR 2,120.88",MCH9400,5999,Partnership,Other Retail,2025-08-23 00:00:00,0,0,,1,0,2120.88,0,0,9400,1,1,1,3,2
MCH9401,Ravi LLC,07011,hotels,Sole Proprietor,Pune,Maharashtra,2025/11/14,1215375647,Active,"INR 1,824.72",MCH9401,7011,Sole Proprietor,Hotels & Hospitality,2025-11-14 00:00:00,0,0,1215375647,0,0,1824.72,0,0,9401,0,0,1,1,2
MCH 9402,Vyas-Nath,5812,Restaurant,PRIVATE_LIMITED,LKO,Uttar Pradesh,18/09/2023,,Active,-640.89,MCH9402,5812,Private Limited,Food & Restaurants,2023-09-18 00:00:00,0,0,,1,0,-640.89,0,1,9402,0,0,0,0,1
mch9403,"Bains,BanerjeeandBansal",MCC-7011,Hotels,partnership,MUMBAI,Maharashtra,22/02/2025 04:11 PM,,Inactive,1838.83,MCH9403,7011,Partnership,Hotels & Hospitality,2025-02-22 16:11:00,0,0,,1,0,1838.83,0,0,9403,0,0,0,0,1
MCH 9404,BARAL AND SONS,4131,TRAVEL,private_limited,Calcutta,West Bengal,10/02/2025,,Enabled,,MCH9404,4131,Private Limited,Transportation,2025-02-10 00:00:00,0,0,,1,0,,1,0,9404,0,0,0,0,1
MCH9406,Randhawa and Sons,,Restaurants,Individual,Lucknow,Uttar Pradesh,2025/08/11,XXXX6795,Active,"INR 2,159.94",MCH9406,,Individual,Unknown,2025-08-11 00:00:00,0,0,XXXX6795,0,1,2159.94,0,0,9406,1,0,1,2,2
MCH9408,Arya-Vig,4131,Transport,INDIVIDUAL,Bengaluru,Karnataka,24/12/2023,6291585633,Active,-784.44,MCH9408,4131,Individual,Transportation,2023-12-24 00:00:00,0,0,6291585633,0,0,-784.44,0,1,9408,0,0,0,0,1
MCH9410,Sagar-Chawla,05699,fashion,INDIVIDUAL,jalandhar,Punjab,24-Jan-2026,XXXX0534,Active,Rs. 820,MCH9410,5699,Individual,Clothing,2026-01-24 00:00:00,0,0,XXXX0534,0,1,820.0,0,0,9410,0,0,1,1,2
MCH9412,NAYAK-GUHA,4131,Transport,Individual,Amritsar,Punjab,,XXXX5639,A,"₹2,887.33",MCH9412,4131,Individual,Transportation,,1,0,XXXX5639,0,1,2887.33,0,0,9412,0,0,0,0,1
MCH-9413,Kala-Sarkar,5912,Pharmacies,SOLE-PROPRIETOR,HYDERABAD,Telangana,2023-10-25 07:38:39,XXXX4409,Active,869.76,MCH9413,5912,Sole Proprietor,Pharmacy & Medical,2023-10-25 07:38:39,0,0,XXXX4409,0,1,869.76,0,0,9413,0,0,0,0,1
MCH9414,Banik-Garde,05812,Food,INDIVIDUAL,Jalandar,Punjab,01-16-2025,VESW9193556812149,A,942.13,MCH9414,5812,Individual,Food & Restaurants,2025-01-16 00:00:00,0,0,VESW9193556812149,0,0,942.13,0,0,9414,0,0,0,0,1
9415,Krishnamurthy-Warrior,7011.0,Hotels,sole_proprietor,Ludhiana,Punjab,21/02/2023,,Live,₹438.69,9415,7011,Sole Proprietor,Hotels & Hospitality,2023-02-21 00:00:00,0,0,,1,0,438.69,0,0,9415,0,0,0,0,1
mch9416,  Kulkarni and Sons  ,5411,Grocery Stores,PARTNERSHIP,Bombay,Maharashtra,2024-12-13 22:23:48,0558936473,A,Rs. 755,MCH9416,5411,Partnership,Grocery,2024-12-13 22:23:48,0,0,0558936473,0,0,755.0,0,0,9416,0,0,0,0,1
MCH9418,"BORA, VENKATESH AND LOKE",5411,groceries,individual,bengaluru,Karnataka,22-May-2024,ZTOW0641939254087,Suspended,"1,520.21",MCH9418,5411,Individual,Grocery,2024-05-22 00:00:00,0,0,ZTOW0641939254087,0,0,1520.21,0,0,9418,1,1,1,3,2
MCH9423,apte group,7011,Hotels,sole_proprietor,Madras,Tamil Nadu,24-Oct-2025,HHBU3998361677128,ACTIVE,3132.43,MCH9423,7011,Sole Proprietor,Hotels & Hospitality,2025-10-24 00:00:00,0,0,HHBU3998361677128,0,0,3132.43,0,0,9423,0,0,0,0,1
MCH9424,Sur-Bajaj,5311,department store,SOLE-PROPRIETOR,BLR,Karnataka,18-Apr-2025,XXXX3219,Active,"₹1,902.79",MCH9424,5311,Sole Proprietor,Department Stores,2025-04-18 00:00:00,0,0,XXXX3219,0,1,1902.79,0,0,9424,0,0,1,1,2
9426,Puri-Soman,5699.0,garments,INDIVIDUAL,Bangalore,Karnataka,10-28-2023,EDMP4232010731701,A,333.54,9426,5699,Individual,Clothing,2023-10-28 00:00:00,0,0,EDMP4232010731701,0,0,333.54,0,0,9426,1,1,0,2,2
mch9428,"  Dyal, Varma and Sachdeva  ",5999,Other,PRIVATE-LIMITED,LKO,Uttar Pradesh,,,Enabled,"1,955.23",MCH9428,5999,Private Limited,Other Retail,,1,0,,1,0,1955.23,0,0,9428,0,0,0,0,1
MCH 9429,"Sachar, Borra and Raj",4814,TELECOM,Private Limited,Bengaluru,Karnataka,,,Live,1031.66,MCH9429,4814,Private Limited,Telecom,,1,0,,1,0,1031.66,0,0,9429,1,1,0,2,2
MCH9430,"Shetty, Pau and Chhabra",4814,phone service,Partnership,Poona,Maharashtra,31-Oct-2023,,Live,₹927.24,MCH9430,4814,Partnership,Telecom,2023-10-31 00:00:00,0,0,,1,0,927.24,0,0,9430,0,0,0,0,1
MCH9431,Madan-Kota,4131,TRAVEL,PRIVATE-LIMITED,Bengaluru,Karnataka,02-05-2023,1678744111,Active,436.79,MCH9431,4131,Private Limited,Transportation,2023-02-05 00:00:00,0,0,1678744111,0,0,436.79,0,0,9431,0,0,0,0,1
9433,Chhabra-Naik,5912,Medical,individual,jalandhar,Punjab,2023/12/14,CQOU4085851260723,Live,"₹4,629.09",9433,5912,Individual,Pharmacy & Medical,2023-12-14 00:00:00,0,0,CQOU4085851260723,0,0,4629.09,0,0,9433,0,0,0,0,1
MCH9434,Srinivasan-Savant,5812,Food,partnership,chennai,Tamil Nadu,2023-05-01 21:28:13,XXXX0171,Active,,MCH9434,5812,Partnership,Food & Restaurants,2023-05-01 21:28:13,0,0,XXXX0171,0,1,,1,0,9434,0,0,0,0,1
MCH9439,Jani LLC,5411,Grocery,SOLE_PROPRIETOR,BLR,Karnataka,02-24-2024,2073250929,ACTIVE,INR 275.02,MCH9439,5411,Sole Proprietor,Grocery,2024-02-24 00:00:00,0,0,2073250929,0,0,275.02,0,0,9439,0,1,1,2,2
MCH 9440,Ratti LLC,MCC-5311,Retail,Individual,jalandhar,Punjab,,MAUW1308281422202,Enabled,186.6,MCH9440,5311,Individual,Department Stores,,1,0,MAUW1308281422202,0,0,186.6,0,0,9440,0,0,0,0,1
9442,issac-batra,7011,Hospitality,PARTNERSHIP,Dilli,Delhi,2025/08/12,,Live,"1,049.17",9442,7011,Partnership,Hotels & Hospitality,2025-08-12 00:00:00,0,0,,1,0,1049.17,0,0,9442,0,0,0,0,1
MCH9443,"Bumb, Sama and Prashad",4131,Transport,SOLE-PROPRIETOR,lucknow,Uttar Pradesh,2024/03/28,,Active,712.16,MCH9443,4131,Sole Proprietor,Transportation,2024-03-28 00:00:00,0,0,,1,0,712.16,0,0,9443,1,1,1,3,2
MCH9444,Sachdeva-Khatri,04131,TRAVEL,PARTNERSHIP,Jalandhar,Punjab,13/01/2024,2308250236,Active,345.26,MCH9444,4131,Partnership,Transportation,2024-01-13 00:00:00,0,0,2308250236,0,0,345.26,0,0,9444,1,1,1,3,2
MCH-9447,Sundaram LLC,5999,Retail Other,individual,Hyderabad,Telangana,30/01/2026,XXXX5917,A,₹974.62,MCH9447,5999,Individual,Other Retail,2026-01-30 00:00:00,0,0,XXXX5917,0,1,974.62,0,0,9447,1,1,0,2,2
MCH-9448,"  Sant, Manda and Khurana  ",,garments,partnership,Jalandhar,Punjab,10-08-2023,XXXX3103,Inactive,Rs. 522,MCH9448,,Partnership,Unknown,2023-10-08 00:00:00,0,0,XXXX3103,0,1,522.0,0,0,9448,0,0,0,0,1
MCH9450,"Bahl, Varughese and Char",04814,Telecom,PARTNERSHIP,pune,Maharashtra,1687451608,RGOX3327381847596,Live,Rs. 260,MCH9450,4814,Partnership,Telecom,2023-06-22 16:33:28,0,0,RGOX3327381847596,0,1,260.0,0,0,9450,0,0,0,0,1
MCH9452,Kapoor-Kara,5999,Other,PRIVATE_LIMITED,kolkata,West Bengal,,TTFV4828934746515,Disabled,,MCH9452,5999,Private Limited,Other Retail,,1,0,TTFV4828934746515,0,0,,1,0,9452,0,0,0,0,1
MCH 9456,"Rajagopalan, Luthra and Singh",,Retail Other,Individual,Dilli,Delhi,22/09/2025 04:16 AM,XXXX4617,A,,MCH9456,,Individual,Unknown,2025-09-22 04:16:00,0,0,XXXX4617,0,1,,1,0,9456,1,1,1,3,2
MCH9457,"Rege, Kalita and Sibal",,Hotel,Partnership,HYDERABAD,Telangana,,,Enabled,"INR 3,319.89",MCH9457,,Partnership,Unknown,,1,0,,1,0,3319.89,0,0,9457,1,1,1,3,3
MCH9458,Raja Ltd,MCC-5311,Retail,partnership,Amritsar,Punjab,2025/12/15,XXXX6323,Enabled,480.87,MCH9458,5311,Partnership,Department Stores,2025-12-15 00:00:00,0,0,XXXX6323,0,1,480.87,0,0,9458,1,1,1,3,2
MCH 9459,BATTA-HANDA,MCC-4131,Transport,PARTNERSHIP,Hyderabad,Telangana,03/06/2025,,Live,11281.97,MCH9459,4131,Partnership,Transportation,2025-06-03 00:00:00,0,0,,1,0,11281.97,0,0,9459,1,0,1,2,2
MCH 9460,"Oza, Balakrishnan and Kapoor",5942,Stationery,INDIVIDUAL,Madras,Tamil Nadu,,XXXX5842,ACTIVE,₹481.26,MCH9460,5942,Individual,Books & Stationery,,1,0,XXXX5842,0,1,481.26,0,0,9460,0,0,0,0,1
MCH9463,Boase and Sons,5942,Books,PRIVATE_LIMITED,ASR,Punjab,1748793890,8867615299,Enabled,Rs. 835,MCH9463,5942,Private Limited,Books & Stationery,2025-06-01 16:04:50,0,0,8867615299,0,0,835.0,0,0,9463,0,0,0,0,1
MCH 9467,"Pall, Lala and Dhar",4131,Transportation,Individual,Madras,Tamil Nadu,2024-09-03 09:23:16,,Live,"₹1,206.07",MCH9467,4131,Individual,Transportation,2024-09-03 09:23:16,0,0,,1,0,1206.07,0,0,9467,0,0,0,0,1
MCH9471,"bajaj, sandal and barad",5912,Pharmacies,Sole Proprietor,Mumbai,Maharashtra,05-23-2025,XXXX5365,ACTIVE,-457.15,MCH9471,5912,Sole Proprietor,Pharmacy & Medical,2025-05-23 00:00:00,0,0,XXXX5365,0,1,-457.15,0,1,9471,1,1,1,3,2
mch9472,Sankaran-Om,5699,Apparel,private_limited,delhi,Delhi,06-03-2023,OYDX9439754020828,INACTIVE,4710.1,MCH9472,5699,Private Limited,Clothing,2023-06-03 00:00:00,0,0,OYDX9439754020828,0,1,4710.1,0,0,9472,0,0,0,0,1
mch9474,"dutta, ramesh and buch",7011,Hospitality,SOLE_PROPRIETOR,Hyderabad,Telangana,13/10/2024,,Blocked,290.21,MCH9474,7011,Sole Proprietor,Hotels & Hospitality,2024-10-13 00:00:00,0,0,,1,0,290.21,0,0,9474,1,0,1,2,2
mch9476,Sama PLC,5812,Restaurants,PRIVATE-LIMITED,HYDERABAD,Telangana,,XXXX6830,Live,INR 165.93,MCH9476,5812,Private Limited,Food & Restaurants,,1,0,XXXX6830,0,1,165.93,0,0,9476,0,0,0,0,1
MCH9478,"desai, borah and dugar",,Other,PRIVATE-LIMITED,Kolkata,West Bengal,,,Blocked,"INR 1,333.54",MCH9478,,Private Limited,Unknown,,1,0,,1,0,1333.54,0,0,9478,0,0,0,0,1
MCH-9481,Kata LLC,4814.0,phone service,partnership,Amritsar,Punjab,25/11/2025,,Enabled,"₹1,054.88",MCH9481,4814,Partnership,Telecom,2025-11-25 00:00:00,0,0,,1,0,1054.88,0,0,9481,1,1,1,3,2
MCH 9482,"Vasa, Chada and Iyengar",5411,Grocery Stores,Partnership,Hyd,Telangana,,XXXX4559,A,INR 600.13,MCH9482,5411,Partnership,Grocery,,1,0,XXXX4559,0,1,600.13,0,0,9482,0,0,0,0,1
MCH9483,"Yohannan, Ghose and Pal",5699,Clothing,PARTNERSHIP,Hyd,Telangana,2023-03-21 23:53:34,,Live,4425.5,MCH9483,5699,Partnership,Clothing,2023-03-21 23:53:34,0,0,,1,0,4425.5,0,0,9483,0,0,0,0,1
MCH9484,"bail, sen and bava",,MEDICAL_STORE,Sole Proprietor,Jalandar,Punjab,30-Nov-2024,,A,"Rs. 1,401",MCH9484,,Sole Proprietor,Unknown,2024-11-30 00:00:00,0,0,,1,0,1401.0,0,0,9484,0,0,0,0,1
mch9489,Badal-Sankaran,4131,Transport,SOLE-PROPRIETOR,chennai,Tamil Nadu,03/02/2026 06:53 PM,,A,"INR 1,437.06",MCH9489,4131,Sole Proprietor,Transportation,2026-02-03 18:53:00,0,0,,1,0,1437.06,0,0,9489,0,0,0,0,1
mch9492,Mitra Gr0up,5912,chemist,PRIVATE_LIMITED,Kolkata,West Bengal,07-13-2024,8155802263,A,"1,049.00",MCH9492,5912,Private Limited,Pharmacy & Medical,2024-07-13 00:00:00,0,0,8155802263,0,0,1049.0,0,0,9492,1,1,1,3,2
MCH9494,"  Wable, Warrior and Parmer  ",,telecom,Individual,pune,Maharashtra,05-27-2024,,A,INR 455.01,MCH9494,,Individual,Unknown,2024-05-27 00:00:00,0,0,,1,0,455.01,0,0,9494,1,0,1,2,3
MCH 9502,VYAS-HAYRE,MCC-5942,Book Store,SOLE_PROPRIETOR,mumbai,Maharashtra,03-25-2023,,A,₹777.19,MCH9502,5942,Sole Proprietor,Books & Stationery,2023-03-25 00:00:00,0,0,,1,0,777.19,0,0,9502,0,0,0,0,1
MCH9503,Kulkarni LLC,4131,transprt,Individual,Hyd,Telangana,22/01/2026 09:02 PM,FRMH0087238544779,Inactive,1312.52,MCH9503,4131,Individual,Transportation,2026-01-22 21:02:00,0,0,FRMH0087238544779,0,0,1312.52,0,0,9503,1,1,1,3,2
mch9506,"SAVANT, BAINS AND BALI",5912,Medical,partnership,Poona,Maharashtra,12/01/2025,XXXX0299,ACTIVE,₹353.01,MCH9506,5912,Partnership,Pharmacy & Medical,2025-01-12 00:00:00,0,0,XXXX0299,0,1,353.01,0,0,9506,0,0,0,0,1
MCH9510,Warri0r-Thakkar,4131,transprt,Sole Proprietor,Bangalore,Karnataka,2024/09/15,,Enabled,"Rs. 1,261",MCH9510,4131,Sole Proprietor,Transportation,2024-09-15 00:00:00,0,0,,1,0,1261.0,0,0,9510,0,0,0,0,1
mch9514,Prakash Gr0up,5912,Pharmacies,PARTNERSHIP,LKO,Uttar Pradesh,2024/10/06,XXXX7878,INACTIVE,2338.36,MCH9514,5912,Partnership,Pharmacy & Medical,2024-10-06 00:00:00,0,0,XXXX7878,0,1,2338.36,0,0,9514,0,0,0,0,1
MCH9516,"SULE, BORRA AND RATTAN",misc,Food,PARTNERSHIP,amritsar,Punjab,2023-01-19 00:01:38,,Enabled,-397.19,MCH9516,,Partnership,Unknown,2023-01-19 00:01:38,0,0,,1,0,-397.19,0,1,9516,0,0,0,0,1
9517,MENON INC,,Hospitality,sole_proprietor,mumbai,Maharashtra,23/09/2023,XXXX3518,A,-1486.34,9517,,Sole Proprietor,Unknown,2023-09-23 00:00:00,0,0,XXXX3518,0,1,-1486.34,0,1,9517,0,0,0,0,1
MCH9519,Shere-Banik,5699,CLOTHS,sole_proprietor,lucknow,Uttar Pradesh,07-04-2025,,A,889.40,MCH9519,5699,Sole Proprietor,Clothing,2025-07-04 00:00:00,0,0,,1,0,889.4,0,0,9519,0,0,0,0,1
MCH9521,"soni, bal and thaman",5699,Clothing,Partnership,Ludhiana,Punjab,04/05/2023 07:18 AM,,Closed,Rs. 155,MCH9521,5699,Partnership,Clothing,2023-05-04 07:18:00,0,0,,1,0,155.0,0,0,9521,0,0,0,0,1
MCH9523,"Tank, Uppal and Malhotra",MCC-5912,Pharmacies,PARTNERSHIP,Pune,Maharashtra,10-25-2025,,Live,"5,060.01",MCH9523,5912,Partnership,Pharmacy & Medical,2025-10-25 00:00:00,0,0,,1,0,5060.01,0,0,9523,0,0,0,0,1
MCH9528,Kibe-Memon,5699,Apparel,SOLE-PROPRIETOR,New Delhi,Delhi,07/12/2025,XXXX9874,ACTIVE,5399.84,MCH9528,5699,Sole Proprietor,Clothing,2025-12-07 00:00:00,0,0,XXXX9874,0,1,5399.84,0,0,9528,0,0,0,0,1
MCH9529,Dubey Inc,4814,Mobile Recharge,PRIVATE-LIMITED,Pune,Maharashtra,26-Apr-2024,XXXX3556,ACTIVE,"Rs. 1,801",MCH9529,4814,Private Limited,Telecom,2024-04-26 00:00:00,0,0,XXXX3556,0,1,1801.0,0,0,9529,0,0,0,0,1
mch9530,B0rah PLC,,FOOD_SERVICES,individual,Hyderabad,Telangana,11-01-2023,,Suspended,999.86,MCH9530,,Individual,Unknown,2023-11-01 00:00:00,0,0,,1,0,999.86,0,0,9530,0,0,0,0,1
MCH 9531,lad ltd,5411,kirana,PRIVATE-LIMITED,ludhiana,Punjab,02-Dec-2025,CDSZ2178272638566,S,545.56,MCH9531,5411,Private Limited,Grocery,2025-12-02 00:00:00,0,0,CDSZ2178272638566,0,0,545.56,0,0,9531,0,0,0,0,1
MCH-9534,DESHMUKH-YADAV,7011,Hospitality,INDIVIDUAL,Hyd,Telangana,13/08/2024,XXXX7810,Active,"₹1,143.60",MCH9534,7011,Individual,Hotels & Hospitality,2024-08-13 00:00:00,0,0,XXXX7810,0,1,1143.6,0,0,9534,0,0,0,0,1
MCH9537,Chakrab0rty PLC,5942,BOOKS_STATIONERY,individual,amritsar,Punjab,1735799074,XXXX8422,ACTIVE,-1188.48,MCH9537,5942,Individual,Books & Stationery,2025-01-02 06:24:34,0,0,XXXX8422,0,1,-1188.48,0,1,9537,1,1,1,3,3
mch9541,"Grover, Bhatia and Tandon",,Food,partnership,Lucknow,Uttar Pradesh,2025-07-02 05:37:38,,Live,"₹2,401.33",MCH9541,,Partnership,Unknown,2025-07-02 05:37:38,0,0,,1,0,2401.33,0,0,9541,0,0,0,0,1
MCH9542,"Singh, Johal and Khalsa",5942,Book Store,INDIVIDUAL,HYDERABAD,Telangana,2025-06-18 21:51:23,XXXX3154,A,"₹2,463.46",MCH9542,5942,Individual,Books & Stationery,2025-06-18 21:51:23,0,0,XXXX3154,0,1,2463.46,0,0,9542,1,0,1,2,2
MCH9543,"G0ur, Raju and Dara",4131,TRAVEL,INDIVIDUAL,amritsar,Punjab,2024/02/10,,A,-458.0,MCH9543,4131,Individual,Transportation,2024-02-10 00:00:00,0,0,,1,0,-458.0,0,1,9543,1,1,1,3,2
9546,"Mohan, Tak and Dhingra",5999,retail other,sole_proprietor,Amritsar,Punjab,2024-11-20 10:50:24,XXXX5350,Active,1645.26,9546,5999,Sole Proprietor,Other Retail,2024-11-20 10:50:24,0,0,XXXX5350,0,1,1645.26,0,0,9546,0,0,1,1,2
MCH9547,Anne-Narasimhan,5311,DEPT_STORE,INDIVIDUAL,delhi,Delhi,11/04/2025,,Active,823.12,MCH9547,5311,Individual,Department Stores,2025-04-11 00:00:00,0,0,,1,0,823.12,0,0,9547,0,0,0,0,1
MCH9548,Raja PLC,UNKNOWN,Transportation,partnership,JPR,Rajasthan,2026-02-22 14:03:23,XXXX5841,ACTIVE,"Rs. 1,649",MCH9548,,Partnership,Unknown,2026-02-22 14:03:23,0,0,XXXX5841,0,1,1649.0,0,0,9548,1,1,1,3,2
MCH9550,Chandra-Sangha,05942,Book Store,Sole Proprietor,Hyd,Telangana,2025/12/18,,ACTIVE,674.90,MCH9550,5942,Sole Proprietor,Books & Stationery,2025-12-18 00:00:00,0,0,,1,0,674.9,0,0,9550,0,0,0,0,1
MCH9551,Chaudhari-Dugar,05942,BOOKS_STATIONERY,INDIVIDUAL,Lucknow,Uttar Pradesh,11/08/2023,XXXX6470,Enabled,"INR 2,156.36",MCH9551,5942,Individual,Books & Stationery,2023-08-11 00:00:00,0,0,XXXX6470,0,1,2156.36,0,0,9551,0,1,1,2,2
mch9554,Kale Ltd,4814,Telecom,partnership,kolkata,West Bengal,07/12/2025,,Hold,Rs. 696,MCH9554,4814,Partnership,Telecom,2025-12-07 00:00:00,0,0,,1,0,696.0,0,0,9554,0,0,0,0,1
MCH9555,"nadig, kumer and nath",5912.0,MEDICAL_STORE,Partnership,lucknow,Uttar Pradesh,01/02/2023,9648467253,ACTIVE,,MCH9555,5912,Partnership,Pharmacy & Medical,2023-02-01 00:00:00,0,0,9648467253,0,0,,1,0,9555,1,0,1,2,2
MCH9556,"Hari, Dave and Ahluwalia",4131,transprt,sole_proprietor,Chennai,Tamil Nadu,06-12-2025,LIFR2342836809377,Enabled,4820.97,MCH9556,4131,Sole Proprietor,Transportation,2025-06-12 00:00:00,0,0,LIFR2342836809377,0,0,4820.97,0,0,9556,0,0,0,0,1
MCH9559,Randhawa-Mody,5699,Fashion,sole_proprietor,ASR,Punjab,08-Jun-2025,XXXX2517,I,₹543.84,MCH9559,5699,Sole Proprietor,Clothing,2025-06-08 00:00:00,0,0,XXXX2517,0,1,543.84,0,0,9559,0,0,0,0,1
MCH9560,Puri-Ahluwalia,5999,Misc Retail,Partnership,ludhiana,Punjab,2025-06-21 05:09:56,XXXX3305,Enabled,1176.68,MCH9560,5999,Partnership,Other Retail,2025-06-21 05:09:56,0,0,XXXX3305,0,1,1176.68,0,0,9560,1,1,1,3,2
MCH9563,Sharaf-Tella,,Hotels,SOLE_PROPRIETOR,Kolkata,West Bengal,09-Feb-2025,,ACTIVE,1375.95,MCH9563,,Sole Proprietor,Unknown,2025-02-09 00:00:00,0,0,,1,0,1375.95,0,0,9563,1,1,1,3,2
MCH9565,"Dhar, Shukla and Chaudhary",5942,Books,individual,Chennai,Tamil Nadu,22/08/2025 01:59 PM,6503799014,ACTIVE,2205.09,MCH9565,5942,Individual,Books & Stationery,2025-08-22 13:59:00,0,0,6503799014,0,0,2205.09,0,0,9565,1,1,1,3,3
MCH9566,  Batra-Kaul  ,5311,Department Stores,PRIVATE_LIMITED,DELHI,Delhi,2025/11/28,LYAO0984012362521,Live,"₹1,260.75",MCH9566,5311,Private Limited,Department Stores,2025-11-28 00:00:00,0,0,LYAO0984012362521,0,0,1260.75,0,0,9566,0,0,0,0,1
MCH9567,"Dar, Gera and Sane",05812,FOOD_SERVICES,private_limited,delhi,Delhi,09-Jan-2026,,ACTIVE,850.48,MCH9567,5812,Private Limited,Food & Restaurants,2026-01-09 00:00:00,0,0,,1,0,850.48,0,0,9567,0,0,0,0,1
MCH 9569,Parekh-Kalita,5311,Retail,Individual,ASR,Punjab,07-Dec-2025,XXXX5054,Live,"₹1,617.31",MCH9569,5311,Individual,Department Stores,2025-12-07 00:00:00,0,0,XXXX5054,0,1,1617.31,0,0,9569,0,0,0,0,1
MCH9571,buch inc,5812,Restaurants,individual,Hyderabad,Telangana,,DKEU4746665718428,Live,1270.83,MCH9571,5812,Individual,Food & Restaurants,,1,0,DKEU4746665718428,0,0,1270.83,0,0,9571,0,0,0,0,1
MCH9580,"murthy, virk and lad",,DEPT_STORE,partnership,ludhiana,Punjab,09-20-2025,,Active,1520.62,MCH9580,,Partnership,Unknown,2025-09-20 00:00:00,0,0,,1,0,1520.62,0,0,9580,0,0,0,0,1
MCH-9582,"Aggarwal, Morar and Vohra",4814,TELECOM,PRIVATE_LIMITED,chennai,Tamil Nadu,02/02/2026,1610482956,Active,"Rs. 2,012",MCH9582,4814,Private Limited,Telecom,2026-02-02 00:00:00,0,0,1610482956,0,0,2012.0,0,0,9582,0,0,0,0,1
MCH9583,Khurana-Johal,5411.0,Grocery,PARTNERSHIP,Delhi,Delhi,2024-04-30 09:32:52,9658176597,Live,"₹5,627.60",MCH9583,5411,Partnership,Grocery,2024-04-30 09:32:52,0,0,9658176597,0,0,5627.6,0,0,9583,1,1,1,3,2
mch9584,"  Bhat, Shukla and Bajaj  ",5311,Department Stores,PRIVATE-LIMITED,Mumbai,Maharashtra,2025-02-04 10:04:43,XXXX2185,Closed,"4,140.74",MCH9584,5311,Private Limited,Department Stores,2025-02-04 10:04:43,0,0,XXXX2185,0,1,4140.74,0,0,9584,1,1,1,3,2
MCH9586,  Ghose PLC  ,7011,Hotels,PRIVATE_LIMITED,Chennai,Tamil Nadu,03-30-2023,,Active,2522.89,MCH9586,7011,Private Limited,Hotels & Hospitality,2023-03-30 00:00:00,0,0,,1,0,2522.89,0,0,9586,0,0,0,0,1
MCH9587,Krishnamurthy-Contractor,4814,Mobile Recharge,sole_proprietor,Calcutta,West Bengal,09-Dec-2024,XXXX7878,Enabled,211.86,MCH9587,4814,Sole Proprietor,Telecom,2024-12-09 00:00:00,0,0,XXXX7878,0,1,211.86,0,0,9587,0,0,0,0,1
MCH9591,BALI GROUP,05999,Miscellaneous,sole_proprietor,ludhiana,Punjab,14-Jan-2026,,A,"₹3,007.14",MCH9591,5999,Sole Proprietor,Other Retail,2026-01-14 00:00:00,0,0,,1,0,3007.14,0,0,9591,0,0,0,0,1
MCH9593,Daya1 Inc,,Transportation,PARTNERSHIP,kolkata,West Bengal,06/05/2024,,A,2414.51,MCH9593,,Partnership,Unknown,2024-05-06 00:00:00,0,0,,1,0,2414.51,0,0,9593,1,1,1,3,3
MCH9594,Ben Group,5311,DEPT_STORE,Sole Proprietor,jaipur,Rajasthan,10-Jan-2023,3846101369,A,4070.31,MCH9594,5311,Sole Proprietor,Department Stores,2023-01-10 00:00:00,0,0,3846101369,0,0,4070.31,0,0,9594,0,0,0,0,1
MCH9595,Kapur Inc,5999,Miscellaneous,PRIVATE_LIMITED,chennai,Tamil Nadu,10-26-2023,FKYL3305691122715,Live,,MCH9595,5999,Private Limited,Other Retail,2023-10-26 00:00:00,0,0,FKYL3305691122715,0,0,,1,0,9595,0,0,0,0,1
MCH9601,Murthy-Sagar,5999,Retail Other,PRIVATE-LIMITED,delhi,Delhi,,4391317650,Live,2574.06,MCH9601,5999,Private Limited,Other Retail,,1,0,4391317650,0,0,2574.06,0,0,9601,1,0,1,2,2
mch9604,Merchant-Johal,5311,Retail,Partnership,Poona,Maharashtra,11-Oct-2024,2871306703,Live,762.2,MCH9604,5311,Partnership,Department Stores,2024-10-11 00:00:00,0,0,2871306703,0,0,762.2,0,0,9604,0,0,0,0,1
MCH9605,Chokshi LLC,5812,Restaurants,sole_proprietor,Bangalore,Karnataka,31/01/2026,,Live,"Rs. 2,523",MCH9605,5812,Sole Proprietor,Food & Restaurants,2026-01-31 00:00:00,0,0,,1,0,2523.0,0,0,9605,0,0,0,0,1
MCH9609,  Bhatti Inc  ,5411,GROCERY_STORE,INDIVIDUAL,Hyderabad,Telangana,29/01/2026,BTIY5631851884644,SUSPENDED,1792.34,MCH9609,5411,Individual,Grocery,2026-01-29 00:00:00,0,0,BTIY5631851884644,0,0,1792.34,0,0,9609,1,1,1,3,4
MCH9613,  Tella Group  ,5912,Pharmacy,partnership,Hyderabad,Telangana,07-29-2024,IJFC0895713811161,A,,MCH9613,5912,Partnership,Pharmacy & Medical,2024-07-29 00:00:00,0,0,IJFC0895713811161,0,0,,1,0,9613,0,0,0,0,1
9617,Ranganathan-Ha1der,05411,Grocery Stores,Private Limited,Chennai,Tamil Nadu,08-12-2024,6857352456,ACTIVE,₹904.23,9617,5411,Private Limited,Grocery,2024-08-12 00:00:00,0,0,6857352456,0,0,904.23,0,0,9617,0,0,0,0,1
mch9620,chad plc,,Retail,INDIVIDUAL,Ludhiana,Punjab,04-16-2025,HEOY8360949899311,ACTIVE,INR 786.55,MCH9620,,Individual,Unknown,2025-04-16 00:00:00,0,0,HEOY8360949899311,0,0,786.55,0,0,9620,1,1,1,3,2
MCH9623,Subramanian LLC,5912.0,Medical,individual,Hyd,Telangana,06-07-2025,XXXX2659,Active,1226.76,MCH9623,5912,Individual,Pharmacy & Medical,2025-06-07 00:00:00,0,0,XXXX2659,0,1,1226.76,0,0,9623,1,1,1,3,2
MCH9624,Brar-Chad,5311,DEPT_STORE,INDIVIDUAL,Amritsar,Punjab,04-Feb-2025,XXXX6058,S,"₹2,595.66",MCH9624,5311,Individual,Department Stores,2025-02-04 00:00:00,0,0,XXXX6058,0,1,2595.66,0,0,9624,0,0,0,0,1
MCH9625,tripathi plc,4814,phone service,PRIVATE_LIMITED,Amritsar,Punjab,1726091298,,Live,,MCH9625,4814,Private Limited,Telecom,2024-09-11 21:48:18,0,0,,1,0,,1,0,9625,0,0,0,0,1
mch9626,Gu1ati-Chhabra,4814,Telecom,partnership,Lucknow,Uttar Pradesh,1740143570,,A,Rs. 880,MCH9626,4814,Partnership,Telecom,2025-02-21 13:12:50,0,0,,1,0,880.0,0,0,9626,0,0,0,0,1
MCH9627,Randhawa Gr0up,7011,Hotel,private_limited,Madras,Tamil Nadu,1693461075,,ACTIVE,-714.24,MCH9627,7011,Private Limited,Hotels & Hospitality,2023-08-31 05:51:15,0,0,,1,0,-714.24,0,1,9627,0,0,0,0,1
MCH9632,KADE-SHERE,5311,Department Stores,Sole Proprietor,New Delhi,Delhi,28/11/2025,,Active,895.55,MCH9632,5311,Sole Proprietor,Department Stores,2025-11-28 00:00:00,0,0,,1,0,895.55,0,0,9632,0,0,0,0,1
MCH 9635,Parekh-Mammen,MCC-5411,Grocery,PRIVATE_LIMITED,Poona,Maharashtra,2025-05-07 07:22:44,,Active,1533.7,MCH9635,5411,Private Limited,Grocery,2025-05-07 07:22:44,0,0,,1,0,1533.7,0,0,9635,1,1,1,3,2
MCH-9636,KIBE-MAGAR,5699,CLOTHS,INDIVIDUAL,Bengaluru,Karnataka,1692610555,SSYN5165458216497,Active,-1341.04,MCH9636,5699,Individual,Clothing,2023-08-21 09:35:55,0,0,SSYN5165458216497,0,0,-1341.04,0,1,9636,0,0,0,0,1
9637,Handa-Basu,5699,Clothing,PARTNERSHIP,Poona,Maharashtra,17/09/2025,,Live,515.71,9637,5699,Partnership,Clothing,2025-09-17 00:00:00,0,0,,1,0,515.71,0,0,9637,0,0,0,0,1
MCH9638,"Dara, Badami and Sen",5699,garments,SOLE-PROPRIETOR,LKO,Uttar Pradesh,22-Jan-2026,,Enabled,3649.35,MCH9638,5699,Sole Proprietor,Clothing,2026-01-22 00:00:00,0,0,,1,0,3649.35,0,0,9638,0,0,0,0,1
MCH-9640,"Jain, Sant and Oak",05699,CLOTHS,individual,Bengaluru,Karnataka,,4751326262,Enabled,-714.89,MCH9640,5699,Individual,Clothing,,1,0,4751326262,0,0,-714.89,0,1,9640,1,1,1,3,3
MCH9641,Andra Ltd,5912,Pharmacies,private_limited,kolkata,West Bengal,2025-10-15 02:13:04,2325222758,Enabled,3323.59,MCH9641,5912,Private Limited,Pharmacy & Medical,2025-10-15 02:13:04,0,0,2325222758,0,0,3323.59,0,0,9641,0,0,0,0,1
9642,Sarin Group,4814,TELECOM,INDIVIDUAL,MUMBAI,Maharashtra,09/10/2025,LEVP3171266345624,A,"₹11,510.93",9642,4814,Individual,Telecom,2025-10-09 00:00:00,0,0,LEVP3171266345624,0,0,11510.93,0,0,9642,0,0,0,0,1
MCH9647,"Bhat, Tank and Aurora",7011,HOTEL_LODGING,INDIVIDUAL,kolkata,West Bengal,18-Aug-2024,8968048918,Live,5590.39,MCH9647,7011,Individual,Hotels & Hospitality,2024-08-18 00:00:00,0,0,8968048918,0,0,5590.39,0,0,9647,0,0,0,0,1
MCH-9649,Sachdeva-Dey,07011,HOTEL_LODGING,sole_proprietor,ASR,Punjab,06/12/2025 07:10 AM,XRSK3388415827357,Active,-493.43,MCH9649,7011,Sole Proprietor,Hotels & Hospitality,2025-12-06 07:10:00,0,0,XRSK3388415827357,0,1,-493.43,0,1,9649,0,0,0,0,1
MCH9651,Thakkar-Dass,5311,Department Stores,private_limited,jalandhar,Punjab,1679976808,,ACTIVE,"Rs. 2,535",MCH9651,5311,Private Limited,Department Stores,2023-03-28 04:13:28,0,0,,1,0,2535.0,0,0,9651,0,0,0,0,1
mch9654,Saini-Bath,MCC-5942,Books,PRIVATE-LIMITED,ludhiana,Punjab,10-11-2024,XXXX5605,A,2570.91,MCH9654,5942,Private Limited,Books & Stationery,2024-10-11 00:00:00,0,0,XXXX5605,0,1,2570.91,0,0,9654,0,0,0,0,1
MCH9659,gokhale-bassi,4814,Mobile Recharge,SOLE_PROPRIETOR,Mumbai,Maharashtra,2023/09/11,AEKL3434312955275,ACTIVE,INR 269.40,MCH9659,4814,Sole Proprietor,Telecom,2023-09-11 00:00:00,0,0,AEKL3434312955275,0,0,269.4,0,0,9659,0,0,0,0,1
MCH9661,Ramanathan Group,7011,Hospitality,Individual,Mumbay,Maharashtra,2023-11-10 08:09:50,,A,735.62,MCH9661,7011,Individual,Hotels & Hospitality,2023-11-10 08:09:50,0,0,,1,0,735.62,0,0,9661,0,0,0,0,1
9662,Basu-Korpal,4814,TELECOM,private_limited,Poona,Maharashtra,1694618918,WZTV1265477628451,Active,"Rs. 1,152",9662,4814,Private Limited,Telecom,2023-09-13 15:28:38,0,0,WZTV1265477628451,0,0,1152.0,0,0,9662,0,0,0,0,1
MCH-9665,Baria and Sons,5699.0,Fashion,SOLE-PROPRIETOR,Chennai,Tamil Nadu,09/08/2023,VFLG7914496362461,S,"₹4,561.80",MCH9665,5699,Sole Proprietor,Clothing,2023-08-09 00:00:00,0,0,VFLG7914496362461,0,0,4561.8,0,0,9665,0,0,0,0,1
mch9672,contractor-sinha,05311,Retail,INDIVIDUAL,Kolkata,West Bengal,26/11/2024,8867559277,Active,1371.8,MCH9672,5311,Individual,Department Stores,2024-11-26 00:00:00,0,0,8867559277,0,0,1371.8,0,0,9672,0,0,0,0,1
mch9675,Mand-Varkey,5912,Medical,Individual,Jalandhar,Punjab,05-Nov-2025,,I,₹843.13,MCH9675,5912,Individual,Pharmacy & Medical,2025-11-05 00:00:00,0,0,,1,0,843.13,0,0,9675,0,0,0,0,1
MCH9679,RAMAN LTD,,HOTEL_LODGING,SOLE-PROPRIETOR,DELHI,Delhi,07-09-2024,PIVF1729636161305,I,310.73,MCH9679,,Sole Proprietor,Unknown,2024-07-09 00:00:00,0,0,PIVF1729636161305,0,0,310.73,0,0,9679,0,0,0,0,1
MCH9681,Bawa PLC,05699,Clothing,PRIVATE-LIMITED,Pune,Maharashtra,2024-01-09 03:45:47,,Live,"1,913.04",MCH9681,5699,Private Limited,Clothing,2024-01-09 03:45:47,0,0,,1,0,1913.04,0,0,9681,0,0,0,0,1
MCH9683,Pillai Inc,5411,Grocery,PARTNERSHIP,bengaluru,Karnataka,28-Nov-2024,,Suspended,1862.68,MCH9683,5411,Partnership,Grocery,2024-11-28 00:00:00,0,0,,1,0,1862.68,0,0,9683,0,0,0,0,1
MCH9684,Bhasin Inc,MCC-5912,Pharmacies,private_limited,DELHI,Delhi,2025/01/20,XXXX1695,INACTIVE,2227.2,MCH9684,5912,Private Limited,Pharmacy & Medical,2025-01-20 00:00:00,0,0,XXXX1695,0,1,2227.2,0,0,9684,0,0,0,0,1
MCH-9688,choudhry llc,5942,Books,Sole Proprietor,Bengaluru,Karnataka,10-18-2023,,A,₹825.43,MCH9688,5942,Sole Proprietor,Books & Stationery,2023-10-18 00:00:00,0,0,,1,0,825.43,0,0,9688,0,0,0,0,1
MCH9690,Bai1-Sarin,7011,Hotels,Partnership,Amritsar,Punjab,11/04/2025 05:06 PM,XXXX0228,Live,3320.22,MCH9690,7011,Partnership,Hotels & Hospitality,2025-04-11 17:06:00,0,0,XXXX0228,0,1,3320.22,0,0,9690,0,0,0,0,1
9692,Parekh-Kurian,5699,garments,INDIVIDUAL,Jaipur,Rajasthan,20-Oct-2025,XXXX0036,Live,,9692,5699,Individual,Clothing,2025-10-20 00:00:00,0,0,XXXX0036,0,1,,1,0,9692,1,1,1,3,2
9693,"Babu, Murty and Rao",5942,Stationery,sole_proprietor,Pune,Maharashtra,25/07/2023 07:48 PM,SBLA0467817458024,Live,"₹1,260.07",9693,5942,Sole Proprietor,Books & Stationery,2023-07-25 19:48:00,0,0,SBLA0467817458024,0,0,1260.07,0,0,9693,0,0,0,0,1
MCH 9696,D’Alia-Bhardwaj,5999.0,Misc Retail,Private Limited,Lucknow,Uttar Pradesh,1708206136,XXXX0392,Active,3568.12,MCH9696,5999,Private Limited,Other Retail,2024-02-17 21:42:16,0,0,XXXX0392,0,1,3568.12,0,0,9696,0,0,0,0,1
MCH 9697,Walla Ltd,,Telecom,INDIVIDUAL,Bangalore,Karnataka,2025/07/21,,Live,"₹1,081.86",MCH9697,,Individual,Unknown,2025-07-21 00:00:00,0,0,,1,0,1081.86,0,0,9697,0,0,0,0,2
MCH9702,Ranganathan-Madan,7011,Hotels,INDIVIDUAL,Hyderabad,Telangana,10-Apr-2025,RTHS3346421176187,Active,"INR 1,980.13",MCH9702,7011,Individual,Hotels & Hospitality,2025-04-10 00:00:00,0,0,RTHS3346421176187,0,0,1980.13,0,0,9702,0,0,0,0,1
MCH9704,"Wason, Upadhyay and Palla",5311,Retail,Private Limited,Mumbai,Maharashtra,11/07/2024 02:29 AM,0272024202,A,,MCH9704,5311,Private Limited,Department Stores,2024-07-11 02:29:00,0,0,0272024202,0,0,,1,0,9704,1,0,1,2,2
MCH-9706,"Mohan, Sahni and Doctor",5699,garments,PARTNERSHIP,Lucknow,Uttar Pradesh,26/10/2023,,A,,MCH9706,5699,Partnership,Clothing,2023-10-26 00:00:00,0,0,,1,0,,1,0,9706,0,0,0,0,1
MCH9710,Trivedi PLC,5411,kirana,PARTNERSHIP,ludhiana,Punjab,24-Jan-2025,,A,718.83,MCH9710,5411,Partnership,Grocery,2025-01-24 00:00:00,0,0,,1,0,718.83,0,0,9710,1,1,1,3,2
9713,"Toor, Nayak and Varma",5699,Fashion,individual,jalandhar,Punjab,,,A,-297.05,9713,5699,Individual,Clothing,,1,0,,1,0,-297.05,0,1,9713,0,0,0,0,1
MCH9714,Issac-Pall,5912,Pharmacies,Private Limited,Madras,Tamil Nadu,2024-07-06 12:33:24,,INACTIVE,₹925.43,MCH9714,5912,Private Limited,Pharmacy & Medical,2024-07-06 12:33:24,0,0,,1,0,925.43,0,0,9714,0,0,0,0,1
mch9715,Desai PLC,7011,Hotel,Partnership,kolkata,West Bengal,10/01/2023,5413889015,Disabled,547.82,MCH9715,7011,Partnership,Hotels & Hospitality,2023-01-10 00:00:00,0,0,5413889015,0,0,547.82,0,0,9715,0,0,0,0,1
MCH9716,"Kadakia, Mishra and Ba1i",05812,Restaurants,PRIVATE_LIMITED,Lucknow,Uttar Pradesh,09/09/2023 01:40 PM,4695594803,Enabled,-1762.09,MCH9716,5812,Private Limited,Food & Restaurants,2023-09-09 13:40:00,0,0,4695594803,0,0,-1762.09,0,1,9716,0,0,0,0,1
MCH9718,  Bumb PLC  ,5699,CLOTHS,PRIVATE_LIMITED,jalandhar,Punjab,,XXXX7725,Live,,MCH9718,5699,Private Limited,Clothing,,1,0,XXXX7725,0,1,,1,0,9718,1,1,1,3,4
MCH 9720,Hayre Ltd,5942,Stationery,SOLE_PROPRIETOR,Poona,Maharashtra,24/04/2024,,Enabled,₹507.94,MCH9720,5942,Sole Proprietor,Books & Stationery,2024-04-24 00:00:00,0,0,,1,0,507.94,0,0,9720,0,0,0,0,1
MCH9722,"KRISHNA, SAXENA AND AURORA",4814,Mobile Recharge,INDIVIDUAL,lucknow,Uttar Pradesh,,XXXX5150,Enabled,,MCH9722,4814,Individual,Telecom,,1,0,XXXX5150,0,1,,1,0,9722,0,0,0,0,1
MCH 9725,Shan LLC,05699,Clothing,Individual,Lucknow,Uttar Pradesh,20-Dec-2024,4923079593,A,2250.85,MCH9725,5699,Individual,Clothing,2024-12-20 00:00:00,0,0,4923079593,0,0,2250.85,0,0,9725,0,0,0,0,1
MCH9728,"  Dass, Sengupta and Halder  ",5411,groceries,Sole Proprietor,chennai,Tamil Nadu,29/10/2024 12:12 PM,,A,"₹6,287.55",MCH9728,5411,Sole Proprietor,Grocery,2024-10-29 12:12:00,0,0,,1,0,6287.55,0,0,9728,0,0,0,0,1
MCH9729,Prabhakar Ltd,5812,Restaurants,Individual,Bengaluru,Karnataka,2025-12-28 11:50:57,,Live,"Rs. 1,127",MCH9729,5812,Individual,Food & Restaurants,2025-12-28 11:50:57,0,0,,1,0,1127.0,0,0,9729,0,0,0,0,1
MCH-9731,Chaudhry-Pillay,5311,DEPT_STORE,INDIVIDUAL,jaipur,Rajasthan,1758300214,4390962437,Enabled,516.39,MCH9731,5311,Individual,Department Stores,2025-09-19 16:43:34,0,0,4390962437,0,0,516.39,0,0,9731,0,0,0,0,1
MCH9732,"Srinivasan,EdwinandRattan",misc,TRAVEL,SOLE_PROPRIETOR,Amritsar,Punjab,2025-04-19 12:04:14,,Active,"INR 3,076.50",MCH9732,,Sole Proprietor,Unknown,2025-04-19 12:04:14,0,0,,1,0,3076.5,0,0,9732,1,1,1,3,2
MCH9733,SATHE-HARI,04131,Transport,PARTNERSHIP,Bengaluru,Karnataka,2025-09-24 05:50:29,,ACTIVE,"₹1,033.79",MCH9733,4131,Partnership,Transportation,2025-09-24 05:50:29,0,0,,1,0,1033.79,0,0,9733,0,0,0,0,1
MCH9736,sant plc,7011,HOTEL_LODGING,sole_proprietor,LKO,Uttar Pradesh,2024/12/07,4147851928,Active,1081.26,MCH9736,7011,Sole Proprietor,Hotels & Hospitality,2024-12-07 00:00:00,0,0,4147851928,0,0,1081.26,0,0,9736,0,0,0,0,1
MCH9738,Barman-Rastogi,5411.0,Grocery,Partnership,Madras,Tamil Nadu,11-19-2024,XXXX3047,Enabled,2419.77,MCH9738,5411,Partnership,Grocery,2024-11-19 00:00:00,0,0,XXXX3047,0,1,2419.77,0,0,9738,0,0,0,0,1
MCH9739,"Gupta, Bhatia and Dhillon",4131,transprt,PRIVATE-LIMITED,jaipur,Rajasthan,20-Mar-2025,,A,-374.45,MCH9739,4131,Private Limited,Transportation,2025-03-20 00:00:00,0,0,,1,0,-374.45,0,1,9739,0,0,0,0,1
MCH9740,Jain and Sons,5812,Restaurants,INDIVIDUAL,JPR,Rajasthan,2025-01-31 05:45:13,BHGC5407337420204,Live,1510.42,MCH9740,5812,Individual,Food & Restaurants,2025-01-31 05:45:13,0,0,BHGC5407337420204,0,0,1510.42,0,0,9740,0,0,0,0,1
mch9743,Sahota-Krish,5942,Stationery,private_limited,LDH,Punjab,22/05/2023,,Live,873.78,MCH9743,5942,Private Limited,Books & Stationery,2023-05-22 00:00:00,0,0,,1,0,873.78,0,0,9743,0,0,0,0,1
MCH9744,  Walia Inc  ,5942,Stationery,Sole Proprietor,BLR,Karnataka,2024/06/24,XXXX8765,ACTIVE,574.28,MCH9744,5942,Sole Proprietor,Books & Stationery,2024-06-24 00:00:00,0,0,XXXX8765,0,1,574.28,0,0,9744,0,0,1,1,2
MCH9745,Chaudhuri PLC,misc,CLOTHS,sole_proprietor,pune,Maharashtra,05-26-2025,LAJQ5592021482333,INACTIVE,475.31,MCH9745,,Sole Proprietor,Unknown,2025-05-26 00:00:00,0,0,LAJQ5592021482333,0,0,475.31,0,0,9745,1,0,1,2,3
9749,"Vasa, Jha and Babu",7011.0,Hospitality,Sole Proprietor,chennai,Tamil Nadu,2025/04/08,KYLU7872860441516,ACTIVE,276.87,9749,7011,Sole Proprietor,Hotels & Hospitality,2025-04-08 00:00:00,0,0,KYLU7872860441516,0,0,276.87,0,0,9749,1,1,1,3,2
MCH9751,Memon-Sinha,5812,Restaurant,Sole Proprietor,Ludhiana,Punjab,2023/07/16,4462778035,Enabled,"2,265.65",MCH9751,5812,Sole Proprietor,Food & Restaurants,2023-07-16 00:00:00,0,0,4462778035,0,0,2265.65,0,0,9751,0,0,0,0,1
MCH9753,Chowdhury and Sons,4814,TELECOM,INDIVIDUAL,Bombay,Maharashtra,06/07/2023 01:36 PM,XRQC4173107226583,Live,559.33,MCH9753,4814,Individual,Telecom,2023-07-06 13:36:00,0,0,XRQC4173107226583,0,1,559.33,0,0,9753,0,0,0,0,1
MCH9754,Khanna Group,5411,GROCERY_STORE,Partnership,Ludhiana,Punjab,20/11/2023,EDBE0893143652084,Enabled,3682.51,MCH9754,5411,Partnership,Grocery,2023-11-20 00:00:00,0,0,EDBE0893143652084,0,0,3682.51,0,0,9754,0,0,0,0,1
MCH-9755,ANAND INC,5311,Department Store,PRIVATE-LIMITED,lucknow,Uttar Pradesh,09/10/2024 04:48 PM,EWFI4945547358021,A,"2,048.19",MCH9755,5311,Private Limited,Department Stores,2024-10-09 16:48:00,0,0,EWFI4945547358021,0,0,2048.19,0,0,9755,1,1,1,3,2
MCH9756,"  Dugal, Virk and Dhaliwal  ",4131,Transport,PARTNERSHIP,Jalandhar,Punjab,2023-01-01 08:25:47,SZBM8211536669889,Active,Rs. 494,MCH9756,4131,Partnership,Transportation,2023-01-01 08:25:47,0,0,SZBM8211536669889,0,0,494.0,0,0,9756,0,0,0,0,1
MCH9757,Venkataraman-Vig,5311,DEPT_STORE,sole_proprietor,ASR,Punjab,2025-03-26 02:02:24,,Active,-1622.73,MCH9757,5311,Sole Proprietor,Department Stores,2025-03-26 02:02:24,0,0,,1,0,-1622.73,0,1,9757,0,0,0,0,1
MCH9762,Kara LLC,5999,Retail Other,INDIVIDUAL,Dilli,Delhi,,9982880458,Active,₹413.17,MCH9762,5999,Individual,Other Retail,,1,0,9982880458,0,0,413.17,0,0,9762,0,0,0,0,1
mch9763,Bhatnagar-Ramesh,5699,CLOTHS,INDIVIDUAL,Bengaluru,Karnataka,24/03/2023 10:13 AM,FAWR8699456284349,Live,"₹2,954.71",MCH9763,5699,Individual,Clothing,2023-03-24 10:13:00,0,0,FAWR8699456284349,0,0,2954.71,0,0,9763,0,0,0,0,1
MCH9764,More-Bhavsar,5912,chemist,sole_proprietor,Pune,Maharashtra,2024-09-06 22:28:13,XXXX9274,Live,"INR 3,514.68",MCH9764,5912,Sole Proprietor,Pharmacy & Medical,2024-09-06 22:28:13,0,0,XXXX9274,0,1,3514.68,0,0,9764,1,1,1,3,2
MCH9769,Yogi-Dixit,5411,Grocery Stores,private_limited,amritsar,Punjab,,ITST4174155209610,Hold,"₹1,299.88",MCH9769,5411,Private Limited,Grocery,,1,0,ITST4174155209610,0,0,1299.88,0,0,9769,1,1,1,3,3
MCH9770,jha-andra,,transprt,Sole Proprietor,Chennai,Tamil Nadu,01-22-2026,BRJH7377264204006,S,"₹1,847.23",MCH9770,,Sole Proprietor,Unknown,2026-01-22 00:00:00,0,0,BRJH7377264204006,0,0,1847.23,0,0,9770,0,0,0,0,1
MCH9772,"Memon, Virk and Mital",,Food,Individual,amritsar,Punjab,,,ACTIVE,2402.93,MCH9772,,Individual,Unknown,,1,0,,1,0,2402.93,0,0,9772,1,1,1,3,3
MCH9774,Trivedi Group,5912,Pharmacy,PARTNERSHIP,JPR,Rajasthan,03/08/2024,5443660478,Active,"Rs. 1,811",MCH9774,5912,Partnership,Pharmacy & Medical,2024-08-03 00:00:00,0,0,5443660478,0,0,1811.0,0,0,9774,0,0,0,0,1
MCH 9778,"chandra, subramanian and borde",5942,Book Store,PRIVATE_LIMITED,Bengaluru,Karnataka,2025-05-20 15:00:27,2832098556,Enabled,"₹2,313.10",MCH9778,5942,Private Limited,Books & Stationery,2025-05-20 15:00:27,0,0,2832098556,0,0,2313.1,0,0,9778,0,0,0,0,1
mch9779,De0-Agate,4814,Telecom,INDIVIDUAL,Calcutta,West Bengal,03-24-2024,,A,"₹2,425.10",MCH9779,4814,Individual,Telecom,2024-03-24 00:00:00,0,0,,1,0,2425.1,0,0,9779,0,0,0,0,1
MCH9780,"Kibe, Setty and Kaul",05942,Book Store,PRIVATE-LIMITED,mumbai,Maharashtra,2024/07/14,EUVJ9352599503304,Active,"₹3,251.18",MCH9780,5942,Private Limited,Books & Stationery,2024-07-14 00:00:00,0,0,EUVJ9352599503304,0,0,3251.18,0,0,9780,0,0,0,0,1
MCH9782,"Prashad, Sura and Mutti",5311,Department Store,Sole Proprietor,amritsar,Punjab,17-Apr-2025,,A,"Rs. 2,734",MCH9782,5311,Sole Proprietor,Department Stores,2025-04-17 00:00:00,0,0,,1,0,2734.0,0,0,9782,1,1,1,3,2
MCH9784,lal ltd,05812,eating place,PARTNERSHIP,Madras,Tamil Nadu,28/12/2024 05:21 AM,XXXX3001,Enabled,1442.84,MCH9784,5812,Partnership,Food & Restaurants,2024-12-28 05:21:00,0,0,XXXX3001,0,1,1442.84,0,0,9784,0,0,0,0,1
MCH9785,Nagarajan PLC,5699,cloths,INDIVIDUAL,MUMBAI,Maharashtra,06/08/2025,,Active,"INR 2,709.78",MCH9785,5699,Individual,Clothing,2025-08-06 00:00:00,0,0,,1,0,2709.78,0,0,9785,1,1,1,3,3
MCH9786,"Pai, Thakkar and Krish",5311,Department Store,PRIVATE-LIMITED,HYDERABAD,Telangana,,,Active,"INR 1,876.06",MCH9786,5311,Private Limited,Department Stores,,1,0,,1,0,1876.06,0,0,9786,0,0,0,0,1
MCH9787,Nigam LLC,7011,hotels,PRIVATE_LIMITED,jaipur,Rajasthan,18/06/2023,,Active,717.19,MCH9787,7011,Private Limited,Hotels & Hospitality,2023-06-18 00:00:00,0,0,,1,0,717.19,0,0,9787,0,0,1,1,2
MCH9790,Kumar-Dua,4814,Mobile Recharge,sole_proprietor,Calcutta,West Bengal,09-Dec-2024,XXXX3101,Enabled,375.28,MCH9790,4814,Sole Proprietor,Telecom,2024-12-09 00:00:00,0,0,XXXX3101,0,1,375.28,0,0,9790,1,1,1,3,3
MCH9793,Brar Ltd,,Fashion,PRIVATE-LIMITED,Bangalore,Karnataka,,4222281666,Enabled,198.68,MCH9793,,Private Limited,Unknown,,1,0,4222281666,0,0,198.68,0,0,9793,0,0,0,0,1
MCH9797,"Basu, Kota and Hora",7011,HOTEL_LODGING,INDIVIDUAL,jaipur,Rajasthan,,,A,3455.43,MCH9797,7011,Individual,Hotels & Hospitality,,1,0,,1,0,3455.43,0,0,9797,0,0,0,0,1
mch9798,Mann-Gera,4131,transprt,INDIVIDUAL,Jalandhar,Punjab,15/07/2025 05:53 AM,AQRW3805344799887,Active,Rs. 952,MCH9798,4131,Individual,Transportation,2025-07-15 05:53:00,0,0,AQRW3805344799887,0,0,952.0,0,0,9798,0,0,0,0,1
MCH9800,"Om, Rana and Bhatti",MCC-5311,DEPT_STORE,Partnership,Hyderabad,Telangana,,XXXX5409,Enabled,,MCH9800,5311,Partnership,Department Stores,,1,0,XXXX5409,0,1,,1,0,9800,1,0,1,2,2
MCH 9801,"Manda, Bansal and Devan",5812,Restaurant,PARTNERSHIP,Pune,Maharashtra,12/09/2025 12:49 AM,XXXX9062,Suspended,1106.68,MCH9801,5812,Partnership,Food & Restaurants,2025-09-12 00:49:00,0,0,XXXX9062,0,1,1106.68,0,0,9801,0,0,0,0,1
MCH9802,  Kashyap LLC  ,4814,TELECOM,private_limited,ASR,Punjab,,4417851194,Inactive,₹378.50,MCH9802,4814,Private Limited,Telecom,,1,0,4417851194,0,0,378.5,0,0,9802,1,1,1,3,2
MCH9803,Rastogi Ltd,misc,BOOKS_STATIONERY,partnership,Jaipur,Rajasthan,2025-01-29 05:08:38,,A,"₹3,135.89",MCH9803,,Partnership,Unknown,2025-01-29 05:08:38,0,0,,1,0,3135.89,0,0,9803,0,0,0,0,1
MCH9804,Bhasin-Peri,5311,DEPT_STORE,SOLE_PROPRIETOR,Chennai,Tamil Nadu,21/12/2023 12:24 AM,,SUSPENDED,₹962.52,MCH9804,5311,Sole Proprietor,Department Stores,2023-12-21 00:24:00,0,0,,1,0,962.52,0,0,9804,0,0,0,0,1
MCH9805,Sha-Mitter,5311,Retail,PARTNERSHIP,Jalandar,Punjab,,6239132906,Enabled,1993.26,MCH9805,5311,Partnership,Department Stores,,1,0,6239132906,0,0,1993.26,0,0,9805,0,0,0,0,1
MCH9806,Hari-Kant,5411,groceries,individual,amritsar,Punjab,2023/12/26,JKYA8958406507555,A,"INR 1,398.42",MCH9806,5411,Individual,Grocery,2023-12-26 00:00:00,0,0,JKYA8958406507555,0,0,1398.42,0,0,9806,0,0,0,0,1
mch9807,PILLAY-SULE,05912,chemist,PARTNERSHIP,LDH,Punjab,17/09/2024,,Live,"₹3,555.86",MCH9807,5912,Partnership,Pharmacy & Medical,2024-09-17 00:00:00,0,0,,1,0,3555.86,0,0,9807,0,0,0,0,1
MCH9811,"Dyal, Ranganathan and Sinha",5812.0,Food,private_limited,New Delhi,Delhi,04/11/2025,RQQY2365576077878,Enabled,972.81,MCH9811,5812,Private Limited,Food & Restaurants,2025-11-04 00:00:00,0,0,RQQY2365576077878,0,0,972.81,0,0,9811,1,1,1,3,2
MCH9813,MENON GROUP,,Retail Other,individual,DELHI,Delhi,01-06-2026,XXXX6379,SUSPENDED,12265.27,MCH9813,,Individual,Unknown,2026-01-06 00:00:00,0,0,XXXX6379,0,1,12265.27,0,0,9813,1,1,1,3,3
mch9814,Sekhon-Luthra,5411,GROCERY_STORE,individual,HYDERABAD,Telangana,12-Jun-2023,,ACTIVE,"2,338.35",MCH9814,5411,Individual,Grocery,2023-06-12 00:00:00,0,0,,1,0,2338.35,0,0,9814,0,0,0,0,1
MCH9815,"NARASIMHAN, VASA AND GOSWAMI",5942,book store,INDIVIDUAL,DELHI,Delhi,10/11/2025 04:53 AM,MZNM1643262942719,Active,-528.91,MCH9815,5942,Individual,Books & Stationery,2025-11-10 04:53:00,0,0,MZNM1643262942719,0,0,-528.91,0,1,9815,0,0,0,0,2
MCH9820,"Rai, Saha and Lalla",7011,HOTEL_LODGING,INDIVIDUAL,ASR,Punjab,13/10/2024,,A,"Rs. 3,129",MCH9820,7011,Individual,Hotels & Hospitality,2024-10-13 00:00:00,0,0,,1,0,3129.0,0,0,9820,0,0,0,0,1
MCH9821,Natt-Kibe,5699,Fashion,PRIVATE-LIMITED,Madras,Tamil Nadu,2025/05/03,XXXX1748,Live,"₹4,072.48",MCH9821,5699,Private Limited,Clothing,2025-05-03 00:00:00,0,0,XXXX1748,0,1,4072.48,0,0,9821,0,0,0,0,1
MCH 9822,Thaman-Parsa,5311,Department Store,PRIVATE_LIMITED,bengaluru,Karnataka,,0500860031,A,534.71,MCH9822,5311,Private Limited,Department Stores,,1,0,0500860031,0,0,534.71,0,0,9822,0,0,0,0,1
MCH9823,Kunda-Parekh,5812,Restaurant,individual,Bombay,Maharashtra,04-10-2023,YIKU2339191619475,A,1308.28,MCH9823,5812,Individual,Food & Restaurants,2023-04-10 00:00:00,0,0,YIKU2339191619475,0,0,1308.28,0,0,9823,0,0,0,0,1
MCH9824,Memon-Mistry,4814,phone service,partnership,ludhiana,Punjab,2024-08-16 02:30:46,,Hold,837.47,MCH9824,4814,Partnership,Telecom,2024-08-16 02:30:46,0,0,,1,0,837.47,0,0,9824,0,0,0,0,1
MCH9826,RANA AND SONS,,groceries,Private Limited,Bengaluru,Karnataka,07/07/2023 04:29 PM,ZBMZ7199667891551,Active,INR 739.28,MCH9826,,Private Limited,Unknown,2023-07-07 16:29:00,0,0,ZBMZ7199667891551,0,0,739.28,0,0,9826,0,0,0,0,1
MCH9827,Chaudry and Sons,5311,Department Stores,PRIVATE-LIMITED,Bangalore,Karnataka,02-Apr-2025,WKDN2531235762305,Enabled,1686.75,MCH9827,5311,Private Limited,Department Stores,2025-04-02 00:00:00,0,0,WKDN2531235762305,0,0,1686.75,0,0,9827,0,0,0,0,1
MCH9831,deep-kanda,4814,phone service,SOLE-PROPRIETOR,pune,Maharashtra,29/07/2025,XXXX7811,A,796.02,MCH9831,4814,Sole Proprietor,Telecom,2025-07-29 00:00:00,0,0,XXXX7811,0,1,796.02,0,0,9831,1,1,1,3,3
MCH9834,Handa-Chaudhari,05411,Grocery Stores,private_limited,Lucknow,Uttar Pradesh,2025/04/27,XXXX0961,Enabled,"₹3,989.90",MCH9834,5411,Private Limited,Grocery,2025-04-27 00:00:00,0,0,XXXX0961,0,1,3989.9,0,0,9834,1,0,1,2,3
MCH-9835,Mahajan-Pingle,07011,HOTEL_LODGING,private_limited,jaipur,Rajasthan,22/09/2025,,ACTIVE,"2,477.71",MCH9835,7011,Private Limited,Hotels & Hospitality,2025-09-22 00:00:00,0,0,,1,0,2477.71,0,0,9835,1,1,1,3,2
mch9836,"Nori, Malhotra and Deep",7011.0,HOTEL_LODGING,Sole Proprietor,chennai,Tamil Nadu,,XXXX5684,ACTIVE,"Rs. 3,007",MCH9836,7011,Sole Proprietor,Hotels & Hospitality,,1,0,XXXX5684,0,1,3007.0,0,0,9836,0,0,0,0,1
MCH-9837,Raval-Aurora,05812,Restaurants,sole_proprietor,Calcutta,West Bengal,04-26-2023,,Live,"Rs. 2,990",MCH9837,5812,Sole Proprietor,Food & Restaurants,2023-04-26 00:00:00,0,0,,1,0,2990.0,0,0,9837,0,0,0,0,1
9839,Natarajan-Keer,5812,eating place,INDIVIDUAL,DELHI,Delhi,2025-03-03 12:00:05,XXXX6434,Enabled,2189.15,9839,5812,Individual,Food & Restaurants,2025-03-03 12:00:05,0,0,XXXX6434,0,1,2189.15,0,0,9839,0,0,0,0,1
MCH 9840,"gara, bedi and dua",5942.0,Stationery,PRIVATE_LIMITED,amritsar,Punjab,09-12-2025,4627903528,ACTIVE,Rs. 369,MCH9840,5942,Private Limited,Books & Stationery,2025-09-12 00:00:00,0,0,4627903528,0,0,369.0,0,0,9840,0,0,0,0,1
MCH9843,"Banerjee, Singh and Anne",5942,Stationery,INDIVIDUAL,chennai,Tamil Nadu,2025/04/07,,Enabled,"₹8,077.21",MCH9843,5942,Individual,Books & Stationery,2025-04-07 00:00:00,0,0,,1,0,8077.21,0,0,9843,0,0,0,0,1
MCH9844,MENON AND SONS,4131,Bus/Taxi,Sole Proprietor,Bombay,Maharashtra,2024/04/14,,Active,"Rs. 1,083",MCH9844,4131,Sole Proprietor,Transportation,2024-04-14 00:00:00,0,0,,1,0,1083.0,0,0,9844,0,0,0,0,1
MCH9845,Misra-Varghese,5912.0,Pharmacies,sole_proprietor,ludhiana,Punjab,30-Dec-2025,,Live,186.59,MCH9845,5912,Sole Proprietor,Pharmacy & Medical,2025-12-30 00:00:00,0,0,,1,0,186.59,0,0,9845,0,0,0,0,1
MCH9846,Mukherjee Ltd,5812,Restaurant,SOLE-PROPRIETOR,Chennai,Tamil Nadu,2024/09/15,XXXX2201,Live,"₹1,799.62",MCH9846,5812,Sole Proprietor,Food & Restaurants,2024-09-15 00:00:00,0,0,XXXX2201,0,1,1799.62,0,0,9846,1,1,1,3,2
MCH-9847,"Krish, Rau and Parsa",05999,Retail Other,Private Limited,kolkata,West Bengal,2024/12/26,,Active,"₹1,027.86",MCH9847,5999,Private Limited,Other Retail,2024-12-26 00:00:00,0,0,,1,0,1027.86,0,0,9847,1,1,1,3,2
mch9848,B0rde Inc,,Retail,Private Limited,Hyderabad,Telangana,03/02/2024,0308046800,ACTIVE,1173.29,MCH9848,,Private Limited,Unknown,2024-02-03 00:00:00,0,0,0308046800,0,0,1173.29,0,0,9848,0,0,0,0,1
MCH9849,Jayaraman Inc,5942,BOOKS_STATIONERY,Individual,kolkata,West Bengal,1770775950,8602198402,Active,"INR 1,659.94",MCH9849,5942,Individual,Books & Stationery,2026-02-11 02:12:30,0,0,8602198402,0,0,1659.94,0,0,9849,0,0,0,0,1
MCH9853,Dhar-Raval,5912,Pharmacies,Sole Proprietor,kolkata,West Bengal,,,Live,795.17,MCH9853,5912,Sole Proprietor,Pharmacy & Medical,,1,0,,1,0,795.17,0,0,9853,0,0,0,0,1
MCH9855,Samra-Manda,4814,Mobile Recharge,PRIVATE_LIMITED,Chennai,Tamil Nadu,01/02/2025,PEIX9794404707965,ACTIVE,"INR 1,167.22",MCH9855,4814,Private Limited,Telecom,2025-02-01 00:00:00,0,0,PEIX9794404707965,0,1,1167.22,0,0,9855,0,0,0,0,1
MCH9856,"Gala, Nadig and Borra",5411,Grocery,partnership,Lucknow,Uttar Pradesh,13/10/2025 11:24 PM,DZVT3507500653540,A,1744.37,MCH9856,5411,Partnership,Grocery,2025-10-13 23:24:00,0,0,DZVT3507500653540,0,0,1744.37,0,0,9856,0,0,0,0,1
MCH-9857,Mitra-Bala,5311.0,Department Store,PARTNERSHIP,Bengaluru,Karnataka,1705278099,7322976024,Live,507.74,MCH9857,5311,Partnership,Department Stores,2024-01-15 00:21:39,0,0,7322976024,0,0,507.74,0,0,9857,0,0,0,0,1
MCH-9858,"Memon, Mohanty and Ghosh",MCC-4131,Transport,Sole Proprietor,Mumbai,Maharashtra,1765485812,WBRG3053362542372,Active,Rs. 911,MCH9858,4131,Sole Proprietor,Transportation,2025-12-11 20:43:32,0,0,WBRG3053362542372,0,0,911.0,0,0,9858,1,1,1,3,4
MCH9859,Mukherjee-Agate,5999.0,Other,Sole Proprietor,Jalandar,Punjab,,,Active,Rs. 158,MCH9859,5999,Sole Proprietor,Other Retail,,1,0,,1,0,158.0,0,0,9859,0,0,0,0,1
MCH 9861,"Mukherjee, Murthy and Jani",4131,Transport,PRIVATE-LIMITED,ludhiana,Punjab,06-22-2025,,A,719.77,MCH9861,4131,Private Limited,Transportation,2025-06-22 00:00:00,0,0,,1,0,719.77,0,0,9861,0,0,0,0,1
MCH9865,Minhas PLC,5942,Books,private_limited,Dilli,Delhi,29/11/2025,,ACTIVE,Rs. 334,MCH9865,5942,Private Limited,Books & Stationery,2025-11-29 00:00:00,0,0,,1,0,334.0,0,0,9865,0,0,0,0,1
MCH9866,Sane-Dar,4814,phone service,PARTNERSHIP,LKO,Uttar Pradesh,11-Apr-2024,,Live,910.27,MCH9866,4814,Partnership,Telecom,2024-04-11 00:00:00,0,0,,1,0,910.27,0,0,9866,1,1,1,3,2
MCH9867,TripathiLtd,MCC-5942,BOOKS_STATIONERY,Individual,HYDERABAD,Telangana,01/11/2024 12:43 AM,,ACTIVE,Rs. 936,MCH9867,5942,Individual,Books & Stationery,2024-11-01 00:43:00,0,0,,1,0,936.0,0,0,9867,1,1,1,3,2
MCH9868,"Narain, Dada and Panchal",4814,Telecom,SOLE-PROPRIETOR,pune,Maharashtra,02-28-2026,7391477397,INACTIVE,-236.45,MCH9868,4814,Sole Proprietor,Telecom,2026-02-28 00:00:00,0,0,7391477397,0,0,-236.45,0,1,9868,1,1,1,3,2
MCH9877,"Garde, Sabharwal and Prashad",5942,Stationery,PRIVATE-LIMITED,Hyd,Telangana,02-Mar-2024,9136330532,Live,1246.91,MCH9877,5942,Private Limited,Books & Stationery,2024-03-02 00:00:00,0,0,9136330532,0,0,1246.91,0,0,9877,1,1,0,2,2
9879,Venkataraman-Tata,4814,Mobile Recharge,INDIVIDUAL,LDH,Punjab,04/01/2024,5404250897,I,2839.66,9879,4814,Individual,Telecom,2024-01-04 00:00:00,0,0,5404250897,0,0,2839.66,0,0,9879,0,0,0,0,1
MCH9881,Kalla-Tara,5411.0,Grocery,private_limited,delhi,Delhi,10/04/2025,,Enabled,"INR 1,174.86",MCH9881,5411,Private Limited,Grocery,2025-04-10 00:00:00,0,0,,1,0,1174.86,0,0,9881,0,0,0,0,1
mch9882,  Joshi PLC  ,04814,Mobile Recharge,sole_proprietor,JPR,Rajasthan,,,Enabled,INR 320.23,MCH9882,4814,Sole Proprietor,Telecom,,1,0,,1,0,320.23,0,0,9882,0,0,0,0,1
MCH9883,"K0rpa1, Bera and Sachdeva",4814,phone service,PARTNERSHIP,BLR,Karnataka,08/07/2025,,Enabled,"₹1,595.57",MCH9883,4814,Partnership,Telecom,2025-07-08 00:00:00,0,0,,1,0,1595.57,0,0,9883,1,1,1,3,2
MCH9884,Sidhu Group,7011,HOTEL_LODGING,partnership,Chennai,Tamil Nadu,27/10/2023,PILQ9149941231060,Enabled,1570.58,MCH9884,7011,Partnership,Hotels & Hospitality,2023-10-27 00:00:00,0,0,PILQ9149941231060,0,0,1570.58,0,0,9884,0,0,0,0,1
MCH9888,"Contractor, Mohanty and Devi",5912,pharmacy,SOLE-PROPRIETOR,Madras,Tamil Nadu,23/09/2025 11:00 PM,XXXX3253,Suspended,1367.96,MCH9888,5912,Sole Proprietor,Pharmacy & Medical,2025-09-23 23:00:00,0,0,XXXX3253,0,1,1367.96,0,0,9888,1,0,1,2,4
MCH9896,Dave-Vasa,5311,Retail,Partnership,Poona,Maharashtra,30/09/2023,XXXX8599,Live,"₹3,148.67",MCH9896,5311,Partnership,Department Stores,2023-09-30 00:00:00,0,0,XXXX8599,0,1,3148.67,0,0,9896,1,1,1,3,2
MCH9897,Modi PLC,05699,Fashion,INDIVIDUAL,New Delhi,Delhi,06-01-2023,,Enabled,-1453.4,MCH9897,5699,Individual,Clothing,2023-06-01 00:00:00,0,0,,1,0,-1453.4,0,1,9897,0,0,0,0,1
9901,Oommen Ltd,07011,Hotel,Sole Proprietor,Hyd,Telangana,2025-10-01 18:50:10,XXXX3340,Closed,538.3,9901,7011,Sole Proprietor,Hotels & Hospitality,2025-10-01 18:50:10,0,0,XXXX3340,0,1,538.3,0,0,9901,0,0,0,0,1
MCH 9905,Pate1-S00d,7011,HOTEL_LODGING,Sole Proprietor,Jaipur,Rajasthan,2025/11/21,ZWIP5852637363100,Active,,MCH9905,7011,Sole Proprietor,Hotels & Hospitality,2025-11-21 00:00:00,0,0,ZWIP5852637363100,0,0,,1,0,9905,0,0,0,0,1
MCH9906,"Raj, Goda and Rastogi",05912,Pharmacy,Private Limited,Pune,Maharashtra,01-31-2025,2812012011,ACTIVE,543.33,MCH9906,5912,Private Limited,Pharmacy & Medical,2025-01-31 00:00:00,0,0,2812012011,0,0,543.33,0,0,9906,1,1,1,3,2
MCH9909,"Gade, Tiwari and Solanki",5699,CLOTHS,INDIVIDUAL,pune,Maharashtra,23/08/2024,XXXX1254,Active,2922.02,MCH9909,5699,Individual,Clothing,2024-08-23 00:00:00,0,0,XXXX1254,0,1,2922.02,0,0,9909,1,1,1,3,2
MCH9910,"Karan, Ram and Sengupta",5311,DEPT_STORE,INDIVIDUAL,DELHI,Delhi,10-14-2025,IIRT4821012999661,ACTIVE,191.17,MCH9910,5311,Individual,Department Stores,2025-10-14 00:00:00,0,0,IIRT4821012999661,0,0,191.17,0,0,9910,0,0,0,0,1
MCH9911,"Pal, Dash and Nagi",4131,Transport,INDIVIDUAL,MUMBAI,Maharashtra,28-Nov-2024,XXXX9114,Enabled,"₹1,474.73",MCH9911,4131,Individual,Transportation,2024-11-28 00:00:00,0,0,XXXX9114,0,1,1474.73,0,0,9911,0,0,0,0,1
9912,"Gade, Bajaj and Zachariah",7011,Hotels,Sole Proprietor,LDH,Punjab,22/02/2023 06:06 PM,,Active,Rs. 564,9912,7011,Sole Proprietor,Hotels & Hospitality,2023-02-22 18:06:00,0,0,,1,0,564.0,0,0,9912,0,0,0,0,1
MCH9913,Das Ltd,4814.0,phone service,Partnership,lucknow,Uttar Pradesh,2024/08/10,,Live,442.64,MCH9913,4814,Partnership,Telecom,2024-08-10 00:00:00,0,0,,1,0,442.64,0,0,9913,0,0,0,0,1
MCH9914,"Parmar, Sekhon and Kakar",4131.0,Bus/Taxi,PRIVATE_LIMITED,amritsar,Punjab,1765769438,1204552607,ACTIVE,"INR 1,356.48",MCH9914,4131,Private Limited,Transportation,2025-12-15 03:30:38,0,0,1204552607,0,0,1356.48,0,0,9914,1,1,1,3,2
MCH9916,"Sur, Palla and Goyal",04814,Telecom,PRIVATE-LIMITED,Pune,Maharashtra,2023-09-04 08:24:31,7186592814,Live,Rs. 282,MCH9916,4814,Private Limited,Telecom,2023-09-04 08:24:31,0,0,7186592814,0,0,282.0,0,0,9916,0,0,0,0,1
MCH9918,"Jha, Kumer and Srivastava",5699.0,CLOTHS,sole_proprietor,bengaluru,Karnataka,2024-01-16 02:34:09,UOAA2292690080709,Disabled,902.09,MCH9918,5699,Sole Proprietor,Clothing,2024-01-16 02:34:09,0,0,UOAA2292690080709,0,0,902.09,0,0,9918,1,1,1,3,2
MCH9919,"Ramaswamy,PallandBahri",05912,Pharmacy,PRIVATE_LIMITED,Mumbai,Maharashtra,2026/02/09,,A,1346.24,MCH9919,5912,Private Limited,Pharmacy & Medical,2026-02-09 00:00:00,0,0,,1,0,1346.24,0,0,9919,0,0,0,0,1
MCH 9920,Oommen-Mitra,5411,kirana,Private Limited,jaipur,Rajasthan,2024/01/17,7684049085,ACTIVE,₹767.57,MCH9920,5411,Private Limited,Grocery,2024-01-17 00:00:00,0,0,7684049085,0,0,767.57,0,0,9920,0,0,0,0,1
MCH9921,"Datta, Chatterjee and Khalsa",04131,Transport,PRIVATE-LIMITED,Bengaluru,Karnataka,22-Feb-2024,XXXX9256,Live,2964.42,MCH9921,4131,Private Limited,Transportation,2024-02-22 00:00:00,0,0,XXXX9256,0,1,2964.42,0,0,9921,0,0,0,0,1
MCH9922,Chand-Jain,5411,GROCERY_STORE,Partnership,Madras,Tamil Nadu,10-Sep-2023,XXXX1121,ACTIVE,"Rs. 1,800",MCH9922,5411,Partnership,Grocery,2023-09-10 00:00:00,0,0,XXXX1121,0,1,1800.0,0,0,9922,0,0,0,0,1
MCH 9927,"lall, bali and varughese",05812,Food,SOLE-PROPRIETOR,Lucknow,Uttar Pradesh,12-09-2025,IDZP0771497763313,Active,"Rs. 1,410",MCH9927,5812,Sole Proprietor,Food & Restaurants,2025-12-09 00:00:00,0,0,IDZP0771497763313,0,0,1410.0,0,0,9927,0,0,0,0,1
MCH9928,KrishnanInc,,Hospitality,PRIVATE-LIMITED,JPR,Rajasthan,1746512637,8263891927,Active,₹477.53,MCH9928,,Private Limited,Unknown,2025-05-06 06:23:57,0,0,8263891927,0,0,477.53,0,0,9928,1,0,1,2,2
mch9930,Kale LLC,5699,CLOTHS,SOLE_PROPRIETOR,jaipur,Rajasthan,,,Active,1917.92,MCH9930,5699,Sole Proprietor,Clothing,,1,0,,1,0,1917.92,0,0,9930,0,0,0,0,1
MCH9931,"Wadhwa, Loyal and Bhat",4814,Telecom,Partnership,LKO,Uttar Pradesh,2024-05-03 20:57:24,,Hold,-1226.34,MCH9931,4814,Partnership,Telecom,2024-05-03 20:57:24,0,0,,1,0,-1226.34,0,1,9931,1,1,1,3,2
MCH9933,Bali-Zachariah,5411,Grocery Stores,SOLE_PROPRIETOR,JPR,Rajasthan,07/06/2023,TWPF4694358713410,Live,"Rs. 1,549",MCH9933,5411,Sole Proprietor,Grocery,2023-06-07 00:00:00,0,0,TWPF4694358713410,0,0,1549.0,0,0,9933,0,0,0,0,1
MCH9935,Sahni-Barad,5999,Miscellaneous,PARTNERSHIP,delhi,Delhi,12/06/2023,,Live,"Rs. 1,444",MCH9935,5999,Partnership,Other Retail,2023-06-12 00:00:00,0,0,,1,0,1444.0,0,0,9935,0,0,0,0,1
MCH9937,"Sant, Dada and Biswas",4814,phone service,partnership,Hyd,Telangana,08-09-2023,,INACTIVE,Rs. 663,MCH9937,4814,Partnership,Telecom,2023-08-09 00:00:00,0,0,,1,0,663.0,0,0,9937,0,0,0,0,1
MCH9940,Mutti-Chakraborty,,Restaurants,PRIVATE_LIMITED,jaipur,Rajasthan,05-03-2024,,INACTIVE,"₹1,326.53",MCH9940,,Private Limited,Unknown,2024-05-03 00:00:00,0,0,,1,0,1326.53,0,0,9940,1,1,1,3,2
MCH9941,Bava and Sons,5999.0,Other,private_limited,Hyd,Telangana,02/12/2024 03:24 AM,8632655432,ACTIVE,-2534.64,MCH9941,5999,Private Limited,Other Retail,2024-12-02 03:24:00,0,0,8632655432,0,0,-2534.64,0,1,9941,1,1,1,3,2
MCH9942,"Sarma, Butala and Ganguly",5912,MEDICAL_STORE,SOLE-PROPRIETOR,LKO,Uttar Pradesh,1760581270,,Enabled,,MCH9942,5912,Sole Proprietor,Pharmacy & Medical,2025-10-16 02:21:10,0,0,,1,0,,1,0,9942,1,1,1,3,4
MCH9943,Mukhopadhyay-Kale,5699,Fashion,private_limited,Amritsar,Punjab,2025-11-30 15:51:23,HLRA9462438432419,A,2114.46,MCH9943,5699,Private Limited,Clothing,2025-11-30 15:51:23,0,0,HLRA9462438432419,0,0,2114.46,0,0,9943,0,0,0,0,1
MCH 9944,"Parikh, Mutti and Saha",4131,Transportation,partnership,jalandhar,Punjab,1754223766,YTTI1528625741410,Active,"1,826.64",MCH9944,4131,Partnership,Transportation,2025-08-03 12:22:46,0,0,YTTI1528625741410,0,0,1826.64,0,0,9944,0,0,0,0,1
MCH9945,"Pant, Hayre and Pathak",4814,Telecom,PRIVATE-LIMITED,jalandhar,Punjab,1752454609,XXXX5088,Enabled,INR 789.57,MCH9945,4814,Private Limited,Telecom,2025-07-14 00:56:49,0,0,XXXX5088,0,1,789.57,0,0,9945,0,0,0,0,1
MCH9946,Koshy Group,UNKNOWN,Stationery,PRIVATE-LIMITED,Hyderabad,Telangana,,XXXX9561,SUSPENDED,1728.0,MCH9946,,Private Limited,Unknown,,1,0,XXXX9561,0,1,1728.0,0,0,9946,1,1,1,3,2
MCH9947,Sarkar Ltd,5311,Department Stores,INDIVIDUAL,Ludhiana,Punjab,25-Jun-2023,GOFP4316530582610,A,,MCH9947,5311,Individual,Department Stores,2023-06-25 00:00:00,0,0,GOFP4316530582610,0,0,,1,0,9947,0,0,0,0,1
MCH9949,Lanka Ltd,4131,TRAVEL,SOLE_PROPRIETOR,ludhiana,Punjab,08/10/2024 12:24 AM,,A,4386.14,MCH9949,4131,Sole Proprietor,Transportation,2024-10-08 00:24:00,0,0,,1,0,4386.14,0,0,9949,1,1,1,3,2
mch9951,Natt Group,5912,Pharmacies,partnership,Madras,Tamil Nadu,05-Feb-2024,TSMH8783182679043,Enabled,1765.37,MCH9951,5912,Partnership,Pharmacy & Medical,2024-02-05 00:00:00,0,0,TSMH8783182679043,0,0,1765.37,0,0,9951,0,0,0,0,1
mch9952,Vig-Doctor,,TRAVEL,PRIVATE_LIMITED,lucknow,Uttar Pradesh,10-27-2024,XXXX8487,Live,856.86,MCH9952,,Private Limited,Unknown,2024-10-27 00:00:00,0,0,XXXX8487,0,1,856.86,0,0,9952,0,0,0,0,1
MCH 9954,"Dutta, J0ha1 and Char",5699,Apparel,Sole Proprietor,delhi,Delhi,12-23-2025,ERMO2255417001428,A,"3,148.72",MCH9954,5699,Sole Proprietor,Clothing,2025-12-23 00:00:00,0,0,ERMO2255417001428,0,0,3148.72,0,0,9954,1,0,1,2,2
MCH9955,NORI-NAZARETH,5699,Fashion,SOLE_PROPRIETOR,Delhi,Delhi,2024-05-22 02:32:54,,Hold,₹673.27,MCH9955,5699,Sole Proprietor,Clothing,2024-05-22 02:32:54,0,0,,1,0,673.27,0,0,9955,1,1,1,3,2
MCH9956,"Sanghvi, Ghose and Din",05311,Department Stores,PRIVATE-LIMITED,delhi,Delhi,29/11/2025 04:15 PM,,A,"₹2,309.81",MCH9956,5311,Private Limited,Department Stores,2025-11-29 16:15:00,0,0,,1,0,2309.81,0,0,9956,1,1,1,3,2
MCH9957,"Chatterjee, Goda and Saraf",4814,TELECOM,SOLE_PROPRIETOR,Ludhiana,Punjab,2025-05-10 05:24:35,XXXX6546,Enabled,533.81,MCH9957,4814,Sole Proprietor,Telecom,2025-05-10 05:24:35,0,0,XXXX6546,0,1,533.81,0,0,9957,1,1,1,3,2
MCH-9963,Mahajan and S0ns,5942,Book Store,PARTNERSHIP,JPR,Rajasthan,2025-01-19 07:33:36,7503956758,Live,"7,342.46",MCH9963,5942,Partnership,Books & Stationery,2025-01-19 07:33:36,0,0,7503956758,0,0,7342.46,0,0,9963,0,0,0,0,1
MCH-9964,Dua Inc,4131,Transportation,SOLE-PROPRIETOR,Mumbay,Maharashtra,06/02/2023,,INACTIVE,794.67,MCH9964,4131,Sole Proprietor,Transportation,2023-02-06 00:00:00,0,0,,1,0,794.67,0,0,9964,0,0,0,0,1
MCH9966,TOOR GROUP,,Retail Other,PARTNERSHIP,kolkata,West Bengal,2024/03/11,1428945380,A,681.04,MCH9966,,Partnership,Unknown,2024-03-11 00:00:00,0,0,1428945380,0,0,681.04,0,0,9966,1,1,0,2,2
MCH-9967,Kaul LLC,5812,eating place,Individual,Lucknow,Uttar Pradesh,12-23-2023,HXGW3877013830442,ACTIVE,"Rs. 4,200",MCH9967,5812,Individual,Food & Restaurants,2023-12-23 00:00:00,0,0,HXGW3877013830442,0,1,4200.0,0,0,9967,0,0,0,0,1
MCH9968,Kata-Bawa,5311,Department Stores,Private Limited,lucknow,Uttar Pradesh,2025-09-01 12:08:34,,ACTIVE,2070.31,MCH9968,5311,Private Limited,Department Stores,2025-09-01 12:08:34,0,0,,1,0,2070.31,0,0,9968,0,1,1,2,2
MCH 9969,Tiwari and Sons,05942,BOOKS_STATIONERY,private_limited,ludhiana,Punjab,15/01/2023,3536281860,Disabled,1542.28,MCH9969,5942,Private Limited,Books & Stationery,2023-01-15 00:00:00,0,0,3536281860,0,0,1542.28,0,0,9969,0,0,0,0,1
MCH9972,"Bakshi, Tata and Parmer",05311,Department Stores,sole_proprietor,Hyd,Telangana,14/08/2024,ATOC5117985834296,Active,"1,398.48",MCH9972,5311,Sole Proprietor,Department Stores,2024-08-14 00:00:00,0,0,ATOC5117985834296,0,0,1398.48,0,0,9972,0,0,0,0,1
MCH-9973,"Parsa, Loyal and Pai",4814,phone service,Partnership,LKO,Uttar Pradesh,19-Apr-2024,VRDN2962805644016,Enabled,"INR 1,836.29",MCH9973,4814,Partnership,Telecom,2024-04-19 00:00:00,0,0,VRDN2962805644016,0,0,1836.29,0,0,9973,0,0,0,0,1
MCH 9975,Nadkarni-Sane,5999,misc retail,SOLE-PROPRIETOR,New Delhi,Delhi,02-Aug-2025,XXXX7415,Suspended,"INR 4,465.19",MCH9975,5999,Sole Proprietor,Other Retail,2025-08-02 00:00:00,0,0,XXXX7415,0,1,4465.19,0,0,9975,0,0,1,1,2
MCH9977,Mohanty-Desai,4814,Telecom,SOLE_PROPRIETOR,Mumbai,Maharashtra,13-Feb-2023,0069594001,A,845.52,MCH9977,4814,Sole Proprietor,Telecom,2023-02-13 00:00:00,0,0,0069594001,0,0,845.52,0,0,9977,0,0,0,0,1
MCH9979,"Bandi, Gupta and Sarma",4131,Transportation,PRIVATE_LIMITED,Ludhiana,Punjab,13/04/2023,,Blocked,-979.52,MCH9979,4131,Private Limited,Transportation,2023-04-13 00:00:00,0,0,,1,0,-979.52,0,1,9979,0,0,0,0,1
MCH9983,bhagat group,5411,GROCERY_STORE,individual,pune,Maharashtra,2025/11/27,XXXX2568,Active,"3,669.57",MCH9983,5411,Individual,Grocery,2025-11-27 00:00:00,0,0,XXXX2568,0,1,3669.57,0,0,9983,0,0,0,0,1
MCH9984,"Dash, Radhakrishnan and Singh",4131,Transport,SOLE_PROPRIETOR,ASR,Punjab,01-Nov-2025,4065235597,ACTIVE,INR 956.87,MCH9984,4131,Sole Proprietor,Transportation,2025-11-01 00:00:00,0,0,4065235597,0,0,956.87,0,0,9984,1,1,1,3,2
MCH9986,tak ltd,4131,transprt,Partnership,DELHI,Delhi,2025/01/21,PVFQ1310778139722,ACTIVE,-1750.99,MCH9986,4131,Partnership,Transportation,2025-01-21 00:00:00,0,0,PVFQ1310778139722,0,0,-1750.99,0,1,9986,0,0,0,0,1
MCH-9988,"Johal, Padmanabhan and Sagar",,Medical,Individual,Dilli,Delhi,02/02/2026,,A,"₹1,620.14",MCH9988,,Individual,Unknown,2026-02-02 00:00:00,0,0,,1,0,1620.14,0,0,9988,0,0,0,0,1
MCH9990,Mishra Inc,5912.0,MEDICAL_STORE,PRIVATE_LIMITED,Mumbay,Maharashtra,18-Feb-2023,XXXX3137,Live,₹970.05,MCH9990,5912,Private Limited,Pharmacy & Medical,2023-02-18 00:00:00,0,0,XXXX3137,0,1,970.05,0,0,9990,0,0,0,0,1
MCH9992,Rajagopalan PLC,07011,hotel_lodging,Sole Proprietor,Bengaluru,Karnataka,07-Feb-2024,5652803993,Active,₹577.93,MCH9992,7011,Sole Proprietor,Hotels & Hospitality,2024-02-07 00:00:00,0,0,5652803993,0,0,577.93,0,0,9992,0,0,1,1,2
MCH 9993,Chadha-Tailor,5942,Book Store,private_limited,Ludhiana,Punjab,05-Jan-2026,,Inactive,2368.65,MCH9993,5942,Private Limited,Books & Stationery,2026-01-05 00:00:00,0,0,,1,0,2368.65,0,0,9993,0,0,0,0,1
MCH9994,"Barad, Lall and Shetty",5942.0,Stationery,partnership,delhi,Delhi,2026/01/13,5940602579,Active,1588.48,MCH9994,5942,Partnership,Books & Stationery,2026-01-13 00:00:00,0,0,5940602579,0,0,1588.48,0,0,9994,0,0,0,0,1
MCH9995,ben-krish,,Retail,sole_proprietor,Pune,Maharashtra,11/09/2025 08:22 PM,FLBG6350605755281,Enabled,2919.94,MCH9995,,Sole Proprietor,Unknown,2025-09-11 20:22:00,0,0,FLBG6350605755281,0,0,2919.94,0,0,9995,0,0,0,0,1
MCH 9996,Kala-Nadkarni,5699,Apparel,PRIVATE-LIMITED,Dilli,Delhi,03/01/2023,XXXX7769,Active,628.11,MCH9996,5699,Private Limited,Clothing,2023-01-03 00:00:00,0,0,XXXX7769,0,1,628.11,0,0,9996,0,0,0,0,1
MCH 9997,"Kalita, Dass and Balay",MCC-5999,Misc Retail,individual,ludhiana,Punjab,07-12-2023,XXXX2557,Live,2233.91,MCH9997,5999,Individual,Other Retail,2023-07-12 00:00:00,0,0,XXXX2557,0,1,2233.91,0,0,9997,0,0,0,0,2
9999,"KONDA, SUBRAMANIAN AND RAU",5999,Retail Other,Individual,MUMBAI,Maharashtra,16/01/2024 08:59 PM,,Active,Rs. 510,9999,5999,Individual,Other Retail,2024-01-16 20:59:00,0,0,,1,0,510.0,0,0,9999,0,0,0,0,1
